Unit_ID,Cycle,Life_Cycles,Vibration_mm_s,Temperature_C,Current_A,RPM,Bearing_Noise_dB,Load_Factor,RUL,RUL_clipped,Risk_Level
1,1,175,1.5,45.32,11.73,1474.67,54.9,0.978,174,130,Low
1,2,175,1.4,45.02,11.91,1477.71,55.5,0.978,173,130,Low
1,3,175,1.69,44.21,12.3,1486.45,55.34,0.978,172,130,Low
1,4,175,1.48,45.71,11.79,1483.86,54.73,0.978,171,130,Low
1,5,175,1.56,44.57,11.98,1484.22,54.07,0.978,170,130,Low
1,6,175,1.35,46.92,11.91,1479.13,55.26,0.978,169,130,Low
1,7,175,1.45,43.64,11.53,1482.77,55.25,0.978,168,130,Low
1,8,175,1.48,43.47,11.61,1472.17,54.4,0.978,167,130,Low
1,9,175,1.79,45.08,11.69,1484.8,56.03,0.978,166,130,Low
1,10,175,1.39,46.18,11.93,1486.67,55.54,0.978,165,130,Low
1,11,175,1.58,45.02,12.11,1474.03,55.66,0.978,164,130,Low
1,12,175,1.53,44.9,11.72,1487.45,55.77,0.978,163,130,Low
1,13,175,1.52,46.03,11.9,1487.59,55.04,0.978,162,130,Low
1,14,175,1.75,46.12,11.89,1486.4,55.07,0.978,161,130,Low
1,15,175,1.4,44.98,12.01,1488.35,55.21,0.978,160,130,Low
1,16,175,1.49,44.36,11.82,1471.41,54.12,0.978,159,130,Low
1,17,175,1.44,44.66,12.29,1477.67,55.41,0.978,158,130,Low
1,18,175,1.67,42.4,11.89,1483.72,55.04,0.978,157,130,Low
1,19,175,1.53,46.41,11.92,1472.46,54.84,0.978,156,130,Low
1,20,175,1.68,44.12,12.11,1481.47,55.85,0.978,155,130,Low
1,21,175,1.7,44.95,11.46,1486.84,54.17,0.978,154,130,Low
1,22,175,1.53,46.13,12.71,1469.0,55.04,0.978,153,130,Low
1,23,175,1.58,45.2,12.4,1487.66,54.4,0.978,152,130,Low
1,24,175,1.58,45.67,12.0,1486.94,54.53,0.978,151,130,Low
1,25,175,1.28,44.63,12.37,1479.79,55.7,0.978,150,130,Low
1,26,175,1.6,43.61,12.1,1479.9,54.61,0.978,149,130,Low
1,27,175,1.56,45.6,12.0,1475.54,54.91,0.978,148,130,Low
1,28,175,1.53,44.76,12.36,1477.06,55.8,0.978,147,130,Low
1,29,175,1.32,46.87,11.81,1482.78,55.89,0.978,146,130,Low
1,30,175,1.47,45.81,11.84,1470.1,55.29,0.978,145,130,Low
1,31,175,1.6,47.14,12.24,1489.08,54.91,0.978,144,130,Low
1,32,175,1.76,45.32,11.71,1476.04,55.43,0.978,143,130,Low
1,33,175,1.54,45.98,12.12,1470.38,55.84,0.978,142,130,Low
1,34,175,1.97,45.21,12.5,1476.33,55.86,0.978,141,130,Low
1,35,175,1.69,44.35,12.0,1475.14,54.74,0.978,140,130,Low
1,36,175,1.73,45.96,11.98,1474.53,56.48,0.978,139,130,Low
1,37,175,1.82,44.73,12.11,1489.86,55.57,0.978,138,130,Low
1,38,175,1.82,45.49,11.64,1476.65,55.36,0.978,137,130,Low
1,39,175,1.68,45.72,12.5,1470.98,54.57,0.978,136,130,Low
1,40,175,1.76,46.17,12.05,1473.15,54.88,0.978,135,130,Low
1,41,175,1.88,46.09,12.58,1477.7,55.54,0.978,134,130,Low
1,42,175,1.6,47.29,12.45,1470.87,55.98,0.978,133,130,Low
1,43,175,1.56,45.55,12.46,1466.63,56.74,0.978,132,130,Low
1,44,175,1.82,45.42,12.62,1478.83,54.86,0.978,131,130,Low
1,45,175,1.94,45.11,12.23,1481.06,55.19,0.978,130,130,Low
1,46,175,1.65,46.6,12.16,1481.95,54.9,0.978,129,129,Low
1,47,175,1.85,46.99,12.34,1473.54,55.09,0.978,128,128,Low
1,48,175,1.64,45.38,12.37,1476.52,55.34,0.978,127,127,Low
1,49,175,1.86,46.05,12.42,1468.96,55.91,0.978,126,126,Low
1,50,175,1.79,44.08,12.41,1477.13,56.1,0.978,125,125,Low
1,51,175,1.83,45.82,11.72,1472.41,55.05,0.978,124,124,Low
1,52,175,1.79,45.21,12.11,1473.54,55.49,0.978,123,123,Low
1,53,175,1.73,47.89,12.4,1460.61,55.46,0.978,122,122,Low
1,54,175,1.88,45.67,12.41,1475.14,56.15,0.978,121,121,Low
1,55,175,2.03,45.01,12.6,1477.37,54.35,0.978,120,120,Low
1,56,175,1.72,46.26,12.33,1478.16,56.73,0.978,119,119,Low
1,57,175,1.93,46.6,12.49,1475.77,56.08,0.978,118,118,Low
1,58,175,2.03,47.61,12.32,1477.57,55.19,0.978,117,117,Low
1,59,175,1.84,46.86,12.33,1475.63,55.04,0.978,116,116,Low
1,60,175,2.03,46.89,12.65,1461.04,56.18,0.978,115,115,Low
1,61,175,1.93,47.9,12.36,1473.9,56.56,0.978,114,114,Low
1,62,175,2.06,47.04,12.21,1471.18,56.2,0.978,113,113,Low
1,63,175,2.01,46.74,12.42,1472.74,56.8,0.978,112,112,Low
1,64,175,2.12,46.84,12.72,1458.42,56.72,0.978,111,111,Low
1,65,175,1.98,47.48,12.29,1471.26,56.54,0.978,110,110,Low
1,66,175,1.75,47.61,12.34,1470.48,56.75,0.978,109,109,Low
1,67,175,2.09,47.75,12.6,1471.04,56.3,0.978,108,108,Low
1,68,175,1.98,48.67,12.42,1466.58,56.49,0.978,107,107,Low
1,69,175,2.01,48.98,12.5,1474.75,55.83,0.978,106,106,Low
1,70,175,2.11,47.34,12.72,1475.79,56.41,0.978,105,105,Low
1,71,175,2.08,47.18,13.16,1467.57,57.34,0.978,104,104,Low
1,72,175,2.06,48.7,12.58,1454.86,57.14,0.978,103,103,Low
1,73,175,2.2,48.81,12.65,1469.72,57.21,0.978,102,102,Low
1,74,175,2.21,48.0,12.4,1464.91,57.22,0.978,101,101,Low
1,75,175,2.16,49.46,12.87,1456.98,56.23,0.978,100,100,Low
1,76,175,2.48,48.37,12.41,1469.77,56.12,0.978,99,99,Low
1,77,175,2.36,48.89,12.91,1469.3,57.75,0.978,98,98,Low
1,78,175,2.21,48.92,12.53,1461.49,57.59,0.978,97,97,Low
1,79,175,2.42,49.82,12.87,1460.41,57.58,0.978,96,96,Low
1,80,175,2.44,49.34,12.78,1458.46,57.32,0.978,95,95,Low
1,81,175,2.52,49.11,12.81,1458.26,57.62,0.978,94,94,Low
1,82,175,2.45,50.75,13.14,1471.67,56.42,0.978,93,93,Low
1,83,175,2.46,49.35,13.06,1465.38,57.49,0.978,92,92,Low
1,84,175,2.53,49.29,13.25,1452.21,58.79,0.978,91,91,Low
1,85,175,2.59,48.17,12.57,1445.87,59.05,0.978,90,90,Low
1,86,175,2.39,50.0,12.91,1464.28,56.63,0.978,89,89,Low
1,87,175,2.59,50.21,12.7,1450.89,59.1,0.978,88,88,Low
1,88,175,2.4,50.25,13.02,1466.0,58.06,0.978,87,87,Low
1,89,175,2.61,51.52,12.96,1459.94,58.32,0.978,86,86,Low
1,90,175,2.73,51.22,13.16,1447.09,58.32,0.978,85,85,Low
1,91,175,2.83,50.79,12.81,1455.29,58.99,0.978,84,84,Low
1,92,175,2.92,50.05,13.21,1457.46,57.94,0.978,83,83,Low
1,93,175,2.8,51.31,12.86,1463.34,59.05,0.978,82,82,Low
1,94,175,2.84,51.14,12.94,1455.32,58.52,0.978,81,81,Low
1,95,175,2.98,51.86,13.49,1448.98,59.35,0.978,80,80,Low
1,96,175,2.84,51.47,13.19,1452.42,59.03,0.978,79,79,Low
1,97,175,2.84,51.91,12.87,1450.63,58.51,0.978,78,78,Low
1,98,175,3.21,51.64,13.39,1447.22,59.23,0.978,77,77,Low
1,99,175,2.84,53.05,13.2,1456.56,59.14,0.978,76,76,Low
1,100,175,3.3,52.04,12.67,1455.09,60.84,0.978,75,75,Low
1,101,175,3.19,53.02,13.26,1446.3,59.39,0.978,74,74,Low
1,102,175,3.13,51.6,13.55,1455.12,59.06,0.978,73,73,Low
1,103,175,3.1,53.96,13.39,1439.89,59.1,0.978,72,72,Low
1,104,175,3.13,53.61,13.83,1449.25,59.06,0.978,71,71,Low
1,105,175,3.23,52.82,13.51,1455.84,59.25,0.978,70,70,Low
1,106,175,3.32,52.86,13.5,1448.31,59.49,0.978,69,69,Low
1,107,175,3.34,53.45,14.26,1460.33,59.64,0.978,68,68,Low
1,108,175,3.42,54.72,13.77,1450.13,60.58,0.978,67,67,Low
1,109,175,3.46,52.79,13.85,1447.71,59.87,0.978,66,66,Low
1,110,175,3.48,53.44,13.88,1444.67,61.18,0.978,65,65,Low
1,111,175,3.58,54.03,13.95,1434.16,60.11,0.978,64,64,Low
1,112,175,3.44,53.86,13.88,1436.64,60.93,0.978,63,63,Low
1,113,175,3.82,53.97,13.58,1431.99,59.77,0.978,62,62,Low
1,114,175,3.62,55.28,13.9,1436.58,60.4,0.978,61,61,Low
1,115,175,3.96,54.71,14.27,1455.11,62.05,0.978,60,60,Low
1,116,175,3.82,54.68,13.92,1439.07,61.35,0.978,59,59,Low
1,117,175,3.93,54.94,13.99,1446.38,61.98,0.978,58,58,Low
1,118,175,3.88,55.93,13.38,1441.27,60.89,0.978,57,57,Low
1,119,175,3.86,57.21,14.15,1437.82,60.84,0.978,56,56,Low
1,120,175,4.11,55.47,14.36,1438.03,61.58,0.978,55,55,Low
1,121,175,4.04,57.33,14.13,1424.34,62.04,0.978,54,54,Low
1,122,175,3.96,56.76,14.37,1428.16,61.3,0.978,53,53,Low
1,123,175,4.2,55.91,13.85,1429.32,62.81,0.978,52,52,Low
1,124,175,4.27,56.73,14.14,1437.04,62.15,0.978,51,51,Low
1,125,175,4.44,57.24,14.11,1430.8,63.97,0.978,50,50,Low
1,126,175,4.31,57.47,14.29,1426.98,62.83,0.978,49,49,Low
1,127,175,4.42,59.19,14.07,1429.48,62.2,0.978,48,48,Low
1,128,175,4.28,58.21,15.04,1436.64,62.0,0.978,47,47,Low
1,129,175,4.35,59.55,14.52,1415.98,63.55,0.978,46,46,Low
1,130,175,4.42,58.05,14.28,1418.86,63.8,0.978,45,45,Low
1,131,175,4.73,58.88,14.49,1426.44,64.44,0.978,44,44,Low
1,132,175,4.6,60.68,14.54,1429.73,63.8,0.978,43,43,Low
1,133,175,4.89,58.32,14.64,1425.14,63.17,0.978,42,42,Low
1,134,175,4.88,58.2,14.62,1422.62,63.72,0.978,41,41,Low
1,135,175,4.77,60.95,15.04,1425.18,64.57,0.978,40,40,Medium
1,136,175,4.93,62.35,14.6,1417.07,64.02,0.978,39,39,Medium
1,137,175,4.83,61.0,14.94,1410.14,65.0,0.978,38,38,Medium
1,138,175,4.83,62.83,14.75,1407.69,65.17,0.978,37,37,Medium
1,139,175,5.11,61.36,15.48,1420.21,64.02,0.978,36,36,Medium
1,140,175,5.02,61.21,15.25,1410.44,66.14,0.978,35,35,Medium
1,141,175,5.22,62.29,15.28,1412.7,64.16,0.978,34,34,Medium
1,142,175,5.34,62.76,15.38,1418.46,64.72,0.978,33,33,Medium
1,143,175,5.25,63.19,15.26,1399.15,66.48,0.978,32,32,Medium
1,144,175,5.2,63.68,15.29,1409.08,66.45,0.978,31,31,Medium
1,145,175,5.42,64.16,14.91,1413.79,66.1,0.978,30,30,Medium
1,146,175,5.61,64.08,15.49,1418.39,65.69,0.978,29,29,Medium
1,147,175,5.56,64.85,15.34,1394.68,68.14,0.978,28,28,Medium
1,148,175,5.62,63.89,15.29,1407.58,66.74,0.978,27,27,Medium
1,149,175,5.72,63.46,15.41,1406.18,66.83,0.978,26,26,Medium
1,150,175,5.72,62.86,15.7,1401.55,67.37,0.978,25,25,Medium
1,151,175,5.95,65.19,15.84,1392.11,66.86,0.978,24,24,Medium
1,152,175,5.83,66.79,15.68,1403.22,66.54,0.978,23,23,Medium
1,153,175,6.01,64.2,15.77,1392.07,67.04,0.978,22,22,Medium
1,154,175,6.05,65.39,15.54,1395.76,68.45,0.978,21,21,Medium
1,155,175,5.99,66.54,15.84,1392.62,68.19,0.978,20,20,Medium
1,156,175,6.21,67.73,16.09,1402.82,68.02,0.978,19,19,Medium
1,157,175,6.33,68.64,16.3,1382.5,68.96,0.978,18,18,Medium
1,158,175,6.33,67.75,16.05,1399.67,68.49,0.978,17,17,Medium
1,159,175,6.51,68.12,16.32,1385.96,69.13,0.978,16,16,Medium
1,160,175,6.74,67.87,16.51,1375.91,68.53,0.978,15,15,High
1,161,175,6.56,68.88,16.11,1392.06,69.06,0.978,14,14,High
1,162,175,6.72,69.16,16.43,1390.03,68.93,0.978,13,13,High
1,163,175,6.87,70.46,16.6,1377.33,68.86,0.978,12,12,High
1,164,175,6.94,69.58,16.65,1378.1,70.76,0.978,11,11,High
1,165,175,6.97,71.41,16.68,1375.62,70.19,0.978,10,10,High
1,166,175,7.07,71.55,16.76,1378.74,70.25,0.978,9,9,High
1,167,175,6.95,71.47,16.37,1381.61,71.0,0.978,8,8,High
1,168,175,7.27,71.6,16.83,1362.59,70.72,0.978,7,7,High
1,169,175,7.19,72.52,17.05,1361.4,72.37,0.978,6,6,High
1,170,175,7.39,72.19,17.13,1364.51,71.86,0.978,5,5,High
1,171,175,7.38,72.73,16.61,1358.65,72.04,0.978,4,4,High
1,172,175,7.59,71.44,17.3,1371.76,72.67,0.978,3,3,High
1,173,175,7.78,74.02,17.08,1374.31,72.27,0.978,2,2,High
1,174,175,7.66,74.24,17.24,1363.37,72.43,0.978,1,1,High
1,175,175,7.84,74.99,17.55,1362.16,72.4,0.978,0,0,High
2,1,215,1.33,45.57,12.04,1477.25,54.44,0.903,214,130,Low
2,2,215,1.77,44.67,12.06,1487.42,55.17,0.903,213,130,Low
2,3,215,1.38,45.7,12.38,1477.5,54.93,0.903,212,130,Low
2,4,215,1.45,44.27,11.96,1479.68,55.37,0.903,211,130,Low
2,5,215,1.32,45.38,11.97,1477.32,54.66,0.903,210,130,Low
2,6,215,1.44,45.42,11.97,1484.69,55.28,0.903,209,130,Low
2,7,215,1.43,45.87,11.69,1488.2,56.09,0.903,208,130,Low
2,8,215,1.72,45.63,12.02,1484.78,54.38,0.903,207,130,Low
2,9,215,1.42,45.06,11.46,1477.62,53.96,0.903,206,130,Low
2,10,215,1.55,45.23,12.1,1482.93,54.6,0.903,205,130,Low
2,11,215,1.35,45.54,12.18,1473.76,54.3,0.903,204,130,Low
2,12,215,1.5,45.54,12.1,1480.68,55.33,0.903,203,130,Low
2,13,215,1.49,45.85,12.18,1476.66,55.61,0.903,202,130,Low
2,14,215,1.57,45.06,11.87,1489.34,54.93,0.903,201,130,Low
2,15,215,1.5,43.56,11.88,1481.8,55.05,0.903,200,130,Low
2,16,215,1.53,44.59,11.89,1477.55,55.46,0.903,199,130,Low
2,17,215,1.54,45.68,12.51,1487.05,55.15,0.903,198,130,Low
2,18,215,1.28,44.14,11.85,1473.7,54.83,0.903,197,130,Low
2,19,215,1.51,44.88,11.85,1468.59,55.19,0.903,196,130,Low
2,20,215,1.46,45.64,11.76,1476.23,54.38,0.903,195,130,Low
2,21,215,1.48,44.77,11.67,1465.38,54.88,0.903,194,130,Low
2,22,215,1.55,44.37,11.7,1477.06,54.89,0.903,193,130,Low
2,23,215,1.77,44.23,11.59,1480.29,54.79,0.903,192,130,Low
2,24,215,1.62,45.92,11.88,1482.39,55.09,0.903,191,130,Low
2,25,215,1.48,44.89,12.14,1480.54,54.99,0.903,190,130,Low
2,26,215,1.38,44.06,11.66,1483.62,55.06,0.903,189,130,Low
2,27,215,1.49,43.87,12.19,1476.08,53.94,0.903,188,130,Low
2,28,215,1.49,44.82,11.83,1485.46,55.49,0.903,187,130,Low
2,29,215,1.32,46.63,11.71,1490.53,55.11,0.903,186,130,Low
2,30,215,1.49,44.89,12.23,1478.05,54.78,0.903,185,130,Low
2,31,215,1.41,46.33,12.2,1484.0,55.02,0.903,184,130,Low
2,32,215,1.38,45.24,12.4,1478.26,56.33,0.903,183,130,Low
2,33,215,1.6,43.96,12.03,1485.94,54.43,0.903,182,130,Low
2,34,215,1.56,45.03,12.14,1477.16,54.47,0.903,181,130,Low
2,35,215,1.41,46.38,11.95,1489.67,55.21,0.903,180,130,Low
2,36,215,1.47,46.26,12.04,1469.81,54.97,0.903,179,130,Low
2,37,215,1.58,45.5,11.93,1482.72,54.93,0.903,178,130,Low
2,38,215,1.76,46.23,11.97,1485.14,55.43,0.903,177,130,Low
2,39,215,1.63,45.55,11.82,1485.16,55.11,0.903,176,130,Low
2,40,215,1.5,44.99,12.16,1475.71,54.9,0.903,175,130,Low
2,41,215,1.52,45.65,12.33,1474.92,54.89,0.903,174,130,Low
2,42,215,1.39,45.81,12.39,1476.91,54.68,0.903,173,130,Low
2,43,215,1.6,45.9,12.1,1481.25,55.61,0.903,172,130,Low
2,44,215,1.71,45.63,11.95,1479.68,55.18,0.903,171,130,Low
2,45,215,1.87,45.91,11.96,1476.25,54.4,0.903,170,130,Low
2,46,215,1.7,45.81,12.55,1474.23,55.14,0.903,169,130,Low
2,47,215,1.65,44.95,12.09,1473.66,56.04,0.903,168,130,Low
2,48,215,1.66,47.72,12.16,1475.08,55.72,0.903,167,130,Low
2,49,215,1.65,45.44,11.88,1465.16,54.67,0.903,166,130,Low
2,50,215,1.67,45.45,12.52,1485.52,55.3,0.903,165,130,Low
2,51,215,1.62,45.45,12.09,1470.84,55.93,0.903,164,130,Low
2,52,215,1.88,46.04,12.18,1476.17,54.4,0.903,163,130,Low
2,53,215,1.73,46.42,12.24,1478.56,55.09,0.903,162,130,Low
2,54,215,1.77,45.97,12.4,1477.32,56.45,0.903,161,130,Low
2,55,215,1.71,45.43,11.97,1485.95,55.38,0.903,160,130,Low
2,56,215,1.68,45.59,12.17,1483.29,55.57,0.903,159,130,Low
2,57,215,1.8,45.87,12.09,1475.1,55.79,0.903,158,130,Low
2,58,215,1.67,46.93,11.86,1483.4,55.19,0.903,157,130,Low
2,59,215,1.95,47.03,12.05,1459.19,56.64,0.903,156,130,Low
2,60,215,1.71,46.79,12.04,1477.24,54.26,0.903,155,130,Low
2,61,215,1.72,46.62,12.17,1473.13,55.8,0.903,154,130,Low
2,62,215,1.78,46.32,12.18,1470.65,55.46,0.903,153,130,Low
2,63,215,1.66,46.71,12.1,1475.62,55.9,0.903,152,130,Low
2,64,215,1.85,47.29,12.46,1484.34,55.23,0.903,151,130,Low
2,65,215,1.86,44.78,12.6,1474.68,55.7,0.903,150,130,Low
2,66,215,1.93,45.99,12.38,1468.27,55.45,0.903,149,130,Low
2,67,215,1.96,46.88,12.05,1473.98,57.19,0.903,148,130,Low
2,68,215,2.0,46.45,12.43,1480.77,55.68,0.903,147,130,Low
2,69,215,1.78,46.87,12.24,1477.01,56.52,0.903,146,130,Low
2,70,215,2.22,45.76,12.32,1469.42,56.04,0.903,145,130,Low
2,71,215,1.77,48.42,12.21,1470.73,55.76,0.903,144,130,Low
2,72,215,1.69,47.53,11.89,1470.83,56.36,0.903,143,130,Low
2,73,215,1.87,44.31,12.53,1478.36,55.3,0.903,142,130,Low
2,74,215,1.82,46.63,12.5,1468.8,56.3,0.903,141,130,Low
2,75,215,1.92,45.03,12.49,1474.64,56.13,0.903,140,130,Low
2,76,215,1.87,47.4,12.83,1474.05,56.4,0.903,139,130,Low
2,77,215,2.01,47.1,12.61,1470.29,55.68,0.903,138,130,Low
2,78,215,1.96,48.09,12.04,1465.62,56.67,0.903,137,130,Low
2,79,215,1.87,47.69,12.23,1477.92,56.61,0.903,136,130,Low
2,80,215,1.78,47.41,12.75,1467.46,57.55,0.903,135,130,Low
2,81,215,1.88,47.35,12.78,1466.58,57.06,0.903,134,130,Low
2,82,215,2.15,47.7,12.75,1474.27,56.26,0.903,133,130,Low
2,83,215,2.15,46.65,13.19,1479.1,56.97,0.903,132,130,Low
2,84,215,2.03,47.71,12.43,1469.44,57.21,0.903,131,130,Low
2,85,215,2.13,48.11,12.37,1465.81,57.11,0.903,130,130,Low
2,86,215,2.32,48.35,12.55,1468.11,55.27,0.903,129,129,Low
2,87,215,2.06,47.8,12.26,1468.85,57.11,0.903,128,128,Low
2,88,215,2.3,47.93,12.77,1474.49,57.1,0.903,127,127,Low
2,89,215,2.17,48.09,12.67,1472.5,55.82,0.903,126,126,Low
2,90,215,2.38,47.57,12.55,1460.0,56.27,0.903,125,125,Low
2,91,215,2.13,47.49,12.85,1466.43,57.2,0.903,124,124,Low
2,92,215,2.02,46.82,12.79,1469.7,57.04,0.903,123,123,Low
2,93,215,2.34,47.92,12.8,1471.87,57.29,0.903,122,122,Low
2,94,215,2.28,48.9,12.72,1464.48,57.35,0.903,121,121,Low
2,95,215,2.53,49.19,12.26,1460.79,57.75,0.903,120,120,Low
2,96,215,2.36,49.83,12.73,1462.86,56.96,0.903,119,119,Low
2,97,215,2.39,47.17,12.57,1465.33,57.75,0.903,118,118,Low
2,98,215,2.42,49.45,12.68,1469.45,57.9,0.903,117,117,Low
2,99,215,2.28,48.3,12.43,1465.59,56.74,0.903,116,116,Low
2,100,215,2.27,50.01,12.57,1459.97,57.62,0.903,115,115,Low
2,101,215,2.42,49.71,12.79,1457.61,57.55,0.903,114,114,Low
2,102,215,2.29,48.96,12.41,1471.09,56.89,0.903,113,113,Low
2,103,215,2.58,49.3,12.76,1466.81,59.08,0.903,112,112,Low
2,104,215,2.6,49.53,12.93,1460.34,58.15,0.903,111,111,Low
2,105,215,2.45,49.15,12.97,1450.55,58.26,0.903,110,110,Low
2,106,215,2.31,50.08,13.04,1466.63,57.28,0.903,109,109,Low
2,107,215,2.6,48.05,13.0,1453.4,58.03,0.903,108,108,Low
2,108,215,2.55,49.48,12.19,1472.22,58.07,0.903,107,107,Low
2,109,215,2.56,50.34,12.83,1460.57,57.75,0.903,106,106,Low
2,110,215,2.47,51.17,13.11,1459.48,58.4,0.903,105,105,Low
2,111,215,2.9,50.49,12.94,1458.88,58.16,0.903,104,104,Low
2,112,215,2.71,50.44,13.05,1444.09,58.67,0.903,103,103,Low
2,113,215,2.69,51.1,12.76,1459.82,57.09,0.903,102,102,Low
2,114,215,2.59,51.89,12.87,1453.42,58.0,0.903,101,101,Low
2,115,215,2.75,50.5,12.97,1463.18,59.2,0.903,100,100,Low
2,116,215,2.9,51.18,13.13,1464.36,59.19,0.903,99,99,Low
2,117,215,2.73,51.89,12.71,1450.3,58.44,0.903,98,98,Low
2,118,215,2.69,51.88,13.4,1461.88,59.27,0.903,97,97,Low
2,119,215,2.92,52.69,13.17,1459.39,57.77,0.903,96,96,Low
2,120,215,2.79,51.16,13.11,1457.32,58.25,0.903,95,95,Low
2,121,215,2.91,51.68,13.0,1453.8,57.79,0.903,94,94,Low
2,122,215,2.89,53.4,13.31,1452.95,58.62,0.903,93,93,Low
2,123,215,3.02,51.29,13.55,1452.34,58.7,0.903,92,92,Low
2,124,215,3.05,51.24,13.58,1450.21,59.08,0.903,91,91,Low
2,125,215,3.08,52.57,12.9,1468.2,59.99,0.903,90,90,Low
2,126,215,2.82,51.0,13.44,1449.98,60.09,0.903,89,89,Low
2,127,215,3.13,50.67,13.07,1450.68,58.65,0.903,88,88,Low
2,128,215,2.92,52.57,13.2,1442.09,59.66,0.903,87,87,Low
2,129,215,3.19,52.68,13.76,1448.81,58.78,0.903,86,86,Low
2,130,215,3.15,53.92,13.64,1441.43,59.01,0.903,85,85,Low
2,131,215,3.13,54.59,13.68,1457.75,58.6,0.903,84,84,Low
2,132,215,3.17,53.72,13.96,1459.4,59.73,0.903,83,83,Low
2,133,215,3.03,52.66,13.1,1441.55,59.22,0.903,82,82,Low
2,134,215,3.35,53.72,13.91,1447.89,59.78,0.903,81,81,Low
2,135,215,3.39,53.83,13.09,1453.92,58.83,0.903,80,80,Low
2,136,215,3.37,53.76,13.8,1445.06,59.25,0.903,79,79,Low
2,137,215,3.54,54.13,13.73,1439.79,60.87,0.903,78,78,Low
2,138,215,3.46,52.92,13.68,1441.24,61.41,0.903,77,77,Low
2,139,215,3.41,53.16,13.94,1443.4,60.38,0.903,76,76,Low
2,140,215,3.35,56.67,13.86,1447.0,61.15,0.903,75,75,Low
2,141,215,3.51,53.75,14.01,1440.96,60.21,0.903,74,74,Low
2,142,215,3.44,54.91,13.94,1446.11,61.28,0.903,73,73,Low
2,143,215,3.65,54.22,13.58,1441.35,60.22,0.903,72,72,Low
2,144,215,3.52,54.33,13.69,1446.22,61.79,0.903,71,71,Low
2,145,215,3.45,55.0,13.73,1442.61,61.12,0.903,70,70,Low
2,146,215,3.75,54.85,14.41,1435.5,61.13,0.903,69,69,Low
2,147,215,3.47,54.6,13.88,1445.8,61.24,0.903,68,68,Low
2,148,215,3.73,56.52,14.17,1437.76,61.83,0.903,67,67,Low
2,149,215,3.64,56.77,14.31,1436.58,61.08,0.903,66,66,Low
2,150,215,3.85,55.92,14.09,1436.41,60.47,0.903,65,65,Low
2,151,215,4.04,56.32,14.14,1437.25,61.06,0.903,64,64,Low
2,152,215,4.01,56.79,14.59,1434.25,62.03,0.903,63,63,Low
2,153,215,4.07,56.88,14.13,1432.69,61.7,0.903,62,62,Low
2,154,215,4.08,58.28,13.98,1433.9,63.06,0.903,61,61,Low
2,155,215,3.94,56.4,14.21,1433.1,61.93,0.903,60,60,Low
2,156,215,4.13,58.13,14.09,1422.93,62.35,0.903,59,59,Low
2,157,215,4.15,57.23,13.88,1425.31,61.55,0.903,58,58,Low
2,158,215,4.05,57.57,14.16,1431.71,64.06,0.903,57,57,Low
2,159,215,4.21,58.57,14.61,1426.61,62.09,0.903,56,56,Low
2,160,215,4.28,56.99,14.58,1431.82,62.47,0.903,55,55,Low
2,161,215,4.42,59.17,14.4,1428.88,63.16,0.903,54,54,Low
2,162,215,4.24,58.29,14.28,1432.1,62.78,0.903,53,53,Low
2,163,215,4.39,58.94,14.54,1421.76,63.86,0.903,52,52,Low
2,164,215,4.47,58.22,14.0,1428.43,62.98,0.903,51,51,Low
2,165,215,4.67,60.96,14.81,1423.12,63.45,0.903,50,50,Low
2,166,215,4.61,60.13,14.6,1430.92,63.95,0.903,49,49,Low
2,167,215,4.63,60.61,14.96,1426.91,62.93,0.903,48,48,Low
2,168,215,4.65,61.43,14.61,1426.78,64.03,0.903,47,47,Low
2,169,215,4.78,58.89,14.49,1426.43,64.34,0.903,46,46,Low
2,170,215,4.63,60.24,14.89,1426.99,64.35,0.903,45,45,Low
2,171,215,5.07,61.27,14.71,1428.81,64.28,0.903,44,44,Low
2,172,215,4.72,60.55,14.66,1415.59,64.31,0.903,43,43,Low
2,173,215,5.08,59.67,15.47,1418.93,65.69,0.903,42,42,Low
2,174,215,4.99,60.8,15.05,1415.95,64.7,0.903,41,41,Low
2,175,215,5.16,61.18,14.76,1408.6,64.42,0.903,40,40,Medium
2,176,215,5.07,60.36,14.82,1416.95,64.13,0.903,39,39,Medium
2,177,215,5.16,62.6,14.71,1410.6,65.63,0.903,38,38,Medium
2,178,215,5.12,61.7,15.22,1412.84,64.84,0.903,37,37,Medium
2,179,215,5.22,63.02,14.9,1413.68,65.57,0.903,36,36,Medium
2,180,215,5.35,62.28,14.67,1413.04,64.52,0.903,35,35,Medium
2,181,215,5.26,64.13,14.99,1403.79,65.38,0.903,34,34,Medium
2,182,215,5.39,63.16,15.38,1406.1,66.16,0.903,33,33,Medium
2,183,215,5.43,62.18,14.96,1406.55,65.06,0.903,32,32,Medium
2,184,215,5.51,63.18,15.0,1401.32,65.75,0.903,31,31,Medium
2,185,215,5.6,65.02,15.33,1408.0,64.94,0.903,30,30,Medium
2,186,215,5.56,62.41,15.2,1407.88,66.02,0.903,29,29,Medium
2,187,215,5.52,64.05,15.65,1397.71,67.64,0.903,28,28,Medium
2,188,215,5.57,64.08,15.64,1404.25,66.58,0.903,27,27,Medium
2,189,215,5.66,64.12,15.53,1411.66,67.88,0.903,26,26,Medium
2,190,215,5.67,66.73,15.47,1401.57,66.26,0.903,25,25,Medium
2,191,215,5.91,65.6,15.64,1404.25,66.68,0.903,24,24,Medium
2,192,215,5.84,65.67,16.04,1384.96,67.95,0.903,23,23,Medium
2,193,215,5.92,64.71,16.0,1400.67,67.76,0.903,22,22,Medium
2,194,215,6.07,67.03,16.11,1389.39,66.82,0.903,21,21,Medium
2,195,215,6.08,66.15,15.89,1395.63,68.92,0.903,20,20,Medium
2,196,215,6.11,66.11,16.01,1394.32,68.59,0.903,19,19,Medium
2,197,215,6.14,66.14,15.7,1390.54,68.42,0.903,18,18,Medium
2,198,215,6.36,67.75,16.1,1393.9,68.01,0.903,17,17,Medium
2,199,215,6.13,66.71,16.23,1394.25,69.22,0.903,16,16,Medium
2,200,215,6.25,66.32,16.11,1391.9,68.92,0.903,15,15,High
2,201,215,6.54,68.96,16.34,1383.28,69.06,0.903,14,14,High
2,202,215,6.45,67.99,16.4,1377.6,68.56,0.903,13,13,High
2,203,215,6.65,68.07,16.15,1396.31,69.72,0.903,12,12,High
2,204,215,6.9,68.45,16.57,1392.45,69.74,0.903,11,11,High
2,205,215,6.62,69.65,16.06,1375.98,70.1,0.903,10,10,High
2,206,215,6.82,69.72,16.3,1382.26,68.26,0.903,9,9,High
2,207,215,6.88,69.85,16.59,1390.0,70.23,0.903,8,8,High
2,208,215,7.0,69.31,16.35,1380.74,70.29,0.903,7,7,High
2,209,215,7.06,71.33,16.86,1375.17,70.45,0.903,6,6,High
2,210,215,7.14,71.29,16.61,1381.87,69.48,0.903,5,5,High
2,211,215,7.13,70.22,16.53,1375.83,70.49,0.903,4,4,High
2,212,215,6.99,71.71,16.93,1386.76,71.1,0.903,3,3,High
2,213,215,7.03,70.35,16.99,1369.84,70.34,0.903,2,2,High
2,214,215,7.39,72.08,16.76,1372.19,71.23,0.903,1,1,High
2,215,215,7.26,72.48,16.81,1376.97,70.87,0.903,0,0,High
3,1,196,1.45,44.95,12.63,1480.5,55.18,0.957,195,130,Low
3,2,196,1.57,44.83,11.83,1484.82,55.57,0.957,194,130,Low
3,3,196,1.14,44.81,11.9,1476.16,55.7,0.957,193,130,Low
3,4,196,1.43,45.63,11.85,1477.09,55.39,0.957,192,130,Low
3,5,196,1.4,44.81,11.71,1474.21,55.39,0.957,191,130,Low
3,6,196,1.56,44.03,11.69,1494.79,54.57,0.957,190,130,Low
3,7,196,1.39,45.35,11.79,1477.3,55.49,0.957,189,130,Low
3,8,196,1.61,44.79,12.32,1478.62,54.81,0.957,188,130,Low
3,9,196,1.49,44.7,12.11,1481.16,54.49,0.957,187,130,Low
3,10,196,1.52,44.52,11.84,1478.62,55.57,0.957,186,130,Low
3,11,196,1.53,45.97,12.37,1479.23,54.6,0.957,185,130,Low
3,12,196,1.4,45.19,12.2,1488.91,54.18,0.957,184,130,Low
3,13,196,1.61,45.83,12.6,1480.53,54.95,0.957,183,130,Low
3,14,196,1.32,44.36,11.71,1473.33,54.44,0.957,182,130,Low
3,15,196,1.32,44.91,12.09,1483.95,54.93,0.957,181,130,Low
3,16,196,1.63,45.85,11.61,1477.73,54.24,0.957,180,130,Low
3,17,196,1.39,45.16,11.96,1488.12,56.23,0.957,179,130,Low
3,18,196,1.56,44.87,11.96,1479.25,55.35,0.957,178,130,Low
3,19,196,1.42,45.5,11.94,1485.64,55.83,0.957,177,130,Low
3,20,196,1.72,44.92,11.67,1469.16,54.85,0.957,176,130,Low
3,21,196,1.35,43.75,11.92,1473.32,55.45,0.957,175,130,Low
3,22,196,1.75,44.9,12.09,1469.74,55.15,0.957,174,130,Low
3,23,196,1.44,44.22,11.55,1488.76,54.08,0.957,173,130,Low
3,24,196,1.38,45.12,12.09,1480.87,55.13,0.957,172,130,Low
3,25,196,1.42,45.75,12.07,1470.36,56.04,0.957,171,130,Low
3,26,196,1.49,45.91,11.66,1471.88,54.74,0.957,170,130,Low
3,27,196,1.46,45.98,11.62,1479.95,54.49,0.957,169,130,Low
3,28,196,1.61,45.36,11.89,1492.23,55.08,0.957,168,130,Low
3,29,196,1.68,44.15,12.0,1479.36,55.21,0.957,167,130,Low
3,30,196,1.51,44.57,11.27,1475.35,54.59,0.957,166,130,Low
3,31,196,1.53,45.95,12.6,1481.87,55.76,0.957,165,130,Low
3,32,196,1.64,45.87,12.2,1477.04,54.98,0.957,164,130,Low
3,33,196,1.61,46.76,12.25,1488.21,54.41,0.957,163,130,Low
3,34,196,1.61,45.67,12.19,1470.24,54.1,0.957,162,130,Low
3,35,196,1.33,45.06,12.65,1479.7,54.5,0.957,161,130,Low
3,36,196,1.63,45.17,12.12,1475.58,54.47,0.957,160,130,Low
3,37,196,1.53,46.01,12.16,1485.53,54.62,0.957,159,130,Low
3,38,196,1.73,45.53,12.14,1485.62,55.21,0.957,158,130,Low
3,39,196,1.64,46.03,12.26,1482.95,56.09,0.957,157,130,Low
3,40,196,1.68,45.21,12.72,1477.81,55.57,0.957,156,130,Low
3,41,196,1.54,43.85,11.92,1478.29,55.68,0.957,155,130,Low
3,42,196,1.64,46.27,12.37,1483.7,55.39,0.957,154,130,Low
3,43,196,1.65,45.51,11.91,1486.2,54.67,0.957,153,130,Low
3,44,196,1.64,45.9,11.6,1481.96,55.23,0.957,152,130,Low
3,45,196,1.69,45.49,11.76,1478.52,55.52,0.957,151,130,Low
3,46,196,1.79,46.18,11.73,1483.79,55.96,0.957,150,130,Low
3,47,196,1.77,46.23,11.98,1480.22,55.29,0.957,149,130,Low
3,48,196,2.04,45.7,11.89,1474.81,56.4,0.957,148,130,Low
3,49,196,1.63,43.98,12.54,1478.64,55.27,0.957,147,130,Low
3,50,196,1.8,45.24,11.89,1482.2,55.28,0.957,146,130,Low
3,51,196,1.78,46.04,12.4,1476.95,54.39,0.957,145,130,Low
3,52,196,1.81,45.7,12.42,1476.77,56.5,0.957,144,130,Low
3,53,196,1.7,44.48,12.13,1478.98,55.48,0.957,143,130,Low
3,54,196,1.7,47.36,12.18,1482.0,55.8,0.957,142,130,Low
3,55,196,1.59,45.48,12.15,1477.3,55.26,0.957,141,130,Low
3,56,196,1.61,45.47,12.11,1469.92,55.43,0.957,140,130,Low
3,57,196,2.01,46.56,12.05,1474.93,56.76,0.957,139,130,Low
3,58,196,1.88,46.32,11.92,1464.56,55.64,0.957,138,130,Low
3,59,196,1.8,45.16,11.94,1474.26,54.55,0.957,137,130,Low
3,60,196,1.62,46.47,12.42,1476.17,56.51,0.957,136,130,Low
3,61,196,2.03,47.3,12.23,1486.8,56.96,0.957,135,130,Low
3,62,196,1.97,46.0,12.41,1461.22,55.79,0.957,134,130,Low
3,63,196,1.57,46.38,12.58,1473.65,57.01,0.957,133,130,Low
3,64,196,1.88,46.87,12.26,1476.49,56.06,0.957,132,130,Low
3,65,196,2.04,48.15,12.44,1466.29,56.46,0.957,131,130,Low
3,66,196,2.08,47.45,12.43,1478.43,56.96,0.957,130,130,Low
3,67,196,1.62,48.22,12.57,1475.39,55.88,0.957,129,129,Low
3,68,196,1.98,47.57,12.02,1476.71,56.3,0.957,128,128,Low
3,69,196,2.14,47.7,12.36,1472.24,56.69,0.957,127,127,Low
3,70,196,2.0,47.67,12.24,1464.11,56.01,0.957,126,126,Low
3,71,196,1.83,46.69,12.52,1461.5,55.66,0.957,125,125,Low
3,72,196,2.1,46.97,12.44,1463.55,55.82,0.957,124,124,Low
3,73,196,2.0,48.78,12.57,1460.59,56.76,0.957,123,123,Low
3,74,196,2.16,48.12,12.17,1469.91,57.82,0.957,122,122,Low
3,75,196,1.96,47.92,12.3,1462.33,56.34,0.957,121,121,Low
3,76,196,2.21,48.66,12.29,1466.77,56.12,0.957,120,120,Low
3,77,196,1.86,48.31,12.91,1478.27,56.42,0.957,119,119,Low
3,78,196,2.29,48.79,12.46,1468.88,56.54,0.957,118,118,Low
3,79,196,2.18,49.47,12.33,1461.4,57.34,0.957,117,117,Low
3,80,196,2.18,46.6,12.32,1463.24,56.51,0.957,116,116,Low
3,81,196,2.23,49.01,12.56,1468.73,56.49,0.957,115,115,Low
3,82,196,2.34,49.38,12.55,1463.01,58.24,0.957,114,114,Low
3,83,196,2.35,47.7,12.21,1465.3,57.78,0.957,113,113,Low
3,84,196,2.19,48.32,12.53,1470.58,57.96,0.957,112,112,Low
3,85,196,2.13,48.39,12.62,1462.53,56.46,0.957,111,111,Low
3,86,196,2.4,48.85,12.87,1474.95,57.03,0.957,110,110,Low
3,87,196,2.39,48.51,12.69,1467.44,57.21,0.957,109,109,Low
3,88,196,2.17,50.15,12.77,1458.14,56.05,0.957,108,108,Low
3,89,196,2.37,49.58,13.01,1471.29,57.22,0.957,107,107,Low
3,90,196,2.48,47.94,12.81,1469.63,57.15,0.957,106,106,Low
3,91,196,2.4,49.37,12.83,1472.62,56.93,0.957,105,105,Low
3,92,196,2.61,48.4,12.65,1458.54,57.6,0.957,104,104,Low
3,93,196,2.42,49.91,12.84,1475.95,57.96,0.957,103,103,Low
3,94,196,2.47,49.94,13.01,1461.1,57.13,0.957,102,102,Low
3,95,196,2.43,49.91,13.09,1464.65,57.82,0.957,101,101,Low
3,96,196,2.62,49.5,12.97,1469.8,58.62,0.957,100,100,Low
3,97,196,2.75,49.72,12.98,1454.69,58.57,0.957,99,99,Low
3,98,196,2.56,49.09,12.83,1461.75,56.77,0.957,98,98,Low
3,99,196,2.47,51.06,13.0,1459.42,57.21,0.957,97,97,Low
3,100,196,2.86,51.23,13.18,1452.49,58.6,0.957,96,96,Low
3,101,196,2.83,50.28,12.96,1455.78,58.69,0.957,95,95,Low
3,102,196,2.7,50.42,12.69,1448.09,58.98,0.957,94,94,Low
3,103,196,2.94,51.5,13.43,1454.27,58.47,0.957,93,93,Low
3,104,196,2.83,50.82,13.52,1448.97,58.24,0.957,92,92,Low
3,105,196,2.77,50.53,13.34,1444.38,59.35,0.957,91,91,Low
3,106,196,2.96,51.49,13.5,1469.88,58.86,0.957,90,90,Low
3,107,196,2.97,51.7,13.31,1452.2,58.41,0.957,89,89,Low
3,108,196,2.99,51.12,13.44,1459.45,58.67,0.957,88,88,Low
3,109,196,2.99,51.76,13.2,1460.89,59.05,0.957,87,87,Low
3,110,196,3.01,50.3,13.42,1444.87,58.89,0.957,86,86,Low
3,111,196,3.21,53.44,13.2,1445.36,59.46,0.957,85,85,Low
3,112,196,3.0,52.44,12.99,1458.98,60.24,0.957,84,84,Low
3,113,196,2.91,51.71,13.18,1456.04,58.23,0.957,83,83,Low
3,114,196,3.14,52.31,13.19,1455.22,58.34,0.957,82,82,Low
3,115,196,2.99,52.03,13.59,1448.28,59.11,0.957,81,81,Low
3,116,196,3.25,52.44,13.28,1447.9,59.91,0.957,80,80,Low
3,117,196,3.55,52.12,13.55,1448.14,59.66,0.957,79,79,Low
3,118,196,3.45,53.79,13.68,1445.72,59.41,0.957,78,78,Low
3,119,196,3.34,53.12,13.4,1451.79,59.3,0.957,77,77,Low
3,120,196,3.25,54.15,13.56,1451.1,59.62,0.957,76,76,Low
3,121,196,3.46,53.13,13.95,1451.17,60.52,0.957,75,75,Low
3,122,196,3.6,54.16,13.49,1455.05,60.56,0.957,74,74,Low
3,123,196,3.6,54.19,13.97,1439.86,59.7,0.957,73,73,Low
3,124,196,3.33,54.86,13.22,1433.66,59.72,0.957,72,72,Low
3,125,196,3.57,54.79,13.54,1448.34,60.88,0.957,71,71,Low
3,126,196,3.72,55.39,13.61,1444.09,60.7,0.957,70,70,Low
3,127,196,3.68,54.99,13.82,1446.41,60.95,0.957,69,69,Low
3,128,196,3.75,55.05,13.81,1446.92,61.6,0.957,68,68,Low
3,129,196,3.85,55.72,13.84,1441.77,61.25,0.957,67,67,Low
3,130,196,3.54,54.52,14.31,1439.49,59.56,0.957,66,66,Low
3,131,196,3.78,55.74,13.66,1452.67,62.06,0.957,65,65,Low
3,132,196,3.93,55.66,14.12,1443.28,61.79,0.957,64,64,Low
3,133,196,3.8,56.17,14.07,1439.15,61.0,0.957,63,63,Low
3,134,196,3.95,56.22,14.13,1437.75,60.89,0.957,62,62,Low
3,135,196,4.07,57.02,13.77,1435.1,61.36,0.957,61,61,Low
3,136,196,3.96,57.43,14.28,1446.63,62.04,0.957,60,60,Low
3,137,196,3.92,56.92,13.57,1444.52,62.27,0.957,59,59,Low
3,138,196,4.16,57.16,14.01,1432.2,61.76,0.957,58,58,Low
3,139,196,4.09,57.5,13.95,1441.75,61.71,0.957,57,57,Low
3,140,196,4.29,56.94,13.98,1433.25,62.57,0.957,56,56,Low
3,141,196,4.21,57.6,14.17,1432.47,62.3,0.957,55,55,Low
3,142,196,4.29,58.75,14.03,1425.53,62.31,0.957,54,54,Low
3,143,196,4.24,57.0,14.33,1428.85,62.78,0.957,53,53,Low
3,144,196,4.19,58.84,14.61,1427.4,62.38,0.957,52,52,Low
3,145,196,4.33,60.07,14.91,1428.84,62.57,0.957,51,51,Low
3,146,196,4.63,58.89,14.94,1421.63,63.53,0.957,50,50,Low
3,147,196,4.51,59.59,14.41,1429.56,63.16,0.957,49,49,Low
3,148,196,4.48,59.68,14.67,1410.52,63.51,0.957,48,48,Low
3,149,196,4.65,59.61,15.16,1418.32,63.67,0.957,47,47,Low
3,150,196,4.48,58.55,14.55,1420.39,63.71,0.957,46,46,Low
3,151,196,4.82,60.54,14.99,1419.2,64.27,0.957,45,45,Low
3,152,196,4.71,60.49,14.91,1416.19,62.2,0.957,44,44,Low
3,153,196,4.77,62.51,14.81,1414.36,64.34,0.957,43,43,Low
3,154,196,5.04,60.97,14.83,1409.48,64.25,0.957,42,42,Low
3,155,196,4.82,61.24,15.3,1422.43,64.22,0.957,41,41,Low
3,156,196,4.9,60.11,15.08,1418.49,65.2,0.957,40,40,Medium
3,157,196,5.11,60.51,14.54,1420.69,64.38,0.957,39,39,Medium
3,158,196,5.35,60.06,14.79,1407.33,65.2,0.957,38,38,Medium
3,159,196,5.26,61.56,15.26,1404.05,64.9,0.957,37,37,Medium
3,160,196,5.1,61.82,15.0,1412.57,67.42,0.957,36,36,Medium
3,161,196,5.14,62.38,15.38,1410.08,66.37,0.957,35,35,Medium
3,162,196,5.24,63.43,15.07,1413.46,65.78,0.957,34,34,Medium
3,163,196,5.45,62.62,14.85,1400.83,66.27,0.957,33,33,Medium
3,164,196,5.45,63.96,15.03,1410.17,66.62,0.957,32,32,Medium
3,165,196,5.28,63.91,15.9,1400.69,66.79,0.957,31,31,Medium
3,166,196,5.61,64.62,15.37,1399.45,66.1,0.957,30,30,Medium
3,167,196,5.62,63.75,15.3,1409.58,66.18,0.957,29,29,Medium
3,168,196,5.58,63.77,15.7,1388.45,67.01,0.957,28,28,Medium
3,169,196,5.88,65.83,15.52,1395.74,66.99,0.957,27,27,Medium
3,170,196,5.87,66.15,15.7,1396.94,66.26,0.957,26,26,Medium
3,171,196,5.9,65.46,16.03,1398.95,68.05,0.957,25,25,Medium
3,172,196,6.13,65.09,15.51,1393.33,67.28,0.957,24,24,Medium
3,173,196,5.95,66.57,16.02,1403.18,67.77,0.957,23,23,Medium
3,174,196,6.07,66.64,15.68,1395.61,67.33,0.957,22,22,Medium
3,175,196,6.32,64.49,16.18,1398.8,67.95,0.957,21,21,Medium
3,176,196,6.29,67.1,16.34,1402.19,68.17,0.957,20,20,Medium
3,177,196,6.52,66.73,16.18,1393.64,67.59,0.957,19,19,Medium
3,178,196,6.43,67.03,16.34,1384.42,67.47,0.957,18,18,Medium
3,179,196,6.3,67.9,16.27,1390.52,68.27,0.957,17,17,Medium
3,180,196,6.62,67.76,16.2,1393.08,68.82,0.957,16,16,Medium
3,181,196,6.37,69.09,16.31,1383.58,69.89,0.957,15,15,High
3,182,196,6.59,69.37,16.41,1400.17,68.23,0.957,14,14,High
3,183,196,6.76,69.46,16.71,1380.74,69.13,0.957,13,13,High
3,184,196,6.98,69.17,16.56,1381.63,69.94,0.957,12,12,High
3,185,196,6.72,69.41,16.54,1381.25,70.56,0.957,11,11,High
3,186,196,7.02,70.64,16.6,1386.79,69.74,0.957,10,10,High
3,187,196,7.02,69.33,16.42,1382.98,70.28,0.957,9,9,High
3,188,196,6.88,70.83,16.68,1369.7,70.72,0.957,8,8,High
3,189,196,7.15,71.21,17.04,1371.42,71.37,0.957,7,7,High
3,190,196,7.22,71.35,17.19,1375.99,70.69,0.957,6,6,High
3,191,196,7.32,72.08,16.57,1376.31,71.14,0.957,5,5,High
3,192,196,7.25,71.5,17.21,1363.32,72.64,0.957,4,4,High
3,193,196,7.36,72.78,16.42,1369.02,71.25,0.957,3,3,High
3,194,196,7.62,73.12,17.04,1380.86,72.24,0.957,2,2,High
3,195,196,7.55,73.6,16.47,1362.97,72.73,0.957,1,1,High
3,196,196,7.65,73.8,16.97,1369.68,72.27,0.957,0,0,High
4,1,304,1.69,45.61,11.56,1482.12,55.13,1.043,303,130,Low
4,2,304,1.36,43.67,11.89,1477.9,54.93,1.043,302,130,Low
4,3,304,1.41,45.08,12.06,1477.93,55.2,1.043,301,130,Low
4,4,304,1.42,43.7,11.98,1484.92,56.58,1.043,300,130,Low
4,5,304,1.24,44.55,11.77,1481.25,54.44,1.043,299,130,Low
4,6,304,1.51,45.74,11.8,1479.2,55.94,1.043,298,130,Low
4,7,304,1.6,43.66,12.5,1475.57,55.15,1.043,297,130,Low
4,8,304,1.44,44.6,11.81,1483.4,54.51,1.043,296,130,Low
4,9,304,1.34,44.51,11.99,1467.65,55.45,1.043,295,130,Low
4,10,304,1.41,45.55,12.33,1481.57,55.3,1.043,294,130,Low
4,11,304,1.44,44.43,11.52,1478.53,54.65,1.043,293,130,Low
4,12,304,1.21,45.19,12.37,1482.1,55.68,1.043,292,130,Low
4,13,304,1.46,44.16,12.01,1477.61,54.3,1.043,291,130,Low
4,14,304,1.62,45.11,11.83,1480.86,54.89,1.043,290,130,Low
4,15,304,1.57,46.26,11.84,1472.53,55.81,1.043,289,130,Low
4,16,304,1.79,44.5,11.77,1472.5,54.98,1.043,288,130,Low
4,17,304,1.51,44.79,12.2,1474.79,54.64,1.043,287,130,Low
4,18,304,1.35,46.11,12.27,1487.53,54.49,1.043,286,130,Low
4,19,304,1.66,45.24,12.18,1483.18,54.81,1.043,285,130,Low
4,20,304,1.48,43.78,11.86,1478.35,54.31,1.043,284,130,Low
4,21,304,1.52,46.04,11.88,1473.92,54.5,1.043,283,130,Low
4,22,304,1.53,46.42,12.04,1480.02,54.27,1.043,282,130,Low
4,23,304,1.55,45.53,11.9,1479.52,54.62,1.043,281,130,Low
4,24,304,1.6,46.1,12.1,1482.7,55.05,1.043,280,130,Low
4,25,304,1.43,44.43,11.91,1480.33,55.02,1.043,279,130,Low
4,26,304,1.63,45.64,12.38,1484.26,54.88,1.043,278,130,Low
4,27,304,1.53,43.77,12.42,1476.12,54.79,1.043,277,130,Low
4,28,304,1.73,44.21,11.86,1479.21,54.69,1.043,276,130,Low
4,29,304,1.53,45.27,12.17,1478.93,55.46,1.043,275,130,Low
4,30,304,1.48,45.57,12.31,1469.22,54.92,1.043,274,130,Low
4,31,304,1.54,43.59,11.26,1481.39,54.67,1.043,273,130,Low
4,32,304,1.62,45.1,12.01,1477.4,55.12,1.043,272,130,Low
4,33,304,1.42,44.7,12.22,1477.94,55.37,1.043,271,130,Low
4,34,304,1.53,44.85,11.78,1484.44,54.58,1.043,270,130,Low
4,35,304,1.57,43.89,12.09,1481.67,54.7,1.043,269,130,Low
4,36,304,1.34,45.02,12.05,1476.21,54.68,1.043,268,130,Low
4,37,304,1.64,45.06,11.92,1484.33,55.08,1.043,267,130,Low
4,38,304,1.45,45.86,11.94,1484.75,54.7,1.043,266,130,Low
4,39,304,1.58,46.16,12.14,1482.18,55.37,1.043,265,130,Low
4,40,304,1.64,45.25,12.14,1477.8,56.26,1.043,264,130,Low
4,41,304,1.44,45.86,11.79,1482.31,55.9,1.043,263,130,Low
4,42,304,1.42,46.61,11.8,1474.19,55.32,1.043,262,130,Low
4,43,304,1.42,46.0,12.16,1462.86,54.29,1.043,261,130,Low
4,44,304,1.47,45.57,11.78,1474.65,55.51,1.043,260,130,Low
4,45,304,1.44,45.49,11.71,1484.79,55.99,1.043,259,130,Low
4,46,304,1.42,43.4,11.63,1484.47,54.82,1.043,258,130,Low
4,47,304,1.69,44.22,11.82,1477.97,55.79,1.043,257,130,Low
4,48,304,1.54,44.48,12.12,1479.1,55.47,1.043,256,130,Low
4,49,304,1.55,44.81,12.06,1463.86,55.34,1.043,255,130,Low
4,50,304,1.72,45.76,11.82,1469.38,55.97,1.043,254,130,Low
4,51,304,1.51,45.17,12.11,1474.88,55.22,1.043,253,130,Low
4,52,304,1.76,44.96,12.54,1480.59,55.4,1.043,252,130,Low
4,53,304,1.69,46.1,12.33,1481.55,54.88,1.043,251,130,Low
4,54,304,1.78,45.28,11.86,1483.5,55.62,1.043,250,130,Low
4,55,304,1.59,45.48,12.22,1489.53,55.2,1.043,249,130,Low
4,56,304,1.45,44.99,12.2,1476.84,54.87,1.043,248,130,Low
4,57,304,1.69,46.04,12.03,1479.63,54.89,1.043,247,130,Low
4,58,304,1.53,45.21,11.75,1479.85,55.23,1.043,246,130,Low
4,59,304,1.55,45.58,12.12,1473.3,54.94,1.043,245,130,Low
4,60,304,1.52,46.57,11.67,1477.07,55.79,1.043,244,130,Low
4,61,304,1.49,44.76,11.85,1466.67,55.99,1.043,243,130,Low
4,62,304,1.59,44.63,11.92,1477.97,55.08,1.043,242,130,Low
4,63,304,1.51,45.9,11.86,1474.37,55.38,1.043,241,130,Low
4,64,304,1.53,45.58,11.92,1492.34,55.05,1.043,240,130,Low
4,65,304,1.71,44.86,11.8,1475.64,55.09,1.043,239,130,Low
4,66,304,1.59,45.53,12.3,1487.57,56.51,1.043,238,130,Low
4,67,304,1.64,47.02,12.51,1472.33,55.03,1.043,237,130,Low
4,68,304,1.63,47.14,12.05,1474.4,56.15,1.043,236,130,Low
4,69,304,1.62,45.48,12.24,1476.68,53.9,1.043,235,130,Low
4,70,304,1.5,46.18,11.74,1482.75,55.3,1.043,234,130,Low
4,71,304,1.68,45.87,11.65,1471.11,54.73,1.043,233,130,Low
4,72,304,1.69,46.88,12.04,1475.65,54.22,1.043,232,130,Low
4,73,304,1.62,45.51,12.06,1478.67,56.23,1.043,231,130,Low
4,74,304,1.67,46.05,11.73,1478.62,55.44,1.043,230,130,Low
4,75,304,1.47,46.04,11.96,1480.91,55.71,1.043,229,130,Low
4,76,304,1.7,47.16,12.09,1472.96,55.48,1.043,228,130,Low
4,77,304,1.71,45.17,12.27,1477.23,55.17,1.043,227,130,Low
4,78,304,1.52,46.84,12.47,1480.08,56.11,1.043,226,130,Low
4,79,304,1.93,46.22,12.57,1474.02,55.05,1.043,225,130,Low
4,80,304,1.73,45.77,12.3,1485.74,55.86,1.043,224,130,Low
4,81,304,1.86,47.77,12.63,1475.46,55.24,1.043,223,130,Low
4,82,304,2.0,45.27,11.75,1462.93,56.36,1.043,222,130,Low
4,83,304,1.58,45.96,12.17,1482.49,54.87,1.043,221,130,Low
4,84,304,1.77,46.44,12.56,1473.15,55.88,1.043,220,130,Low
4,85,304,1.74,47.11,12.46,1472.14,56.07,1.043,219,130,Low
4,86,304,1.6,46.34,12.01,1471.85,56.37,1.043,218,130,Low
4,87,304,2.05,46.5,12.2,1472.23,56.24,1.043,217,130,Low
4,88,304,1.78,47.16,12.63,1477.85,55.59,1.043,216,130,Low
4,89,304,1.9,45.87,11.82,1480.79,57.0,1.043,215,130,Low
4,90,304,1.98,46.17,11.42,1469.4,56.24,1.043,214,130,Low
4,91,304,1.78,47.61,12.07,1476.54,56.03,1.043,213,130,Low
4,92,304,1.87,45.41,12.25,1474.95,55.67,1.043,212,130,Low
4,93,304,1.69,46.18,12.04,1475.24,56.52,1.043,211,130,Low
4,94,304,1.89,46.91,12.24,1474.12,54.79,1.043,210,130,Low
4,95,304,1.87,47.37,12.16,1476.93,55.08,1.043,209,130,Low
4,96,304,1.88,46.55,12.42,1473.43,57.35,1.043,208,130,Low
4,97,304,1.5,45.58,12.14,1472.93,55.65,1.043,207,130,Low
4,98,304,1.81,45.52,11.98,1466.92,56.98,1.043,206,130,Low
4,99,304,1.8,49.05,12.6,1470.23,56.58,1.043,205,130,Low
4,100,304,2.03,45.92,11.93,1480.63,55.54,1.043,204,130,Low
4,101,304,2.03,47.48,11.93,1475.5,56.49,1.043,203,130,Low
4,102,304,2.09,46.96,12.47,1473.69,56.04,1.043,202,130,Low
4,103,304,2.14,47.81,12.75,1473.35,56.91,1.043,201,130,Low
4,104,304,1.84,46.59,12.63,1469.63,56.0,1.043,200,130,Low
4,105,304,1.99,45.86,12.43,1473.74,56.08,1.043,199,130,Low
4,106,304,1.84,48.6,12.5,1464.4,55.95,1.043,198,130,Low
4,107,304,1.79,45.84,11.92,1465.33,56.59,1.043,197,130,Low
4,108,304,2.09,47.2,12.67,1473.57,55.68,1.043,196,130,Low
4,109,304,1.91,47.58,12.59,1476.47,55.57,1.043,195,130,Low
4,110,304,1.79,49.03,12.36,1475.76,56.46,1.043,194,130,Low
4,111,304,1.87,48.6,12.56,1478.47,56.84,1.043,193,130,Low
4,112,304,1.93,47.5,12.71,1465.21,56.63,1.043,192,130,Low
4,113,304,2.21,46.6,12.38,1470.24,57.13,1.043,191,130,Low
4,114,304,2.07,47.09,12.62,1465.3,56.85,1.043,190,130,Low
4,115,304,2.14,47.57,12.71,1475.87,55.84,1.043,189,130,Low
4,116,304,2.17,47.65,12.43,1469.06,57.38,1.043,188,130,Low
4,117,304,2.1,47.59,12.21,1467.33,56.71,1.043,187,130,Low
4,118,304,2.02,47.68,12.65,1476.49,56.58,1.043,186,130,Low
4,119,304,2.39,48.79,12.77,1471.53,56.86,1.043,185,130,Low
4,120,304,2.09,48.01,12.58,1468.78,57.77,1.043,184,130,Low
4,121,304,2.42,48.58,12.83,1463.52,55.7,1.043,183,130,Low
4,122,304,2.18,48.42,12.94,1481.97,57.1,1.043,182,130,Low
4,123,304,2.37,49.18,12.66,1472.21,57.21,1.043,181,130,Low
4,124,304,2.41,47.52,12.04,1467.82,57.58,1.043,180,130,Low
4,125,304,2.37,47.98,12.77,1462.86,57.48,1.043,179,130,Low
4,126,304,2.17,47.65,12.89,1459.0,56.23,1.043,178,130,Low
4,127,304,2.37,48.66,12.08,1473.35,56.42,1.043,177,130,Low
4,128,304,2.23,48.56,13.18,1465.84,57.74,1.043,176,130,Low
4,129,304,2.29,49.13,12.34,1465.71,56.87,1.043,175,130,Low
4,130,304,2.2,49.03,12.96,1468.27,57.09,1.043,174,130,Low
4,131,304,2.42,47.98,12.79,1468.25,57.28,1.043,173,130,Low
4,132,304,2.32,49.04,12.59,1463.51,57.81,1.043,172,130,Low
4,133,304,2.14,50.01,12.86,1465.82,56.81,1.043,171,130,Low
4,134,304,2.33,48.61,12.92,1467.99,58.15,1.043,170,130,Low
4,135,304,2.41,47.54,12.53,1461.65,57.69,1.043,169,130,Low
4,136,304,2.23,49.06,12.79,1459.92,57.42,1.043,168,130,Low
4,137,304,2.7,49.28,13.28,1464.57,57.16,1.043,167,130,Low
4,138,304,2.51,49.04,12.79,1449.38,57.83,1.043,166,130,Low
4,139,304,2.39,50.34,12.84,1460.15,57.04,1.043,165,130,Low
4,140,304,2.48,49.22,12.64,1473.21,57.62,1.043,164,130,Low
4,141,304,2.6,50.76,12.94,1465.45,58.06,1.043,163,130,Low
4,142,304,2.63,50.13,12.98,1462.19,57.51,1.043,162,130,Low
4,143,304,2.48,49.25,12.92,1468.82,57.29,1.043,161,130,Low
4,144,304,2.47,49.05,12.87,1466.77,57.7,1.043,160,130,Low
4,145,304,2.6,48.08,12.86,1463.21,57.58,1.043,159,130,Low
4,146,304,2.39,50.37,12.89,1470.74,57.66,1.043,158,130,Low
4,147,304,2.58,49.78,12.96,1448.83,58.86,1.043,157,130,Low
4,148,304,2.7,49.99,12.86,1462.37,58.32,1.043,156,130,Low
4,149,304,2.59,50.13,13.05,1456.42,57.96,1.043,155,130,Low
4,150,304,2.61,50.07,12.66,1453.0,58.43,1.043,154,130,Low
4,151,304,2.77,50.4,12.11,1449.46,58.51,1.043,153,130,Low
4,152,304,2.9,51.49,12.96,1455.8,58.07,1.043,152,130,Low
4,153,304,2.92,50.81,12.8,1463.16,58.87,1.043,151,130,Low
4,154,304,2.5,50.22,13.3,1462.56,57.7,1.043,150,130,Low
4,155,304,2.76,51.51,13.15,1450.61,58.38,1.043,149,130,Low
4,156,304,2.86,51.3,12.85,1470.34,58.68,1.043,148,130,Low
4,157,304,2.62,50.75,12.43,1452.06,58.59,1.043,147,130,Low
4,158,304,3.11,51.26,13.21,1460.26,58.8,1.043,146,130,Low
4,159,304,2.77,52.28,13.27,1464.53,59.34,1.043,145,130,Low
4,160,304,2.76,50.95,13.06,1452.77,59.06,1.043,144,130,Low
4,161,304,2.87,50.79,13.54,1462.71,58.88,1.043,143,130,Low
4,162,304,2.79,51.03,13.01,1449.05,58.34,1.043,142,130,Low
4,163,304,2.96,51.86,13.32,1448.43,59.15,1.043,141,130,Low
4,164,304,3.19,51.91,13.14,1469.57,59.23,1.043,140,130,Low
4,165,304,2.9,52.52,13.08,1450.99,59.7,1.043,139,130,Low
4,166,304,2.93,50.77,13.45,1457.63,58.36,1.043,138,130,Low
4,167,304,2.98,52.89,13.36,1457.23,59.16,1.043,137,130,Low
4,168,304,2.97,51.71,13.24,1452.99,57.72,1.043,136,130,Low
4,169,304,2.84,52.27,13.5,1447.68,59.37,1.043,135,130,Low
4,170,304,2.97,51.29,13.4,1450.74,59.13,1.043,134,130,Low
4,171,304,2.96,52.54,13.36,1449.21,59.43,1.043,133,130,Low
4,172,304,3.1,52.99,13.49,1460.66,60.38,1.043,132,130,Low
4,173,304,3.16,51.73,13.57,1446.21,60.51,1.043,131,130,Low
4,174,304,3.01,52.46,13.81,1449.27,60.1,1.043,130,130,Low
4,175,304,3.29,52.52,13.66,1443.69,59.55,1.043,129,129,Low
4,176,304,3.48,52.87,13.56,1442.05,60.59,1.043,128,128,Low
4,177,304,3.15,52.54,13.35,1442.3,59.05,1.043,127,127,Low
4,178,304,3.25,52.85,13.49,1441.58,59.41,1.043,126,126,Low
4,179,304,3.27,53.34,13.31,1446.6,59.87,1.043,125,125,Low
4,180,304,3.45,53.95,13.67,1452.2,59.71,1.043,124,124,Low
4,181,304,3.51,53.71,13.45,1448.2,59.52,1.043,123,123,Low
4,182,304,3.59,53.89,13.23,1438.82,59.92,1.043,122,122,Low
4,183,304,3.34,54.16,13.83,1450.82,60.6,1.043,121,121,Low
4,184,304,3.33,54.8,13.94,1433.11,60.03,1.043,120,120,Low
4,185,304,3.42,53.44,13.91,1446.57,60.46,1.043,119,119,Low
4,186,304,3.34,52.57,13.46,1438.54,59.98,1.043,118,118,Low
4,187,304,3.27,53.1,13.6,1444.78,60.26,1.043,117,117,Low
4,188,304,3.51,54.35,13.71,1449.3,60.18,1.043,116,116,Low
4,189,304,3.59,53.5,14.03,1446.05,61.29,1.043,115,115,Low
4,190,304,3.61,54.56,13.46,1443.12,61.59,1.043,114,114,Low
4,191,304,3.3,56.15,13.59,1443.59,60.4,1.043,113,113,Low
4,192,304,3.63,55.55,13.77,1450.85,60.97,1.043,112,112,Low
4,193,304,3.75,54.57,13.72,1437.46,61.32,1.043,111,111,Low
4,194,304,3.9,55.2,13.55,1435.69,60.31,1.043,110,110,Low
4,195,304,3.79,55.33,13.63,1436.64,61.74,1.043,109,109,Low
4,196,304,3.82,55.0,14.1,1440.51,60.95,1.043,108,108,Low
4,197,304,3.81,57.04,13.67,1443.65,61.27,1.043,107,107,Low
4,198,304,3.9,56.02,14.03,1436.24,61.43,1.043,106,106,Low
4,199,304,3.93,56.21,13.63,1439.27,62.28,1.043,105,105,Low
4,200,304,3.99,56.15,13.57,1439.52,61.98,1.043,104,104,Low
4,201,304,4.08,55.38,13.98,1432.4,61.52,1.043,103,103,Low
4,202,304,3.74,55.89,13.96,1432.73,62.69,1.043,102,102,Low
4,203,304,3.9,56.05,14.36,1431.04,62.54,1.043,101,101,Low
4,204,304,4.05,56.04,13.94,1434.57,61.8,1.043,100,100,Low
4,205,304,4.04,56.23,14.28,1429.24,61.73,1.043,99,99,Low
4,206,304,4.04,55.83,14.09,1431.38,61.24,1.043,98,98,Low
4,207,304,3.88,57.93,14.12,1431.17,61.8,1.043,97,97,Low
4,208,304,4.31,56.94,13.78,1434.28,61.69,1.043,96,96,Low
4,209,304,4.21,57.14,14.55,1433.63,62.13,1.043,95,95,Low
4,210,304,4.35,59.54,14.14,1436.69,62.66,1.043,94,94,Low
4,211,304,4.27,56.58,14.06,1438.08,62.62,1.043,93,93,Low
4,212,304,4.19,59.12,14.63,1433.5,62.05,1.043,92,92,Low
4,213,304,4.28,59.02,13.86,1419.2,62.24,1.043,91,91,Low
4,214,304,4.43,58.19,14.5,1429.13,62.87,1.043,90,90,Low
4,215,304,4.49,61.01,14.53,1435.14,62.64,1.043,89,89,Low
4,216,304,4.58,58.4,14.49,1424.07,62.54,1.043,88,88,Low
4,217,304,4.36,57.71,14.15,1437.13,63.35,1.043,87,87,Low
4,218,304,4.57,59.04,14.15,1425.77,62.66,1.043,86,86,Low
4,219,304,4.39,58.7,14.57,1425.5,63.35,1.043,85,85,Low
4,220,304,4.49,58.98,14.87,1437.35,64.04,1.043,84,84,Low
4,221,304,4.53,59.42,14.83,1429.67,64.2,1.043,83,83,Low
4,222,304,4.74,59.59,14.55,1413.85,64.2,1.043,82,82,Low
4,223,304,4.7,58.75,14.65,1419.99,63.4,1.043,81,81,Low
4,224,304,4.87,59.3,15.28,1420.9,63.33,1.043,80,80,Low
4,225,304,4.71,61.67,14.67,1424.1,62.5,1.043,79,79,Low
4,226,304,4.8,58.82,14.7,1428.5,63.8,1.043,78,78,Low
4,227,304,4.85,59.9,14.68,1421.35,64.7,1.043,77,77,Low
4,228,304,4.81,60.23,14.56,1408.93,64.22,1.043,76,76,Low
4,229,304,4.82,60.62,15.08,1423.24,63.72,1.043,75,75,Low
4,230,304,4.91,60.8,14.79,1404.17,63.86,1.043,74,74,Low
4,231,304,4.9,61.35,14.81,1408.59,65.26,1.043,73,73,Low
4,232,304,4.94,60.55,15.05,1420.37,64.5,1.043,72,72,Low
4,233,304,4.91,60.62,15.14,1414.68,64.94,1.043,71,71,Low
4,234,304,4.79,60.85,14.88,1411.97,63.58,1.043,70,70,Low
4,235,304,5.01,62.68,15.08,1410.92,64.42,1.043,69,69,Low
4,236,304,4.93,61.77,14.84,1410.97,65.48,1.043,68,68,Low
4,237,304,5.25,62.26,14.66,1409.24,65.76,1.043,67,67,Low
4,238,304,5.03,62.94,15.1,1417.58,64.91,1.043,66,66,Low
4,239,304,5.07,61.31,15.5,1409.23,64.53,1.043,65,65,Low
4,240,304,5.35,61.06,15.13,1412.47,65.55,1.043,64,64,Low
4,241,304,5.34,62.41,14.58,1411.18,65.45,1.043,63,63,Low
4,242,304,5.3,63.05,15.42,1410.25,66.49,1.043,62,62,Low
4,243,304,5.63,63.07,15.18,1400.46,66.05,1.043,61,61,Low
4,244,304,5.19,64.37,15.54,1404.34,66.22,1.043,60,60,Low
4,245,304,5.34,62.33,15.52,1400.64,66.07,1.043,59,59,Low
4,246,304,5.47,64.65,15.45,1415.48,66.55,1.043,58,58,Low
4,247,304,5.44,62.65,14.87,1405.44,64.47,1.043,57,57,Low
4,248,304,5.47,61.84,15.28,1408.7,65.73,1.043,56,56,Low
4,249,304,5.54,63.59,15.54,1394.8,66.43,1.043,55,55,Low
4,250,304,5.64,63.32,15.26,1410.15,66.91,1.043,54,54,Low
4,251,304,5.74,63.67,15.45,1394.29,65.54,1.043,53,53,Low
4,252,304,5.68,64.05,15.26,1393.97,66.93,1.043,52,52,Low
4,253,304,5.72,63.45,16.12,1390.06,66.95,1.043,51,51,Low
4,254,304,5.7,65.45,15.66,1405.79,66.9,1.043,50,50,Low
4,255,304,5.77,66.26,15.66,1397.65,66.96,1.043,49,49,Low
4,256,304,5.82,65.59,16.13,1407.08,67.35,1.043,48,48,Low
4,257,304,6.02,66.1,15.59,1406.25,67.44,1.043,47,47,Low
4,258,304,5.77,66.2,15.56,1398.31,67.82,1.043,46,46,Low
4,259,304,6.0,66.13,16.16,1387.41,66.4,1.043,45,45,Low
4,260,304,6.06,65.91,16.38,1400.83,67.97,1.043,44,44,Low
4,261,304,6.11,64.76,15.57,1392.05,67.88,1.043,43,43,Low
4,262,304,6.11,66.6,16.11,1388.9,67.64,1.043,42,42,Low
4,263,304,6.09,67.68,15.46,1395.9,68.47,1.043,41,41,Low
4,264,304,6.01,66.53,16.28,1386.03,67.79,1.043,40,40,Medium
4,265,304,6.29,68.17,16.2,1386.48,67.43,1.043,39,39,Medium
4,266,304,6.16,67.59,15.54,1386.23,68.74,1.043,38,38,Medium
4,267,304,6.24,67.27,16.09,1393.35,67.7,1.043,37,37,Medium
4,268,304,6.44,67.7,16.18,1378.52,68.94,1.043,36,36,Medium
4,269,304,6.38,67.86,15.98,1398.76,68.79,1.043,35,35,Medium
4,270,304,6.78,67.67,16.17,1395.13,68.67,1.043,34,34,Medium
4,271,304,6.63,69.31,16.18,1381.38,68.87,1.043,33,33,Medium
4,272,304,6.74,68.95,16.64,1383.0,68.87,1.043,32,32,Medium
4,273,304,6.53,68.59,16.21,1382.99,68.72,1.043,31,31,Medium
4,274,304,6.63,68.8,16.64,1380.83,69.07,1.043,30,30,Medium
4,275,304,6.89,70.35,16.36,1380.41,68.46,1.043,29,29,Medium
4,276,304,6.63,69.45,16.83,1392.12,70.18,1.043,28,28,Medium
4,277,304,6.8,70.13,16.15,1379.7,69.11,1.043,27,27,Medium
4,278,304,6.91,71.09,17.11,1380.59,70.19,1.043,26,26,Medium
4,279,304,6.76,69.65,16.98,1385.37,70.59,1.043,25,25,Medium
4,280,304,7.06,71.71,16.58,1376.36,71.91,1.043,24,24,Medium
4,281,304,6.95,70.99,16.59,1385.59,70.21,1.043,23,23,Medium
4,282,304,7.07,70.61,16.93,1369.66,69.61,1.043,22,22,Medium
4,283,304,7.14,70.8,16.91,1372.69,70.28,1.043,21,21,Medium
4,284,304,7.24,71.66,17.07,1374.23,69.69,1.043,20,20,Medium
4,285,304,7.25,71.56,16.83,1376.11,70.75,1.043,19,19,Medium
4,286,304,7.44,71.55,17.25,1365.31,69.65,1.043,18,18,Medium
4,287,304,7.24,74.3,16.88,1370.38,71.37,1.043,17,17,Medium
4,288,304,7.36,72.48,17.02,1382.54,72.07,1.043,16,16,Medium
4,289,304,7.5,73.07,17.19,1362.74,72.17,1.043,15,15,High
4,290,304,7.44,73.39,17.12,1373.77,72.5,1.043,14,14,High
4,291,304,7.64,72.61,17.05,1370.78,71.54,1.043,13,13,High
4,292,304,7.58,73.15,17.08,1369.57,71.67,1.043,12,12,High
4,293,304,7.69,72.9,16.78,1370.24,72.67,1.043,11,11,High
4,294,304,7.67,74.37,17.34,1357.52,72.94,1.043,10,10,High
4,295,304,7.54,73.93,17.49,1356.89,73.34,1.043,9,9,High
4,296,304,7.76,75.23,17.31,1366.7,72.5,1.043,8,8,High
4,297,304,8.18,74.81,17.66,1366.0,72.81,1.043,7,7,High
4,298,304,7.92,75.07,17.7,1366.2,73.17,1.043,6,6,High
4,299,304,7.99,75.57,17.25,1359.69,71.78,1.043,5,5,High
4,300,304,7.98,75.14,17.19,1351.97,73.72,1.043,4,4,High
4,301,304,8.17,76.4,17.89,1361.79,73.8,1.043,3,3,High
4,302,304,8.21,76.82,17.26,1355.93,74.1,1.043,2,2,High
4,303,304,8.33,76.1,17.61,1361.02,73.53,1.043,1,1,High
4,304,304,8.15,77.24,17.65,1356.06,72.81,1.043,0,0,High
5,1,245,1.39,45.25,11.86,1478.98,55.55,0.884,244,130,Low
5,2,245,1.37,46.78,12.22,1483.07,55.0,0.884,243,130,Low
5,3,245,1.62,45.17,12.27,1483.3,55.34,0.884,242,130,Low
5,4,245,1.41,45.82,11.64,1475.87,54.24,0.884,241,130,Low
5,5,245,1.31,45.22,11.88,1479.27,54.3,0.884,240,130,Low
5,6,245,1.57,43.68,11.94,1463.62,54.96,0.884,239,130,Low
5,7,245,1.58,44.71,12.33,1483.41,54.48,0.884,238,130,Low
5,8,245,1.66,45.12,11.55,1478.15,54.74,0.884,237,130,Low
5,9,245,1.53,45.34,11.94,1477.52,54.47,0.884,236,130,Low
5,10,245,1.5,45.37,11.94,1486.02,53.89,0.884,235,130,Low
5,11,245,1.45,43.93,11.86,1476.25,54.83,0.884,234,130,Low
5,12,245,1.47,44.07,12.09,1477.97,54.71,0.884,233,130,Low
5,13,245,1.7,45.13,11.34,1466.28,54.81,0.884,232,130,Low
5,14,245,1.61,45.79,11.65,1475.72,55.48,0.884,231,130,Low
5,15,245,1.4,44.73,12.14,1492.71,54.9,0.884,230,130,Low
5,16,245,1.16,46.43,11.69,1490.37,54.09,0.884,229,130,Low
5,17,245,1.5,45.29,12.6,1479.21,55.2,0.884,228,130,Low
5,18,245,1.32,45.84,11.95,1476.73,55.55,0.884,227,130,Low
5,19,245,1.44,44.66,11.96,1481.22,55.72,0.884,226,130,Low
5,20,245,1.49,44.31,12.06,1476.79,55.21,0.884,225,130,Low
5,21,245,1.49,45.74,11.84,1484.51,54.56,0.884,224,130,Low
5,22,245,1.64,46.08,11.78,1479.95,55.05,0.884,223,130,Low
5,23,245,1.52,46.77,11.86,1484.84,55.39,0.884,222,130,Low
5,24,245,1.34,45.41,12.17,1480.71,56.54,0.884,221,130,Low
5,25,245,1.4,44.45,11.53,1476.82,55.97,0.884,220,130,Low
5,26,245,1.55,45.82,11.59,1485.06,54.7,0.884,219,130,Low
5,27,245,1.5,45.29,12.1,1492.02,54.14,0.884,218,130,Low
5,28,245,1.48,45.86,12.63,1484.8,54.92,0.884,217,130,Low
5,29,245,1.69,44.03,12.04,1478.27,56.12,0.884,216,130,Low
5,30,245,1.65,45.56,11.73,1486.33,54.94,0.884,215,130,Low
5,31,245,1.54,44.76,11.53,1477.79,56.29,0.884,214,130,Low
5,32,245,1.64,45.48,12.25,1479.84,54.95,0.884,213,130,Low
5,33,245,1.31,45.3,12.13,1481.24,54.12,0.884,212,130,Low
5,34,245,1.44,45.69,11.75,1471.8,54.56,0.884,211,130,Low
5,35,245,1.44,43.65,11.87,1473.52,55.99,0.884,210,130,Low
5,36,245,1.47,46.29,11.93,1478.7,55.01,0.884,209,130,Low
5,37,245,1.55,44.02,11.68,1474.55,55.99,0.884,208,130,Low
5,38,245,1.75,44.88,12.1,1482.31,54.72,0.884,207,130,Low
5,39,245,1.37,45.69,11.59,1468.59,55.52,0.884,206,130,Low
5,40,245,1.51,45.75,12.2,1476.61,55.39,0.884,205,130,Low
5,41,245,1.53,46.09,11.87,1475.39,55.37,0.884,204,130,Low
5,42,245,1.36,46.41,11.79,1478.61,55.07,0.884,203,130,Low
5,43,245,1.42,45.05,11.94,1482.87,55.23,0.884,202,130,Low
5,44,245,1.3,45.77,11.76,1476.5,54.88,0.884,201,130,Low
5,45,245,1.49,45.33,12.35,1488.53,55.22,0.884,200,130,Low
5,46,245,1.45,45.88,11.74,1477.54,55.93,0.884,199,130,Low
5,47,245,1.58,45.01,12.43,1469.88,54.49,0.884,198,130,Low
5,48,245,1.58,46.01,12.17,1484.96,54.65,0.884,197,130,Low
5,49,245,1.76,45.59,12.04,1483.72,54.33,0.884,196,130,Low
5,50,245,1.96,43.97,12.26,1485.91,54.83,0.884,195,130,Low
5,51,245,1.66,46.2,12.36,1484.93,54.72,0.884,194,130,Low
5,52,245,1.63,44.45,11.47,1482.72,55.49,0.884,193,130,Low
5,53,245,1.53,45.28,12.58,1480.29,54.61,0.884,192,130,Low
5,54,245,1.67,46.24,12.11,1468.09,55.27,0.884,191,130,Low
5,55,245,1.51,45.31,12.35,1473.01,54.63,0.884,190,130,Low
5,56,245,1.65,46.19,12.33,1473.22,55.16,0.884,189,130,Low
5,57,245,1.65,44.56,11.92,1476.99,55.51,0.884,188,130,Low
5,58,245,1.66,45.47,11.67,1469.95,55.7,0.884,187,130,Low
5,59,245,1.83,46.76,11.91,1477.04,55.71,0.884,186,130,Low
5,60,245,1.63,46.04,11.77,1481.55,55.56,0.884,185,130,Low
5,61,245,1.65,46.14,11.63,1476.98,55.12,0.884,184,130,Low
5,62,245,1.48,46.24,11.92,1482.57,54.73,0.884,183,130,Low
5,63,245,1.65,46.16,12.16,1478.88,56.04,0.884,182,130,Low
5,64,245,1.71,45.9,12.02,1475.47,55.44,0.884,181,130,Low
5,65,245,1.87,46.0,12.23,1468.25,55.41,0.884,180,130,Low
5,66,245,1.99,47.17,12.1,1473.12,56.58,0.884,179,130,Low
5,67,245,1.82,45.26,12.44,1474.12,54.92,0.884,178,130,Low
5,68,245,1.74,45.77,12.7,1473.89,55.45,0.884,177,130,Low
5,69,245,1.59,47.11,12.41,1476.19,55.72,0.884,176,130,Low
5,70,245,1.8,47.92,12.04,1477.88,56.76,0.884,175,130,Low
5,71,245,1.65,46.27,11.96,1474.51,55.49,0.884,174,130,Low
5,72,245,1.9,46.64,12.09,1476.73,55.32,0.884,173,130,Low
5,73,245,1.83,47.24,12.31,1477.52,56.32,0.884,172,130,Low
5,74,245,1.82,46.74,12.03,1464.9,56.14,0.884,171,130,Low
5,75,245,1.87,47.3,12.0,1480.8,55.01,0.884,170,130,Low
5,76,245,1.84,45.88,12.62,1465.11,56.41,0.884,169,130,Low
5,77,245,1.54,46.22,12.15,1461.16,56.09,0.884,168,130,Low
5,78,245,1.93,48.11,12.56,1481.09,55.33,0.884,167,130,Low
5,79,245,1.75,46.8,12.3,1476.78,56.16,0.884,166,130,Low
5,80,245,1.74,46.66,12.3,1465.13,56.32,0.884,165,130,Low
5,81,245,2.08,45.66,12.31,1469.7,56.9,0.884,164,130,Low
5,82,245,1.86,45.67,12.66,1470.06,55.59,0.884,163,130,Low
5,83,245,1.97,46.81,12.4,1463.16,55.92,0.884,162,130,Low
5,84,245,1.8,46.97,12.85,1470.94,56.28,0.884,161,130,Low
5,85,245,1.79,47.39,12.1,1471.63,56.12,0.884,160,130,Low
5,86,245,1.89,47.14,12.49,1472.75,56.21,0.884,159,130,Low
5,87,245,1.95,47.36,12.46,1465.53,55.98,0.884,158,130,Low
5,88,245,1.94,46.15,12.63,1466.74,56.04,0.884,157,130,Low
5,89,245,2.08,46.05,12.07,1470.02,55.94,0.884,156,130,Low
5,90,245,1.77,49.27,12.23,1465.36,56.19,0.884,155,130,Low
5,91,245,1.77,47.02,12.48,1475.41,57.91,0.884,154,130,Low
5,92,245,2.09,47.37,12.28,1466.33,57.02,0.884,153,130,Low
5,93,245,1.93,48.18,12.6,1471.69,56.54,0.884,152,130,Low
5,94,245,2.12,47.23,12.48,1462.8,56.1,0.884,151,130,Low
5,95,245,2.06,46.73,12.46,1469.31,55.85,0.884,150,130,Low
5,96,245,2.14,48.68,12.87,1462.86,56.74,0.884,149,130,Low
5,97,245,1.99,47.26,12.23,1476.1,55.72,0.884,148,130,Low
5,98,245,2.2,49.03,12.43,1461.57,57.61,0.884,147,130,Low
5,99,245,2.13,46.55,12.3,1474.57,56.14,0.884,146,130,Low
5,100,245,2.2,47.26,12.5,1466.93,57.3,0.884,145,130,Low
5,101,245,2.05,46.47,12.92,1473.89,56.71,0.884,144,130,Low
5,102,245,1.95,49.56,12.69,1468.79,55.77,0.884,143,130,Low
5,103,245,2.14,47.95,12.61,1473.1,56.07,0.884,142,130,Low
5,104,245,2.03,48.57,12.67,1471.7,56.14,0.884,141,130,Low
5,105,245,2.24,48.12,12.67,1459.51,57.45,0.884,140,130,Low
5,106,245,2.24,48.39,12.7,1470.28,56.92,0.884,139,130,Low
5,107,245,2.55,49.33,12.83,1457.63,56.68,0.884,138,130,Low
5,108,245,2.23,48.32,12.68,1467.37,56.57,0.884,137,130,Low
5,109,245,2.44,48.17,12.63,1455.24,56.94,0.884,136,130,Low
5,110,245,2.33,47.88,12.43,1471.1,57.04,0.884,135,130,Low
5,111,245,2.1,48.49,12.87,1460.95,57.39,0.884,134,130,Low
5,112,245,2.34,48.84,12.5,1465.38,57.69,0.884,133,130,Low
5,113,245,2.38,48.79,12.83,1467.78,57.95,0.884,132,130,Low
5,114,245,2.56,49.98,12.83,1467.19,57.99,0.884,131,130,Low
5,115,245,2.42,47.69,12.72,1459.76,58.54,0.884,130,130,Low
5,116,245,2.48,49.05,12.76,1458.68,58.6,0.884,129,129,Low
5,117,245,2.62,48.51,12.9,1467.74,57.34,0.884,128,128,Low
5,118,245,2.53,48.92,12.38,1469.82,57.03,0.884,127,127,Low
5,119,245,2.5,50.15,12.49,1466.75,57.64,0.884,126,126,Low
5,120,245,2.31,50.17,13.09,1467.54,57.61,0.884,125,125,Low
5,121,245,2.58,49.76,12.55,1453.36,57.08,0.884,124,124,Low
5,122,245,2.6,49.43,13.18,1459.03,56.88,0.884,123,123,Low
5,123,245,2.69,50.1,13.12,1451.75,58.31,0.884,122,122,Low
5,124,245,2.65,49.73,12.64,1462.94,57.8,0.884,121,121,Low
5,125,245,2.52,50.61,13.01,1463.82,57.85,0.884,120,120,Low
5,126,245,2.55,49.68,13.51,1456.51,57.96,0.884,119,119,Low
5,127,245,2.59,50.79,12.6,1460.02,56.93,0.884,118,118,Low
5,128,245,2.85,50.24,13.0,1457.53,58.02,0.884,117,117,Low
5,129,245,2.55,49.24,12.94,1466.17,57.73,0.884,116,116,Low
5,130,245,2.56,50.48,12.94,1465.92,58.35,0.884,115,115,Low
5,131,245,2.63,50.63,13.1,1457.51,58.31,0.884,114,114,Low
5,132,245,2.86,50.27,13.02,1451.16,58.33,0.884,113,113,Low
5,133,245,2.52,50.08,13.42,1457.31,58.24,0.884,112,112,Low
5,134,245,2.86,51.51,12.87,1449.59,58.52,0.884,111,111,Low
5,135,245,2.73,49.86,13.2,1454.92,58.17,0.884,110,110,Low
5,136,245,2.8,50.45,13.16,1455.28,58.75,0.884,109,109,Low
5,137,245,2.99,50.96,13.04,1450.55,58.8,0.884,108,108,Low
5,138,245,2.7,51.23,13.11,1455.51,58.36,0.884,107,107,Low
5,139,245,2.92,52.15,13.29,1444.37,58.81,0.884,106,106,Low
5,140,245,2.91,51.17,13.2,1450.37,58.65,0.884,105,105,Low
5,141,245,2.89,52.02,13.03,1445.56,58.08,0.884,104,104,Low
5,142,245,2.84,51.26,13.11,1448.49,59.27,0.884,103,103,Low
5,143,245,2.86,53.48,13.06,1454.19,58.95,0.884,102,102,Low
5,144,245,3.05,52.66,13.43,1442.74,59.47,0.884,101,101,Low
5,145,245,2.74,53.34,13.66,1449.45,59.69,0.884,100,100,Low
5,146,245,3.05,53.5,13.52,1446.68,59.3,0.884,99,99,Low
5,147,245,3.07,50.33,13.46,1444.21,59.1,0.884,98,98,Low
5,148,245,3.35,52.86,13.67,1444.19,58.87,0.884,97,97,Low
5,149,245,3.05,52.77,13.01,1446.63,59.56,0.884,96,96,Low
5,150,245,3.13,52.44,13.6,1455.3,59.28,0.884,95,95,Low
5,151,245,3.17,53.94,13.72,1454.95,58.6,0.884,94,94,Low
5,152,245,3.09,52.73,13.21,1432.91,58.67,0.884,93,93,Low
5,153,245,3.22,52.31,13.19,1442.94,59.11,0.884,92,92,Low
5,154,245,3.22,53.31,13.92,1447.37,60.08,0.884,91,91,Low
5,155,245,3.3,53.42,13.55,1446.5,59.44,0.884,90,90,Low
5,156,245,3.34,55.28,13.41,1444.54,59.48,0.884,89,89,Low
5,157,245,3.27,52.81,14.1,1441.4,60.69,0.884,88,88,Low
5,158,245,3.48,55.07,13.69,1446.54,61.07,0.884,87,87,Low
5,159,245,3.57,54.5,13.78,1430.79,59.92,0.884,86,86,Low
5,160,245,3.19,53.44,13.85,1440.59,60.37,0.884,85,85,Low
5,161,245,3.61,54.42,14.06,1441.91,60.9,0.884,84,84,Low
5,162,245,3.53,55.04,14.21,1457.79,60.77,0.884,83,83,Low
5,163,245,3.42,54.18,13.64,1439.03,60.55,0.884,82,82,Low
5,164,245,3.63,53.82,13.78,1446.08,60.44,0.884,81,81,Low
5,165,245,3.67,55.03,14.07,1444.36,60.14,0.884,80,80,Low
5,166,245,3.63,55.44,14.02,1438.07,61.23,0.884,79,79,Low
5,167,245,3.75,54.36,14.05,1435.35,61.64,0.884,78,78,Low
5,168,245,3.52,55.46,14.1,1435.61,61.45,0.884,77,77,Low
5,169,245,3.87,54.42,14.42,1442.44,61.28,0.884,76,76,Low
5,170,245,4.11,55.63,13.93,1441.9,61.48,0.884,75,75,Low
5,171,245,3.49,57.35,13.78,1438.45,61.16,0.884,74,74,Low
5,172,245,3.84,54.85,14.0,1432.53,60.15,0.884,73,73,Low
5,173,245,3.73,55.77,14.28,1430.39,62.12,0.884,72,72,Low
5,174,245,3.71,58.03,14.09,1427.48,62.04,0.884,71,71,Low
5,175,245,4.01,55.68,14.79,1444.43,61.24,0.884,70,70,Low
5,176,245,4.02,57.5,14.3,1445.48,63.56,0.884,69,69,Low
5,177,245,4.16,56.31,14.16,1431.23,62.59,0.884,68,68,Low
5,178,245,4.29,56.68,13.78,1439.17,62.05,0.884,67,67,Low
5,179,245,4.0,57.47,14.51,1433.6,61.96,0.884,66,66,Low
5,180,245,4.52,57.13,14.12,1430.38,62.2,0.884,65,65,Low
5,181,245,4.12,57.74,14.22,1432.93,62.31,0.884,64,64,Low
5,182,245,4.35,56.53,14.34,1429.56,62.66,0.884,63,63,Low
5,183,245,4.27,57.74,14.37,1427.89,62.13,0.884,62,62,Low
5,184,245,4.17,58.42,14.16,1421.16,62.88,0.884,61,61,Low
5,185,245,4.25,58.57,14.47,1418.9,64.36,0.884,60,60,Low
5,186,245,4.38,58.64,14.46,1422.96,64.96,0.884,59,59,Low
5,187,245,4.46,57.19,14.75,1428.93,62.5,0.884,58,58,Low
5,188,245,4.47,57.58,14.73,1425.79,63.85,0.884,57,57,Low
5,189,245,4.58,57.92,14.46,1426.39,63.27,0.884,56,56,Low
5,190,245,4.64,58.28,14.69,1418.07,63.31,0.884,55,55,Low
5,191,245,4.78,56.94,14.43,1433.93,62.95,0.884,54,54,Low
5,192,245,4.79,58.99,14.33,1420.53,63.29,0.884,53,53,Low
5,193,245,4.62,60.41,14.72,1426.97,64.3,0.884,52,52,Low
5,194,245,4.99,59.38,14.96,1423.55,64.47,0.884,51,51,Low
5,195,245,4.57,61.04,14.95,1424.75,63.81,0.884,50,50,Low
5,196,245,4.67,60.19,14.48,1425.58,64.73,0.884,49,49,Low
5,197,245,4.79,58.25,14.82,1400.17,63.76,0.884,48,48,Low
5,198,245,4.82,60.29,14.7,1425.99,64.51,0.884,47,47,Low
5,199,245,4.82,61.0,14.59,1418.67,64.78,0.884,46,46,Low
5,200,245,4.87,59.46,14.69,1407.21,65.17,0.884,45,45,Low
5,201,245,5.06,61.51,15.41,1408.83,64.97,0.884,44,44,Low
5,202,245,5.06,60.91,15.08,1426.22,63.9,0.884,43,43,Low
5,203,245,5.19,62.13,14.6,1415.86,64.41,0.884,42,42,Low
5,204,245,5.27,60.68,14.98,1418.12,64.43,0.884,41,41,Low
5,205,245,4.97,63.12,15.49,1416.03,65.16,0.884,40,40,Medium
5,206,245,5.22,61.42,15.16,1414.77,64.57,0.884,39,39,Medium
5,207,245,5.33,61.09,15.53,1412.01,66.08,0.884,38,38,Medium
5,208,245,5.28,63.28,14.67,1418.97,64.1,0.884,37,37,Medium
5,209,245,5.41,62.39,15.23,1402.0,64.95,0.884,36,36,Medium
5,210,245,5.48,63.78,15.2,1413.96,64.81,0.884,35,35,Medium
5,211,245,5.37,64.46,15.54,1400.29,66.51,0.884,34,34,Medium
5,212,245,5.48,63.84,15.22,1407.62,64.62,0.884,33,33,Medium
5,213,245,5.43,64.21,15.35,1402.44,65.22,0.884,32,32,Medium
5,214,245,5.51,64.46,15.23,1406.66,66.49,0.884,31,31,Medium
5,215,245,5.77,63.36,15.41,1400.35,65.95,0.884,30,30,Medium
5,216,245,5.76,64.23,15.97,1403.25,67.66,0.884,29,29,Medium
5,217,245,5.81,64.47,15.78,1405.26,66.34,0.884,28,28,Medium
5,218,245,5.79,66.19,16.11,1403.07,67.37,0.884,27,27,Medium
5,219,245,5.84,66.33,15.75,1410.8,67.64,0.884,26,26,Medium
5,220,245,5.85,64.01,16.3,1404.73,67.52,0.884,25,25,Medium
5,221,245,6.02,66.67,15.64,1404.03,67.55,0.884,24,24,Medium
5,222,245,5.93,64.38,15.92,1395.63,67.84,0.884,23,23,Medium
5,223,245,6.07,65.87,15.74,1399.63,68.18,0.884,22,22,Medium
5,224,245,6.19,65.18,15.75,1389.52,67.56,0.884,21,21,Medium
5,225,245,6.22,66.44,15.99,1399.91,68.5,0.884,20,20,Medium
5,226,245,6.41,65.93,16.15,1389.5,67.78,0.884,19,19,Medium
5,227,245,6.11,66.83,16.49,1387.76,68.72,0.884,18,18,Medium
5,228,245,6.29,66.92,15.81,1400.91,69.61,0.884,17,17,Medium
5,229,245,6.39,66.84,15.96,1399.85,69.0,0.884,16,16,Medium
5,230,245,6.33,67.75,16.51,1394.86,68.42,0.884,15,15,High
5,231,245,6.48,68.4,16.17,1393.0,67.86,0.884,14,14,High
5,232,245,6.67,68.7,16.31,1373.76,69.91,0.884,13,13,High
5,233,245,6.45,69.16,16.7,1397.72,68.83,0.884,12,12,High
5,234,245,6.6,68.86,16.08,1378.05,70.6,0.884,11,11,High
5,235,245,6.72,69.06,16.14,1389.96,69.38,0.884,10,10,High
5,236,245,6.7,69.18,16.23,1391.5,68.61,0.884,9,9,High
5,237,245,6.8,70.44,16.8,1385.38,70.3,0.884,8,8,High
5,238,245,6.67,69.49,16.4,1384.87,69.77,0.884,7,7,High
5,239,245,6.96,69.35,16.53,1389.69,69.75,0.884,6,6,High
5,240,245,6.91,70.9,16.24,1383.46,69.35,0.884,5,5,High
5,241,245,6.94,70.81,16.7,1384.63,69.5,0.884,4,4,High
5,242,245,7.14,70.74,16.76,1381.37,70.43,0.884,3,3,High
5,243,245,7.02,71.52,17.06,1386.88,70.35,0.884,2,2,High
5,244,245,7.23,69.84,16.59,1365.19,70.88,0.884,1,1,High
5,245,245,7.24,72.5,16.72,1374.69,70.79,0.884,0,0,High
6,1,184,1.6,43.27,12.23,1480.99,55.3,1.219,183,130,Low
6,2,184,1.6,44.02,12.07,1479.8,54.56,1.219,182,130,Low
6,3,184,1.54,45.87,11.52,1474.44,54.71,1.219,181,130,Low
6,4,184,1.5,45.8,12.24,1493.04,55.77,1.219,180,130,Low
6,5,184,1.44,45.33,11.93,1478.0,55.09,1.219,179,130,Low
6,6,184,1.41,46.29,11.91,1485.54,54.43,1.219,178,130,Low
6,7,184,1.53,44.73,12.16,1483.83,55.44,1.219,177,130,Low
6,8,184,1.41,43.84,12.0,1482.83,55.58,1.219,176,130,Low
6,9,184,1.61,45.04,11.7,1486.01,54.43,1.219,175,130,Low
6,10,184,1.58,44.01,12.18,1479.65,54.76,1.219,174,130,Low
6,11,184,1.72,43.66,11.84,1475.92,55.65,1.219,173,130,Low
6,12,184,1.43,45.48,12.17,1482.3,54.48,1.219,172,130,Low
6,13,184,1.62,45.5,12.34,1488.34,55.76,1.219,171,130,Low
6,14,184,1.45,44.77,12.3,1478.49,55.67,1.219,170,130,Low
6,15,184,1.44,45.18,12.67,1477.5,55.65,1.219,169,130,Low
6,16,184,1.36,44.54,11.96,1473.44,56.0,1.219,168,130,Low
6,17,184,1.54,45.94,12.17,1486.19,54.83,1.219,167,130,Low
6,18,184,1.48,44.25,12.05,1478.42,56.12,1.219,166,130,Low
6,19,184,1.44,45.37,12.5,1477.0,54.68,1.219,165,130,Low
6,20,184,1.54,45.62,12.12,1476.32,55.52,1.219,164,130,Low
6,21,184,1.56,44.74,11.94,1470.03,54.93,1.219,163,130,Low
6,22,184,1.55,45.47,12.04,1481.2,55.16,1.219,162,130,Low
6,23,184,1.55,45.46,11.8,1473.99,55.96,1.219,161,130,Low
6,24,184,1.63,44.7,12.05,1489.61,54.68,1.219,160,130,Low
6,25,184,1.61,44.69,12.02,1481.54,54.52,1.219,159,130,Low
6,26,184,1.51,46.04,12.04,1484.28,56.23,1.219,158,130,Low
6,27,184,1.46,46.05,12.19,1482.04,54.21,1.219,157,130,Low
6,28,184,1.61,43.83,12.16,1465.84,54.9,1.219,156,130,Low
6,29,184,1.31,45.97,12.25,1477.23,56.44,1.219,155,130,Low
6,30,184,1.45,45.33,12.76,1479.79,56.94,1.219,154,130,Low
6,31,184,1.53,46.32,12.26,1474.98,54.66,1.219,153,130,Low
6,32,184,1.55,46.67,11.64,1489.71,55.17,1.219,152,130,Low
6,33,184,1.81,45.12,12.21,1480.66,55.11,1.219,151,130,Low
6,34,184,1.62,46.74,11.8,1478.28,55.74,1.219,150,130,Low
6,35,184,1.62,45.7,12.75,1474.22,54.45,1.219,149,130,Low
6,36,184,1.69,46.68,12.05,1466.21,55.34,1.219,148,130,Low
6,37,184,1.65,44.58,12.18,1475.36,56.29,1.219,147,130,Low
6,38,184,1.91,45.86,12.01,1471.52,56.94,1.219,146,130,Low
6,39,184,1.64,45.58,12.33,1487.51,54.84,1.219,145,130,Low
6,40,184,1.56,45.97,12.24,1478.65,55.21,1.219,144,130,Low
6,41,184,1.61,46.25,12.27,1484.37,54.86,1.219,143,130,Low
6,42,184,1.83,45.4,12.62,1486.5,55.91,1.219,142,130,Low
6,43,184,1.69,45.22,12.16,1476.09,55.57,1.219,141,130,Low
6,44,184,1.83,44.87,12.34,1479.29,54.98,1.219,140,130,Low
6,45,184,1.77,46.26,11.87,1465.68,56.04,1.219,139,130,Low
6,46,184,1.92,45.59,12.08,1482.65,55.92,1.219,138,130,Low
6,47,184,2.0,46.65,12.63,1473.11,55.88,1.219,137,130,Low
6,48,184,1.86,46.0,12.23,1471.76,57.02,1.219,136,130,Low
6,49,184,1.8,47.19,12.09,1470.03,55.49,1.219,135,130,Low
6,50,184,1.76,46.4,12.39,1475.84,55.51,1.219,134,130,Low
6,51,184,1.8,47.68,12.35,1476.54,56.83,1.219,133,130,Low
6,52,184,1.79,47.55,12.05,1478.2,56.26,1.219,132,130,Low
6,53,184,1.84,45.94,12.17,1460.39,55.97,1.219,131,130,Low
6,54,184,1.76,48.58,12.8,1472.44,56.18,1.219,130,130,Low
6,55,184,1.91,46.1,12.02,1478.74,55.16,1.219,129,129,Low
6,56,184,1.96,46.24,12.29,1469.72,56.88,1.219,128,128,Low
6,57,184,1.84,47.26,12.41,1469.73,56.52,1.219,127,127,Low
6,58,184,2.21,47.83,12.25,1466.97,56.98,1.219,126,126,Low
6,59,184,1.81,48.25,12.27,1473.07,55.69,1.219,125,125,Low
6,60,184,2.12,47.21,12.93,1468.65,56.64,1.219,124,124,Low
6,61,184,2.09,49.23,12.46,1483.86,56.69,1.219,123,123,Low
6,62,184,2.21,47.6,12.27,1480.24,55.58,1.219,122,122,Low
6,63,184,2.16,46.71,12.36,1472.6,56.03,1.219,121,121,Low
6,64,184,2.3,48.14,13.02,1459.04,56.64,1.219,120,120,Low
6,65,184,2.16,48.68,11.96,1467.38,56.7,1.219,119,119,Low
6,66,184,2.04,47.21,12.47,1475.12,55.97,1.219,118,118,Low
6,67,184,1.96,46.81,12.32,1468.98,56.65,1.219,117,117,Low
6,68,184,2.05,48.25,12.25,1465.63,56.53,1.219,116,116,Low
6,69,184,2.21,47.38,12.82,1468.69,56.02,1.219,115,115,Low
6,70,184,2.3,49.18,12.56,1465.15,56.67,1.219,114,114,Low
6,71,184,2.14,47.65,12.59,1459.59,56.55,1.219,113,113,Low
6,72,184,2.23,48.91,12.85,1472.57,57.67,1.219,112,112,Low
6,73,184,2.38,50.44,12.83,1469.06,57.11,1.219,111,111,Low
6,74,184,2.21,48.21,12.62,1465.28,57.62,1.219,110,110,Low
6,75,184,2.29,49.17,12.64,1461.5,58.3,1.219,109,109,Low
6,76,184,2.15,48.25,12.16,1463.78,57.97,1.219,108,108,Low
6,77,184,2.36,49.44,12.71,1465.56,57.87,1.219,107,107,Low
6,78,184,2.65,48.11,12.37,1459.29,56.89,1.219,106,106,Low
6,79,184,2.36,49.21,12.76,1465.92,57.4,1.219,105,105,Low
6,80,184,2.51,49.64,12.87,1459.81,57.42,1.219,104,104,Low
6,81,184,2.28,49.68,12.91,1457.23,58.6,1.219,103,103,Low
6,82,184,2.41,51.04,12.73,1465.63,58.02,1.219,102,102,Low
6,83,184,2.72,49.31,13.11,1462.64,59.16,1.219,101,101,Low
6,84,184,2.63,48.94,13.07,1467.43,58.8,1.219,100,100,Low
6,85,184,2.61,49.58,12.75,1461.59,57.97,1.219,99,99,Low
6,86,184,2.67,49.87,12.45,1458.93,57.97,1.219,98,98,Low
6,87,184,2.63,48.99,12.67,1454.94,58.86,1.219,97,97,Low
6,88,184,2.84,50.76,13.44,1452.47,58.56,1.219,96,96,Low
6,89,184,2.78,49.99,13.16,1454.47,58.4,1.219,95,95,Low
6,90,184,2.88,52.01,12.85,1452.85,59.24,1.219,94,94,Low
6,91,184,2.93,50.83,13.0,1453.38,58.72,1.219,93,93,Low
6,92,184,3.07,52.29,13.54,1448.48,58.76,1.219,92,92,Low
6,93,184,2.86,51.24,13.17,1456.53,59.54,1.219,91,91,Low
6,94,184,2.88,51.06,13.34,1456.46,58.97,1.219,90,90,Low
6,95,184,2.94,51.68,13.14,1445.89,59.91,1.219,89,89,Low
6,96,184,3.22,52.63,13.22,1452.92,59.19,1.219,88,88,Low
6,97,184,3.15,53.2,13.39,1437.46,59.43,1.219,87,87,Low
6,98,184,3.25,52.38,13.5,1438.54,59.19,1.219,86,86,Low
6,99,184,3.06,52.5,13.35,1449.59,60.44,1.219,85,85,Low
6,100,184,3.24,52.48,13.3,1451.59,59.07,1.219,84,84,Low
6,101,184,3.37,53.71,13.45,1453.27,59.42,1.219,83,83,Low
6,102,184,3.37,53.61,13.71,1448.51,59.74,1.219,82,82,Low
6,103,184,3.23,54.03,13.8,1436.29,60.79,1.219,81,81,Low
6,104,184,3.5,52.56,13.7,1445.74,60.38,1.219,80,80,Low
6,105,184,3.37,55.26,13.87,1456.42,60.1,1.219,79,79,Low
6,106,184,3.43,54.43,13.58,1447.56,59.66,1.219,78,78,Low
6,107,184,3.46,54.29,13.7,1445.3,62.34,1.219,77,77,Low
6,108,184,3.59,54.12,13.45,1436.1,60.21,1.219,76,76,Low
6,109,184,3.93,54.71,13.5,1443.29,61.54,1.219,75,75,Low
6,110,184,3.66,54.22,14.17,1437.35,61.25,1.219,74,74,Low
6,111,184,3.93,53.59,14.07,1442.11,60.63,1.219,73,73,Low
6,112,184,3.81,56.5,14.03,1437.64,61.17,1.219,72,72,Low
6,113,184,3.93,55.72,14.16,1427.88,61.92,1.219,71,71,Low
6,114,184,4.05,57.22,13.88,1433.19,62.14,1.219,70,70,Low
6,115,184,3.76,56.89,14.07,1432.5,62.17,1.219,69,69,Low
6,116,184,3.96,55.85,14.07,1442.6,62.52,1.219,68,68,Low
6,117,184,4.08,56.16,14.12,1431.0,60.96,1.219,67,67,Low
6,118,184,4.04,56.1,14.43,1438.16,63.0,1.219,66,66,Low
6,119,184,4.06,57.48,13.64,1428.36,62.78,1.219,65,65,Low
6,120,184,3.99,56.4,14.36,1428.45,61.42,1.219,64,64,Low
6,121,184,4.22,57.23,14.3,1433.25,62.13,1.219,63,63,Low
6,122,184,4.41,57.86,14.16,1432.02,62.67,1.219,62,62,Low
6,123,184,4.3,57.28,14.67,1428.9,63.27,1.219,61,61,Low
6,124,184,4.44,59.32,14.33,1435.55,61.9,1.219,60,60,Low
6,125,184,4.57,57.63,14.55,1423.43,62.11,1.219,59,59,Low
6,126,184,4.6,59.08,14.51,1418.73,62.93,1.219,58,58,Low
6,127,184,4.57,59.14,14.55,1418.65,64.33,1.219,57,57,Low
6,128,184,4.9,59.11,14.58,1418.04,64.29,1.219,56,56,Low
6,129,184,4.92,59.98,14.45,1427.97,64.58,1.219,55,55,Low
6,130,184,4.63,61.45,14.84,1421.77,64.3,1.219,54,54,Low
6,131,184,4.98,61.9,14.81,1419.3,64.31,1.219,53,53,Low
6,132,184,5.11,60.98,15.15,1422.71,63.67,1.219,52,52,Low
6,133,184,5.08,60.45,14.49,1404.44,64.47,1.219,51,51,Low
6,134,184,5.26,63.54,14.85,1410.2,65.01,1.219,50,50,Low
6,135,184,5.24,61.85,14.99,1407.66,63.36,1.219,49,49,Low
6,136,184,5.26,60.36,15.5,1411.45,65.07,1.219,48,48,Low
6,137,184,5.12,62.72,15.35,1414.86,64.89,1.219,47,47,Low
6,138,184,5.32,63.7,15.74,1406.48,65.01,1.219,46,46,Low
6,139,184,5.3,63.84,15.46,1395.56,66.29,1.219,45,45,Low
6,140,184,5.38,64.28,15.42,1402.75,66.68,1.219,44,44,Low
6,141,184,5.3,64.55,15.11,1402.64,66.92,1.219,43,43,Low
6,142,184,5.68,64.16,15.17,1404.49,65.46,1.219,42,42,Low
6,143,184,5.77,63.31,15.21,1399.74,66.53,1.219,41,41,Low
6,144,184,5.87,64.19,16.25,1393.75,66.62,1.219,40,40,Medium
6,145,184,5.91,65.2,15.32,1393.3,66.6,1.219,39,39,Medium
6,146,184,5.97,65.88,15.85,1390.26,67.36,1.219,38,38,Medium
6,147,184,6.12,65.76,16.22,1395.13,67.59,1.219,37,37,Medium
6,148,184,5.91,67.01,16.01,1388.73,67.81,1.219,36,36,Medium
6,149,184,6.23,64.73,15.64,1395.02,68.32,1.219,35,35,Medium
6,150,184,6.3,67.52,16.46,1390.07,68.79,1.219,34,34,Medium
6,151,184,6.28,67.88,16.42,1390.36,67.87,1.219,33,33,Medium
6,152,184,6.49,66.74,15.85,1392.12,67.73,1.219,32,32,Medium
6,153,184,6.61,67.45,16.48,1392.08,67.61,1.219,31,31,Medium
6,154,184,6.33,67.14,15.94,1386.27,68.94,1.219,30,30,Medium
6,155,184,6.72,67.56,16.21,1388.47,69.74,1.219,29,29,Medium
6,156,184,6.7,68.18,16.4,1382.34,71.0,1.219,28,28,Medium
6,157,184,6.76,67.99,16.96,1384.25,70.28,1.219,27,27,Medium
6,158,184,6.83,71.49,16.53,1374.5,70.34,1.219,26,26,Medium
6,159,184,7.01,69.49,16.45,1377.93,70.69,1.219,25,25,Medium
6,160,184,7.03,70.55,16.93,1380.94,70.42,1.219,24,24,Medium
6,161,184,7.17,71.1,16.76,1383.23,70.67,1.219,23,23,Medium
6,162,184,7.21,71.59,17.54,1370.51,71.6,1.219,22,22,Medium
6,163,184,7.49,71.21,17.08,1367.09,70.14,1.219,21,21,Medium
6,164,184,7.49,72.48,17.14,1366.22,72.29,1.219,20,20,Medium
6,165,184,7.49,73.29,16.75,1372.3,71.69,1.219,19,19,Medium
6,166,184,7.88,72.76,17.09,1372.94,71.59,1.219,18,18,Medium
6,167,184,7.79,74.62,17.17,1363.81,71.94,1.219,17,17,Medium
6,168,184,7.84,74.46,17.18,1362.68,73.3,1.219,16,16,Medium
6,169,184,7.97,74.2,17.36,1366.38,72.84,1.219,15,15,High
6,170,184,8.09,74.77,18.09,1364.54,72.24,1.219,14,14,High
6,171,184,8.42,75.86,17.62,1353.13,73.83,1.219,13,13,High
6,172,184,8.24,76.02,17.68,1374.77,73.7,1.219,12,12,High
6,173,184,8.4,76.3,17.81,1352.08,75.17,1.219,11,11,High
6,174,184,8.38,76.96,18.03,1354.06,74.87,1.219,10,10,High
6,175,184,8.77,77.61,18.18,1341.16,73.7,1.219,9,9,High
6,176,184,8.48,77.2,17.84,1348.47,75.2,1.219,8,8,High
6,177,184,8.68,76.91,18.19,1352.61,73.29,1.219,7,7,High
6,178,184,8.87,78.08,18.42,1343.78,75.35,1.219,6,6,High
6,179,184,9.02,79.32,18.11,1335.82,75.14,1.219,5,5,High
6,180,184,8.93,79.63,18.48,1352.58,76.63,1.219,4,4,High
6,181,184,9.18,79.57,18.26,1337.71,76.3,1.219,3,3,High
6,182,184,9.25,79.84,18.47,1331.59,76.54,1.219,2,2,High
6,183,184,9.09,81.62,19.05,1345.08,76.72,1.219,1,1,High
6,184,184,9.13,81.08,18.36,1329.99,76.99,1.219,0,0,High
7,1,181,1.79,46.83,11.95,1482.6,53.86,1.15,180,130,Low
7,2,181,1.45,44.95,12.23,1493.15,54.85,1.15,179,130,Low
7,3,181,1.47,45.03,11.88,1480.7,55.2,1.15,178,130,Low
7,4,181,1.42,45.71,12.21,1474.94,55.46,1.15,177,130,Low
7,5,181,1.37,45.57,11.93,1475.98,55.16,1.15,176,130,Low
7,6,181,1.51,45.2,11.73,1493.4,55.14,1.15,175,130,Low
7,7,181,1.71,45.89,12.04,1476.36,55.38,1.15,174,130,Low
7,8,181,1.52,46.04,11.98,1476.21,54.66,1.15,173,130,Low
7,9,181,1.5,44.21,12.3,1472.34,55.15,1.15,172,130,Low
7,10,181,1.55,45.37,11.79,1475.17,55.55,1.15,171,130,Low
7,11,181,1.42,44.84,12.09,1484.48,54.36,1.15,170,130,Low
7,12,181,1.78,43.97,11.4,1482.66,54.62,1.15,169,130,Low
7,13,181,1.74,44.47,11.93,1476.83,55.5,1.15,168,130,Low
7,14,181,1.38,44.77,11.89,1477.05,55.59,1.15,167,130,Low
7,15,181,1.56,44.67,12.04,1484.6,54.85,1.15,166,130,Low
7,16,181,1.58,46.18,12.2,1483.31,54.66,1.15,165,130,Low
7,17,181,1.4,45.37,12.1,1478.11,55.51,1.15,164,130,Low
7,18,181,1.78,43.32,11.87,1487.01,54.7,1.15,163,130,Low
7,19,181,1.55,45.2,11.65,1487.22,54.05,1.15,162,130,Low
7,20,181,1.55,44.97,11.82,1474.85,54.98,1.15,161,130,Low
7,21,181,1.58,45.51,12.16,1481.4,55.06,1.15,160,130,Low
7,22,181,1.72,44.0,12.07,1481.37,53.96,1.15,159,130,Low
7,23,181,1.61,44.66,12.55,1477.24,53.72,1.15,158,130,Low
7,24,181,1.33,45.11,12.11,1478.22,54.88,1.15,157,130,Low
7,25,181,1.78,46.05,12.14,1478.17,54.66,1.15,156,130,Low
7,26,181,1.53,46.16,12.06,1478.91,53.78,1.15,155,130,Low
7,27,181,1.68,45.7,11.69,1486.96,56.52,1.15,154,130,Low
7,28,181,1.43,46.09,11.76,1482.56,54.64,1.15,153,130,Low
7,29,181,1.73,44.78,12.02,1478.87,54.53,1.15,152,130,Low
7,30,181,1.48,46.5,12.17,1473.04,55.55,1.15,151,130,Low
7,31,181,1.35,45.06,12.21,1476.68,56.97,1.15,150,130,Low
7,32,181,1.57,46.67,12.33,1480.86,54.96,1.15,149,130,Low
7,33,181,1.83,45.65,12.26,1492.31,56.95,1.15,148,130,Low
7,34,181,1.59,46.53,11.96,1480.68,55.37,1.15,147,130,Low
7,35,181,1.78,47.17,12.21,1476.88,55.46,1.15,146,130,Low
7,36,181,1.58,46.92,11.97,1475.64,55.62,1.15,145,130,Low
7,37,181,1.57,47.35,12.18,1469.26,55.34,1.15,144,130,Low
7,38,181,1.7,45.65,12.55,1480.11,55.0,1.15,143,130,Low
7,39,181,1.6,45.72,12.19,1487.39,55.2,1.15,142,130,Low
7,40,181,1.53,43.63,12.25,1473.36,55.35,1.15,141,130,Low
7,41,181,1.53,45.92,11.95,1480.04,55.21,1.15,140,130,Low
7,42,181,1.78,46.67,12.07,1481.95,55.62,1.15,139,130,Low
7,43,181,1.56,44.97,12.38,1482.59,56.41,1.15,138,130,Low
7,44,181,1.81,45.81,12.06,1482.87,55.28,1.15,137,130,Low
7,45,181,1.79,45.76,12.02,1481.24,55.51,1.15,136,130,Low
7,46,181,1.52,43.73,12.18,1473.93,56.48,1.15,135,130,Low
7,47,181,1.92,47.06,12.05,1481.04,56.19,1.15,134,130,Low
7,48,181,1.78,47.73,11.88,1483.39,56.17,1.15,133,130,Low
7,49,181,1.67,45.86,12.56,1476.13,54.91,1.15,132,130,Low
7,50,181,1.79,45.95,11.99,1468.63,56.22,1.15,131,130,Low
7,51,181,1.86,45.19,12.15,1478.3,56.27,1.15,130,130,Low
7,52,181,2.03,45.91,12.14,1464.74,56.52,1.15,129,129,Low
7,53,181,2.01,47.09,12.66,1472.8,55.58,1.15,128,128,Low
7,54,181,1.82,47.79,11.59,1469.93,56.97,1.15,127,127,Low
7,55,181,1.75,48.11,12.81,1482.87,56.11,1.15,126,126,Low
7,56,181,2.04,47.26,12.36,1471.46,56.36,1.15,125,125,Low
7,57,181,1.83,46.71,12.78,1472.97,55.83,1.15,124,124,Low
7,58,181,2.0,46.35,12.17,1473.74,56.46,1.15,123,123,Low
7,59,181,2.02,47.21,12.68,1472.77,56.66,1.15,122,122,Low
7,60,181,1.92,47.06,12.71,1467.02,56.59,1.15,121,121,Low
7,61,181,2.18,46.32,12.22,1469.18,56.55,1.15,120,120,Low
7,62,181,1.91,47.46,12.34,1466.16,55.9,1.15,119,119,Low
7,63,181,2.01,47.9,12.35,1462.47,56.88,1.15,118,118,Low
7,64,181,2.01,47.85,12.47,1469.16,56.73,1.15,117,117,Low
7,65,181,2.25,48.27,12.55,1474.46,56.01,1.15,116,116,Low
7,66,181,2.08,48.23,12.46,1479.23,56.7,1.15,115,115,Low
7,67,181,2.0,47.44,12.62,1468.54,56.74,1.15,114,114,Low
7,68,181,2.17,46.65,12.24,1467.97,56.46,1.15,113,113,Low
7,69,181,2.32,47.89,12.51,1471.99,57.23,1.15,112,112,Low
7,70,181,2.28,48.71,13.08,1468.18,57.52,1.15,111,111,Low
7,71,181,2.18,47.92,12.53,1474.8,56.99,1.15,110,110,Low
7,72,181,2.23,48.24,12.4,1472.84,56.83,1.15,109,109,Low
7,73,181,2.08,48.44,12.55,1474.2,56.72,1.15,108,108,Low
7,74,181,2.41,49.37,12.12,1465.85,57.26,1.15,107,107,Low
7,75,181,2.28,48.63,13.02,1470.19,56.5,1.15,106,106,Low
7,76,181,2.4,49.15,12.84,1466.14,55.7,1.15,105,105,Low
7,77,181,2.52,48.81,12.71,1466.09,57.06,1.15,104,104,Low
7,78,181,2.42,48.63,12.53,1470.39,57.35,1.15,103,103,Low
7,79,181,2.4,49.22,12.91,1469.27,58.25,1.15,102,102,Low
7,80,181,2.31,49.39,12.86,1456.18,57.53,1.15,101,101,Low
7,81,181,2.5,50.24,12.74,1452.94,58.38,1.15,100,100,Low
7,82,181,2.52,50.42,13.04,1468.91,56.74,1.15,99,99,Low
7,83,181,2.84,49.33,12.56,1459.1,57.93,1.15,98,98,Low
7,84,181,2.53,50.16,13.1,1451.76,58.15,1.15,97,97,Low
7,85,181,2.65,50.7,12.86,1458.6,58.04,1.15,96,96,Low
7,86,181,2.52,50.02,12.94,1457.88,57.63,1.15,95,95,Low
7,87,181,2.6,50.79,12.97,1460.82,59.49,1.15,94,94,Low
7,88,181,2.65,51.67,12.81,1451.22,58.52,1.15,93,93,Low
7,89,181,2.78,49.19,13.28,1449.53,57.41,1.15,92,92,Low
7,90,181,2.61,51.8,13.08,1460.93,59.11,1.15,91,91,Low
7,91,181,2.73,52.28,13.2,1459.3,58.02,1.15,90,90,Low
7,92,181,2.99,50.8,12.63,1455.82,59.31,1.15,89,89,Low
7,93,181,2.71,50.23,13.03,1460.63,58.81,1.15,88,88,Low
7,94,181,3.05,51.02,13.19,1459.78,58.86,1.15,87,87,Low
7,95,181,2.84,52.85,13.17,1446.48,59.7,1.15,86,86,Low
7,96,181,2.77,51.71,13.22,1445.44,58.77,1.15,85,85,Low
7,97,181,3.23,53.05,13.2,1450.12,59.17,1.15,84,84,Low
7,98,181,3.18,51.73,12.83,1447.9,58.39,1.15,83,83,Low
7,99,181,3.11,51.52,13.58,1452.7,58.98,1.15,82,82,Low
7,100,181,2.95,52.94,13.27,1443.56,60.82,1.15,81,81,Low
7,101,181,3.16,53.95,13.16,1457.0,60.38,1.15,80,80,Low
7,102,181,3.34,54.45,13.3,1450.61,59.67,1.15,79,79,Low
7,103,181,3.3,55.18,13.0,1451.58,61.23,1.15,78,78,Low
7,104,181,3.23,52.36,13.67,1445.48,61.34,1.15,77,77,Low
7,105,181,3.3,53.15,13.62,1449.02,58.19,1.15,76,76,Low
7,106,181,3.52,53.32,13.41,1445.84,59.57,1.15,75,75,Low
7,107,181,3.53,53.9,13.64,1434.58,59.96,1.15,74,74,Low
7,108,181,3.59,53.86,13.42,1436.75,59.94,1.15,73,73,Low
7,109,181,3.67,55.3,13.79,1444.39,60.62,1.15,72,72,Low
7,110,181,3.72,53.49,13.96,1444.33,61.35,1.15,71,71,Low
7,111,181,3.7,55.82,13.65,1440.62,61.93,1.15,70,70,Low
7,112,181,3.77,55.03,14.16,1437.71,61.89,1.15,69,69,Low
7,113,181,3.9,55.16,14.04,1439.31,61.89,1.15,68,68,Low
7,114,181,3.85,55.29,14.22,1449.49,60.83,1.15,67,67,Low
7,115,181,3.91,58.44,14.01,1434.36,61.48,1.15,66,66,Low
7,116,181,4.0,57.66,13.95,1433.38,62.48,1.15,65,65,Low
7,117,181,3.91,56.88,14.08,1429.6,61.64,1.15,64,64,Low
7,118,181,4.14,56.79,14.14,1434.83,61.91,1.15,63,63,Low
7,119,181,3.98,57.76,14.45,1436.61,63.3,1.15,62,62,Low
7,120,181,4.3,56.31,14.55,1432.15,61.42,1.15,61,61,Low
7,121,181,4.16,58.58,13.98,1431.99,62.9,1.15,60,60,Low
7,122,181,4.32,58.1,14.51,1427.78,61.78,1.15,59,59,Low
7,123,181,4.25,58.76,14.08,1415.02,62.96,1.15,58,58,Low
7,124,181,4.26,57.59,14.63,1426.64,62.8,1.15,57,57,Low
7,125,181,4.45,59.73,14.53,1428.14,62.93,1.15,56,56,Low
7,126,181,4.32,59.22,14.51,1426.84,63.77,1.15,55,55,Low
7,127,181,4.51,59.02,14.88,1421.42,64.58,1.15,54,54,Low
7,128,181,4.63,60.0,14.42,1420.06,64.04,1.15,53,53,Low
7,129,181,4.77,60.3,14.65,1416.01,63.25,1.15,52,52,Low
7,130,181,4.73,60.39,15.02,1426.98,63.64,1.15,51,51,Low
7,131,181,4.79,60.53,14.97,1413.78,64.92,1.15,50,50,Low
7,132,181,4.86,60.29,14.55,1424.65,63.7,1.15,49,49,Low
7,133,181,5.02,60.54,14.89,1417.23,64.96,1.15,48,48,Low
7,134,181,5.21,59.75,15.15,1418.25,64.6,1.15,47,47,Low
7,135,181,5.27,64.18,15.06,1416.81,63.63,1.15,46,46,Low
7,136,181,5.4,61.23,15.36,1418.97,66.0,1.15,45,45,Low
7,137,181,5.18,62.54,15.13,1411.3,65.11,1.15,44,44,Low
7,138,181,5.38,62.91,14.95,1411.52,65.5,1.15,43,43,Low
7,139,181,5.26,62.35,15.32,1405.07,65.36,1.15,42,42,Low
7,140,181,5.63,63.25,14.92,1407.52,66.11,1.15,41,41,Low
7,141,181,5.48,63.37,15.53,1397.51,65.34,1.15,40,40,Medium
7,142,181,5.57,63.04,15.1,1411.27,67.11,1.15,39,39,Medium
7,143,181,5.66,62.96,15.66,1398.93,67.05,1.15,38,38,Medium
7,144,181,5.66,65.21,15.35,1390.29,66.45,1.15,37,37,Medium
7,145,181,5.88,66.3,16.08,1409.57,65.97,1.15,36,36,Medium
7,146,181,5.69,64.95,16.09,1402.4,66.91,1.15,35,35,Medium
7,147,181,6.16,65.35,15.73,1395.91,67.86,1.15,34,34,Medium
7,148,181,5.91,66.09,15.88,1402.87,67.59,1.15,33,33,Medium
7,149,181,6.1,66.82,15.85,1396.61,67.19,1.15,32,32,Medium
7,150,181,6.39,66.3,15.75,1391.5,68.57,1.15,31,31,Medium
7,151,181,6.16,69.0,15.95,1390.11,67.64,1.15,30,30,Medium
7,152,181,6.36,69.35,16.07,1391.63,67.79,1.15,29,29,Medium
7,153,181,6.41,68.07,15.75,1395.4,67.88,1.15,28,28,Medium
7,154,181,6.53,66.13,15.98,1388.86,68.39,1.15,27,27,Medium
7,155,181,6.72,68.04,16.12,1386.43,68.87,1.15,26,26,Medium
7,156,181,6.68,69.51,16.57,1381.92,69.04,1.15,25,25,Medium
7,157,181,6.71,70.11,16.44,1389.06,69.06,1.15,24,24,Medium
7,158,181,6.7,69.3,16.13,1374.6,70.38,1.15,23,23,Medium
7,159,181,6.8,70.65,16.63,1372.41,69.48,1.15,22,22,Medium
7,160,181,7.1,69.35,16.24,1378.71,69.45,1.15,21,21,Medium
7,161,181,7.06,70.73,16.89,1368.37,70.02,1.15,20,20,Medium
7,162,181,7.39,72.14,16.68,1382.78,70.6,1.15,19,19,Medium
7,163,181,7.05,71.49,17.16,1366.68,69.76,1.15,18,18,Medium
7,164,181,7.51,71.9,16.62,1374.43,70.82,1.15,17,17,Medium
7,165,181,7.39,72.46,17.0,1365.83,70.23,1.15,16,16,Medium
7,166,181,7.5,71.42,17.3,1369.38,71.99,1.15,15,15,High
7,167,181,7.56,73.13,16.58,1371.19,72.07,1.15,14,14,High
7,168,181,7.77,74.39,17.08,1362.34,71.44,1.15,13,13,High
7,169,181,7.7,75.34,17.1,1360.27,72.18,1.15,12,12,High
7,170,181,8.15,74.72,17.23,1366.93,73.54,1.15,11,11,High
7,171,181,7.94,75.88,17.11,1351.66,72.77,1.15,10,10,High
7,172,181,8.26,75.1,17.95,1352.95,73.08,1.15,9,9,High
7,173,181,8.14,76.18,17.74,1358.69,73.13,1.15,8,8,High
7,174,181,8.11,77.16,17.67,1355.18,74.09,1.15,7,7,High
7,175,181,8.34,77.82,18.08,1343.3,75.08,1.15,6,6,High
7,176,181,8.46,77.37,17.49,1346.7,73.57,1.15,5,5,High
7,177,181,8.68,76.51,17.93,1347.7,74.54,1.15,4,4,High
7,178,181,8.65,78.36,18.3,1348.27,74.79,1.15,3,3,High
7,179,181,8.51,79.2,18.13,1352.91,74.88,1.15,2,2,High
7,180,181,8.74,79.44,18.2,1348.28,75.73,1.15,1,1,High
7,181,181,8.9,78.2,18.21,1342.26,75.91,1.15,0,0,High
8,1,311,1.3,44.4,11.97,1475.38,55.35,0.947,310,130,Low
8,2,311,1.62,45.44,12.14,1490.24,54.78,0.947,309,130,Low
8,3,311,1.66,46.01,11.78,1472.75,55.54,0.947,308,130,Low
8,4,311,1.59,43.64,12.21,1477.84,55.13,0.947,307,130,Low
8,5,311,1.49,43.43,12.07,1478.78,54.86,0.947,306,130,Low
8,6,311,1.58,46.32,11.91,1478.81,54.05,0.947,305,130,Low
8,7,311,1.4,44.96,12.29,1490.22,56.37,0.947,304,130,Low
8,8,311,1.56,44.32,11.98,1485.48,55.47,0.947,303,130,Low
8,9,311,1.45,45.28,12.37,1480.26,53.87,0.947,302,130,Low
8,10,311,1.71,45.46,12.23,1478.0,54.99,0.947,301,130,Low
8,11,311,1.49,45.81,11.82,1478.84,55.62,0.947,300,130,Low
8,12,311,1.61,44.91,12.06,1476.02,54.18,0.947,299,130,Low
8,13,311,1.61,43.7,11.71,1481.63,55.9,0.947,298,130,Low
8,14,311,1.5,45.64,12.02,1484.71,54.39,0.947,297,130,Low
8,15,311,1.47,44.84,11.51,1476.02,55.82,0.947,296,130,Low
8,16,311,1.49,44.45,12.39,1474.94,54.25,0.947,295,130,Low
8,17,311,1.54,44.81,11.7,1484.71,54.87,0.947,294,130,Low
8,18,311,1.68,44.61,12.07,1475.24,54.3,0.947,293,130,Low
8,19,311,1.5,43.88,12.32,1473.89,55.41,0.947,292,130,Low
8,20,311,1.55,44.01,12.15,1490.09,55.01,0.947,291,130,Low
8,21,311,1.37,46.47,12.08,1484.32,55.37,0.947,290,130,Low
8,22,311,1.38,44.02,12.3,1477.65,55.11,0.947,289,130,Low
8,23,311,1.43,44.69,12.23,1492.7,54.76,0.947,288,130,Low
8,24,311,1.52,46.21,11.97,1490.08,55.32,0.947,287,130,Low
8,25,311,1.62,44.55,11.35,1481.78,54.21,0.947,286,130,Low
8,26,311,1.6,44.58,11.91,1471.5,55.47,0.947,285,130,Low
8,27,311,1.34,45.59,12.16,1481.52,55.99,0.947,284,130,Low
8,28,311,1.54,45.73,11.73,1476.39,56.02,0.947,283,130,Low
8,29,311,1.67,46.11,12.06,1474.28,54.76,0.947,282,130,Low
8,30,311,1.56,45.38,12.23,1484.08,54.3,0.947,281,130,Low
8,31,311,1.37,45.89,12.23,1484.64,54.41,0.947,280,130,Low
8,32,311,1.9,45.73,11.73,1476.86,54.46,0.947,279,130,Low
8,33,311,1.56,44.22,12.09,1477.6,55.12,0.947,278,130,Low
8,34,311,1.54,44.69,12.25,1481.05,55.31,0.947,277,130,Low
8,35,311,1.63,46.1,11.92,1471.41,54.17,0.947,276,130,Low
8,36,311,1.42,45.03,12.16,1474.43,55.68,0.947,275,130,Low
8,37,311,1.4,46.42,11.9,1480.98,54.21,0.947,274,130,Low
8,38,311,1.45,45.41,11.81,1489.83,54.4,0.947,273,130,Low
8,39,311,1.55,45.3,12.15,1475.67,55.27,0.947,272,130,Low
8,40,311,1.47,45.58,11.74,1478.04,56.14,0.947,271,130,Low
8,41,311,1.4,44.42,11.89,1487.32,55.04,0.947,270,130,Low
8,42,311,1.72,44.85,12.0,1472.62,55.01,0.947,269,130,Low
8,43,311,1.59,45.41,11.24,1479.03,55.38,0.947,268,130,Low
8,44,311,1.45,45.11,12.11,1476.06,55.18,0.947,267,130,Low
8,45,311,1.54,45.81,11.74,1473.44,55.05,0.947,266,130,Low
8,46,311,1.54,44.21,12.07,1476.32,55.12,0.947,265,130,Low
8,47,311,1.78,46.19,12.04,1481.57,55.39,0.947,264,130,Low
8,48,311,1.58,45.18,11.83,1470.22,56.88,0.947,263,130,Low
8,49,311,1.3,45.13,11.82,1487.29,55.36,0.947,262,130,Low
8,50,311,1.75,43.61,12.16,1475.73,55.12,0.947,261,130,Low
8,51,311,1.52,45.16,12.4,1468.37,54.6,0.947,260,130,Low
8,52,311,1.39,45.55,12.44,1466.88,55.61,0.947,259,130,Low
8,53,311,1.57,45.97,11.84,1479.52,55.45,0.947,258,130,Low
8,54,311,1.72,46.05,12.2,1474.83,54.8,0.947,257,130,Low
8,55,311,1.55,45.98,11.88,1478.2,54.86,0.947,256,130,Low
8,56,311,1.48,45.46,12.36,1475.01,55.06,0.947,255,130,Low
8,57,311,1.42,44.94,12.03,1483.43,55.57,0.947,254,130,Low
8,58,311,1.62,45.71,12.16,1479.89,55.45,0.947,253,130,Low
8,59,311,1.85,45.44,12.0,1482.99,54.39,0.947,252,130,Low
8,60,311,1.78,46.38,11.99,1473.0,53.72,0.947,251,130,Low
8,61,311,1.47,45.01,12.26,1476.03,54.02,0.947,250,130,Low
8,62,311,1.73,44.76,12.43,1468.49,55.63,0.947,249,130,Low
8,63,311,1.48,45.48,12.15,1471.49,55.13,0.947,248,130,Low
8,64,311,1.57,45.18,12.12,1468.51,55.18,0.947,247,130,Low
8,65,311,1.79,46.14,12.16,1476.5,55.95,0.947,246,130,Low
8,66,311,1.59,44.77,11.69,1483.95,54.97,0.947,245,130,Low
8,67,311,1.71,47.12,11.92,1483.67,55.26,0.947,244,130,Low
8,68,311,1.76,44.17,12.49,1476.65,54.46,0.947,243,130,Low
8,69,311,2.03,45.58,11.96,1482.67,56.29,0.947,242,130,Low
8,70,311,1.68,46.31,11.94,1473.82,56.64,0.947,241,130,Low
8,71,311,1.77,46.71,12.13,1479.85,54.33,0.947,240,130,Low
8,72,311,1.72,46.04,11.88,1472.87,56.07,0.947,239,130,Low
8,73,311,1.82,44.8,12.23,1479.65,54.92,0.947,238,130,Low
8,74,311,1.59,46.12,12.11,1474.18,55.42,0.947,237,130,Low
8,75,311,1.54,46.65,12.17,1476.9,55.66,0.947,236,130,Low
8,76,311,1.79,45.12,11.97,1482.32,55.93,0.947,235,130,Low
8,77,311,1.89,45.41,12.82,1471.93,55.89,0.947,234,130,Low
8,78,311,1.81,46.42,12.06,1483.33,55.54,0.947,233,130,Low
8,79,311,1.72,45.79,12.16,1482.59,55.8,0.947,232,130,Low
8,80,311,1.92,45.3,12.33,1480.06,55.52,0.947,231,130,Low
8,81,311,1.71,45.03,12.02,1479.2,55.81,0.947,230,130,Low
8,82,311,1.69,45.6,12.6,1474.04,55.43,0.947,229,130,Low
8,83,311,1.99,46.66,12.0,1478.06,55.16,0.947,228,130,Low
8,84,311,1.76,45.43,11.62,1482.33,56.6,0.947,227,130,Low
8,85,311,1.71,46.4,12.24,1485.15,55.82,0.947,226,130,Low
8,86,311,1.77,46.55,12.27,1467.85,55.7,0.947,225,130,Low
8,87,311,1.76,45.02,12.2,1476.09,55.62,0.947,224,130,Low
8,88,311,1.78,46.28,12.41,1470.41,55.6,0.947,223,130,Low
8,89,311,1.98,47.57,12.02,1480.99,56.38,0.947,222,130,Low
8,90,311,1.77,44.53,12.3,1477.03,55.8,0.947,221,130,Low
8,91,311,1.9,46.47,12.5,1472.65,56.64,0.947,220,130,Low
8,92,311,1.66,46.32,12.14,1472.96,55.84,0.947,219,130,Low
8,93,311,1.84,46.9,12.4,1472.39,55.46,0.947,218,130,Low
8,94,311,1.86,46.45,12.3,1464.51,55.99,0.947,217,130,Low
8,95,311,1.57,45.17,12.26,1469.51,55.77,0.947,216,130,Low
8,96,311,1.8,44.89,12.2,1474.78,54.95,0.947,215,130,Low
8,97,311,1.66,46.41,12.0,1473.02,55.98,0.947,214,130,Low
8,98,311,1.79,45.82,12.54,1484.76,55.24,0.947,213,130,Low
8,99,311,1.76,46.99,12.7,1461.71,54.76,0.947,212,130,Low
8,100,311,1.94,45.31,12.07,1467.1,56.22,0.947,211,130,Low
8,101,311,1.8,47.99,12.57,1478.77,57.19,0.947,210,130,Low
8,102,311,1.88,46.25,12.26,1480.18,54.74,0.947,209,130,Low
8,103,311,1.92,47.49,12.61,1463.28,55.67,0.947,208,130,Low
8,104,311,2.18,47.11,12.57,1472.24,56.15,0.947,207,130,Low
8,105,311,1.94,46.42,12.28,1470.5,55.38,0.947,206,130,Low
8,106,311,1.93,45.75,12.4,1479.79,56.37,0.947,205,130,Low
8,107,311,1.88,45.76,12.06,1475.54,56.18,0.947,204,130,Low
8,108,311,2.07,47.33,12.4,1465.6,55.98,0.947,203,130,Low
8,109,311,1.87,47.53,12.51,1473.23,57.1,0.947,202,130,Low
8,110,311,1.92,48.27,12.5,1475.91,56.42,0.947,201,130,Low
8,111,311,1.82,46.74,12.24,1463.21,56.57,0.947,200,130,Low
8,112,311,2.1,47.36,12.45,1471.18,56.63,0.947,199,130,Low
8,113,311,2.19,48.38,12.43,1472.55,55.6,0.947,198,130,Low
8,114,311,2.05,47.58,12.34,1480.35,55.8,0.947,197,130,Low
8,115,311,1.84,46.83,12.2,1471.0,55.5,0.947,196,130,Low
8,116,311,1.79,46.85,12.46,1468.3,57.16,0.947,195,130,Low
8,117,311,2.0,49.13,12.38,1465.82,56.88,0.947,194,130,Low
8,118,311,2.12,47.48,12.5,1468.0,56.12,0.947,193,130,Low
8,119,311,2.01,47.36,12.5,1462.86,55.43,0.947,192,130,Low
8,120,311,2.09,48.05,12.61,1460.85,55.97,0.947,191,130,Low
8,121,311,2.16,47.79,12.37,1474.49,57.7,0.947,190,130,Low
8,122,311,2.07,47.61,12.25,1471.91,56.18,0.947,189,130,Low
8,123,311,2.09,46.97,12.86,1472.07,56.36,0.947,188,130,Low
8,124,311,2.01,47.16,12.13,1454.63,56.84,0.947,187,130,Low
8,125,311,2.26,49.0,13.08,1466.16,57.12,0.947,186,130,Low
8,126,311,2.31,47.75,12.64,1466.16,57.35,0.947,185,130,Low
8,127,311,2.19,46.24,12.74,1463.49,56.78,0.947,184,130,Low
8,128,311,1.93,48.49,12.4,1453.55,57.32,0.947,183,130,Low
8,129,311,2.22,49.18,12.78,1461.42,56.46,0.947,182,130,Low
8,130,311,2.22,48.57,12.51,1467.75,57.82,0.947,181,130,Low
8,131,311,2.2,48.78,12.4,1470.26,56.56,0.947,180,130,Low
8,132,311,2.12,48.46,12.65,1460.11,57.32,0.947,179,130,Low
8,133,311,2.31,46.9,12.71,1470.66,57.08,0.947,178,130,Low
8,134,311,2.38,48.86,12.77,1465.68,57.46,0.947,177,130,Low
8,135,311,2.3,49.02,12.29,1458.58,57.08,0.947,176,130,Low
8,136,311,2.26,48.39,12.47,1460.37,56.65,0.947,175,130,Low
8,137,311,2.14,50.06,12.49,1461.13,56.55,0.947,174,130,Low
8,138,311,2.3,48.57,13.05,1461.49,57.16,0.947,173,130,Low
8,139,311,2.36,48.94,12.88,1470.94,57.0,0.947,172,130,Low
8,140,311,2.28,48.33,13.01,1462.6,57.22,0.947,171,130,Low
8,141,311,2.47,49.48,12.53,1476.44,56.65,0.947,170,130,Low
8,142,311,2.42,48.35,12.53,1457.72,58.1,0.947,169,130,Low
8,143,311,2.38,48.96,12.82,1460.33,57.1,0.947,168,130,Low
8,144,311,2.5,49.68,12.71,1469.63,56.66,0.947,167,130,Low
8,145,311,2.63,49.66,12.78,1461.97,57.46,0.947,166,130,Low
8,146,311,2.52,48.41,12.59,1461.76,56.52,0.947,165,130,Low
8,147,311,2.33,48.68,12.68,1461.17,57.04,0.947,164,130,Low
8,148,311,2.18,49.7,13.21,1455.78,58.2,0.947,163,130,Low
8,149,311,2.51,50.11,12.9,1468.3,57.99,0.947,162,130,Low
8,150,311,2.37,48.66,12.75,1455.17,58.4,0.947,161,130,Low
8,151,311,2.39,50.76,13.07,1459.75,58.96,0.947,160,130,Low
8,152,311,2.72,50.81,12.95,1466.25,58.28,0.947,159,130,Low
8,153,311,2.62,48.33,12.9,1460.82,58.26,0.947,158,130,Low
8,154,311,2.34,49.86,12.8,1469.4,57.52,0.947,157,130,Low
8,155,311,2.51,50.09,12.99,1451.32,56.58,0.947,156,130,Low
8,156,311,2.69,48.28,13.29,1465.2,58.09,0.947,155,130,Low
8,157,311,2.69,49.82,12.94,1460.31,58.77,0.947,154,130,Low
8,158,311,2.6,50.87,13.2,1460.74,58.58,0.947,153,130,Low
8,159,311,2.87,49.86,13.15,1468.12,56.79,0.947,152,130,Low
8,160,311,2.64,50.15,12.96,1460.92,57.91,0.947,151,130,Low
8,161,311,2.55,50.03,12.89,1458.87,58.76,0.947,150,130,Low
8,162,311,2.76,49.52,13.2,1458.8,58.9,0.947,149,130,Low
8,163,311,2.89,51.4,13.13,1446.8,58.78,0.947,148,130,Low
8,164,311,2.62,50.05,13.17,1453.48,58.85,0.947,147,130,Low
8,165,311,2.73,50.21,12.87,1452.2,57.91,0.947,146,130,Low
8,166,311,2.59,51.37,12.94,1455.46,58.16,0.947,145,130,Low
8,167,311,2.96,50.37,12.73,1451.46,57.65,0.947,144,130,Low
8,168,311,3.06,50.39,12.96,1465.37,58.5,0.947,143,130,Low
8,169,311,2.91,52.1,13.39,1449.38,58.83,0.947,142,130,Low
8,170,311,2.92,49.75,13.12,1463.53,57.8,0.947,141,130,Low
8,171,311,2.87,51.1,13.38,1448.79,58.84,0.947,140,130,Low
8,172,311,2.85,52.66,13.16,1453.13,59.61,0.947,139,130,Low
8,173,311,3.18,50.7,13.11,1457.96,58.64,0.947,138,130,Low
8,174,311,2.93,50.94,13.34,1451.1,59.08,0.947,137,130,Low
8,175,311,3.07,50.85,13.34,1443.12,58.61,0.947,136,130,Low
8,176,311,2.94,52.74,13.09,1451.76,59.31,0.947,135,130,Low
8,177,311,3.08,51.56,13.04,1452.09,59.59,0.947,134,130,Low
8,178,311,2.93,51.36,12.99,1446.99,59.18,0.947,133,130,Low
8,179,311,2.83,51.75,13.13,1459.99,59.15,0.947,132,130,Low
8,180,311,3.22,52.23,13.27,1455.64,59.64,0.947,131,130,Low
8,181,311,3.02,52.56,13.51,1454.67,59.33,0.947,130,130,Low
8,182,311,3.21,54.03,13.36,1448.08,59.32,0.947,129,129,Low
8,183,311,3.17,51.5,13.68,1448.36,59.29,0.947,128,128,Low
8,184,311,3.38,52.57,13.36,1445.86,59.32,0.947,127,127,Low
8,185,311,3.23,53.42,13.51,1449.46,59.38,0.947,126,126,Low
8,186,311,2.97,52.93,13.38,1443.93,59.77,0.947,125,125,Low
8,187,311,3.08,54.22,13.37,1451.39,60.46,0.947,124,124,Low
8,188,311,3.2,52.32,13.62,1450.75,60.46,0.947,123,123,Low
8,189,311,3.34,53.16,13.5,1445.21,59.85,0.947,122,122,Low
8,190,311,3.37,52.16,13.48,1441.49,60.18,0.947,121,121,Low
8,191,311,3.42,52.9,13.37,1442.27,58.68,0.947,120,120,Low
8,192,311,3.35,54.3,13.78,1442.27,59.12,0.947,119,119,Low
8,193,311,3.28,53.29,13.82,1450.04,59.94,0.947,118,118,Low
8,194,311,3.4,52.94,13.83,1443.24,58.28,0.947,117,117,Low
8,195,311,3.54,53.84,13.85,1445.19,60.88,0.947,116,116,Low
8,196,311,3.49,52.92,13.66,1436.81,60.46,0.947,115,115,Low
8,197,311,3.47,54.27,13.88,1451.54,60.31,0.947,114,114,Low
8,198,311,3.22,55.07,13.75,1444.94,60.89,0.947,113,113,Low
8,199,311,3.4,54.65,13.91,1432.02,60.85,0.947,112,112,Low
8,200,311,3.71,54.38,13.41,1438.26,60.6,0.947,111,111,Low
8,201,311,3.48,55.04,13.98,1452.84,59.76,0.947,110,110,Low
8,202,311,3.52,53.94,13.81,1445.7,60.48,0.947,109,109,Low
8,203,311,3.66,55.26,13.89,1441.93,61.67,0.947,108,108,Low
8,204,311,3.79,54.77,14.03,1440.13,61.87,0.947,107,107,Low
8,205,311,3.64,54.7,13.69,1438.31,60.93,0.947,106,106,Low
8,206,311,3.81,56.04,14.01,1433.84,61.37,0.947,105,105,Low
8,207,311,3.66,54.56,13.79,1433.53,61.35,0.947,104,104,Low
8,208,311,3.59,55.91,13.76,1438.06,61.77,0.947,103,103,Low
8,209,311,3.8,55.14,13.63,1440.93,60.96,0.947,102,102,Low
8,210,311,3.88,56.34,13.7,1430.42,63.07,0.947,101,101,Low
8,211,311,3.96,54.95,14.27,1439.74,60.91,0.947,100,100,Low
8,212,311,3.98,56.78,13.88,1434.48,61.15,0.947,99,99,Low
8,213,311,3.9,55.98,14.07,1430.78,61.33,0.947,98,98,Low
8,214,311,4.11,57.27,13.95,1439.19,61.8,0.947,97,97,Low
8,215,311,4.21,57.94,14.38,1418.13,61.23,0.947,96,96,Low
8,216,311,3.86,55.75,14.31,1435.77,61.0,0.947,95,95,Low
8,217,311,3.93,56.59,13.94,1436.09,61.85,0.947,94,94,Low
8,218,311,4.23,56.07,13.84,1418.04,62.27,0.947,93,93,Low
8,219,311,4.03,56.88,13.69,1428.44,62.55,0.947,92,92,Low
8,220,311,4.26,57.51,14.23,1439.09,62.92,0.947,91,91,Low
8,221,311,3.94,57.03,14.19,1430.89,62.13,0.947,90,90,Low
8,222,311,4.1,56.51,14.5,1429.67,62.36,0.947,89,89,Low
8,223,311,4.16,56.62,14.52,1433.95,62.87,0.947,88,88,Low
8,224,311,4.15,57.2,14.21,1426.49,62.97,0.947,87,87,Low
8,225,311,4.43,58.04,14.34,1420.47,63.28,0.947,86,86,Low
8,226,311,4.4,56.65,14.21,1426.24,62.18,0.947,85,85,Low
8,227,311,4.32,57.97,14.57,1435.11,62.57,0.947,84,84,Low
8,228,311,4.53,57.28,14.26,1424.68,63.03,0.947,83,83,Low
8,229,311,4.22,60.14,14.1,1424.82,63.15,0.947,82,82,Low
8,230,311,4.41,59.37,14.35,1421.99,63.68,0.947,81,81,Low
8,231,311,4.4,60.55,14.73,1424.13,63.85,0.947,80,80,Low
8,232,311,4.17,57.34,14.53,1418.68,63.54,0.947,79,79,Low
8,233,311,4.31,57.83,14.62,1426.65,63.39,0.947,78,78,Low
8,234,311,4.41,57.42,14.48,1425.35,63.87,0.947,77,77,Low
8,235,311,4.58,59.12,14.73,1424.75,64.27,0.947,76,76,Low
8,236,311,4.65,58.47,14.38,1427.49,63.02,0.947,75,75,Low
8,237,311,4.7,59.45,14.84,1418.72,63.8,0.947,74,74,Low
8,238,311,4.71,59.68,14.23,1418.36,63.85,0.947,73,73,Low
8,239,311,4.74,60.16,14.54,1409.32,63.29,0.947,72,72,Low
8,240,311,4.68,60.15,15.0,1430.73,64.82,0.947,71,71,Low
8,241,311,4.76,60.3,15.04,1430.14,64.59,0.947,70,70,Low
8,242,311,4.86,60.53,15.0,1415.63,63.86,0.947,69,69,Low
8,243,311,4.86,61.31,14.85,1404.66,64.2,0.947,68,68,Low
8,244,311,4.86,61.43,14.93,1413.86,64.53,0.947,67,67,Low
8,245,311,4.86,60.26,14.83,1428.16,63.89,0.947,66,66,Low
8,246,311,5.19,62.23,14.88,1412.33,64.7,0.947,65,65,Low
8,247,311,4.96,62.49,14.91,1423.13,64.94,0.947,64,64,Low
8,248,311,4.76,61.59,14.93,1407.08,64.73,0.947,63,63,Low
8,249,311,5.08,62.01,15.0,1415.31,65.07,0.947,62,62,Low
8,250,311,5.05,61.25,14.94,1424.97,64.63,0.947,61,61,Low
8,251,311,5.18,61.86,14.78,1415.78,65.38,0.947,60,60,Low
8,252,311,5.02,60.41,14.74,1417.06,65.29,0.947,59,59,Low
8,253,311,5.29,62.94,15.22,1416.93,65.22,0.947,58,58,Low
8,254,311,5.12,64.63,15.23,1419.53,65.29,0.947,57,57,Low
8,255,311,5.39,61.95,15.23,1412.01,65.79,0.947,56,56,Low
8,256,311,5.32,62.22,14.88,1403.91,65.46,0.947,55,55,Low
8,257,311,5.19,63.65,15.02,1414.58,65.73,0.947,54,54,Low
8,258,311,5.44,63.3,15.59,1413.43,65.66,0.947,53,53,Low
8,259,311,5.49,63.02,15.7,1399.15,64.82,0.947,52,52,Low
8,260,311,5.47,62.64,15.69,1401.78,64.75,0.947,51,51,Low
8,261,311,5.43,64.22,14.88,1402.2,65.9,0.947,50,50,Low
8,262,311,5.54,64.36,15.42,1412.42,66.4,0.947,49,49,Low
8,263,311,5.63,63.69,15.41,1402.34,66.46,0.947,48,48,Low
8,264,311,5.58,64.42,15.38,1402.44,67.0,0.947,47,47,Low
8,265,311,5.62,64.26,15.92,1399.64,66.76,0.947,46,46,Low
8,266,311,5.68,64.35,15.74,1391.7,65.84,0.947,45,45,Low
8,267,311,5.67,64.95,16.15,1394.13,66.65,0.947,44,44,Low
8,268,311,5.77,64.92,15.67,1405.04,67.22,0.947,43,43,Low
8,269,311,5.87,65.21,15.65,1387.1,66.41,0.947,42,42,Low
8,270,311,5.81,67.04,15.72,1410.39,67.09,0.947,41,41,Low
8,271,311,5.73,64.95,15.91,1400.23,66.92,0.947,40,40,Medium
8,272,311,6.12,65.19,15.75,1388.69,66.51,0.947,39,39,Medium
8,273,311,5.95,65.37,15.33,1398.68,67.16,0.947,38,38,Medium
8,274,311,6.29,68.05,16.0,1389.54,68.59,0.947,37,37,Medium
8,275,311,6.13,65.33,15.94,1400.64,68.17,0.947,36,36,Medium
8,276,311,6.01,66.8,16.14,1405.87,66.39,0.947,35,35,Medium
8,277,311,6.0,68.38,15.84,1406.33,68.52,0.947,34,34,Medium
8,278,311,6.0,65.7,16.06,1390.16,67.38,0.947,33,33,Medium
8,279,311,6.29,67.08,15.77,1392.44,68.33,0.947,32,32,Medium
8,280,311,6.36,67.16,16.35,1387.7,68.3,0.947,31,31,Medium
8,281,311,6.32,66.39,16.47,1387.33,68.23,0.947,30,30,Medium
8,282,311,6.49,65.82,16.11,1391.9,67.41,0.947,29,29,Medium
8,283,311,6.34,67.62,15.71,1391.9,68.26,0.947,28,28,Medium
8,284,311,6.43,67.58,16.25,1383.24,69.55,0.947,27,27,Medium
8,285,311,6.49,68.26,16.09,1393.47,68.33,0.947,26,26,Medium
8,286,311,6.53,66.65,16.81,1379.59,70.07,0.947,25,25,Medium
8,287,311,6.45,68.51,16.45,1392.4,68.81,0.947,24,24,Medium
8,288,311,6.68,68.03,16.69,1386.29,68.87,0.947,23,23,Medium
8,289,311,6.54,70.12,16.07,1382.0,69.05,0.947,22,22,Medium
8,290,311,6.73,70.01,16.62,1385.92,69.3,0.947,21,21,Medium
8,291,311,6.61,70.41,16.45,1385.8,69.67,0.947,20,20,Medium
8,292,311,6.71,70.41,16.32,1381.85,69.81,0.947,19,19,Medium
8,293,311,6.72,69.13,15.9,1378.7,69.09,0.947,18,18,Medium
8,294,311,6.95,70.44,16.61,1385.65,68.72,0.947,17,17,Medium
8,295,311,6.78,71.28,16.91,1386.97,69.54,0.947,16,16,Medium
8,296,311,7.07,68.9,16.71,1383.32,71.12,0.947,15,15,High
8,297,311,7.03,70.05,16.51,1381.52,69.67,0.947,14,14,High
8,298,311,7.33,69.52,16.78,1377.32,69.81,0.947,13,13,High
8,299,311,7.11,71.13,16.77,1373.13,70.83,0.947,12,12,High
8,300,311,7.23,70.2,16.36,1383.42,71.01,0.947,11,11,High
8,301,311,7.22,70.79,16.8,1382.11,71.06,0.947,10,10,High
8,302,311,7.39,71.02,17.04,1378.77,69.85,0.947,9,9,High
8,303,311,7.35,71.18,16.95,1382.96,71.28,0.947,8,8,High
8,304,311,7.18,73.55,17.19,1369.29,70.95,0.947,7,7,High
8,305,311,7.42,72.57,16.89,1369.81,70.8,0.947,6,6,High
8,306,311,7.31,72.93,17.0,1378.8,71.31,0.947,5,5,High
8,307,311,7.34,73.78,16.85,1361.19,72.0,0.947,4,4,High
8,308,311,7.41,72.78,17.27,1382.54,71.82,0.947,3,3,High
8,309,311,7.57,73.36,17.21,1367.48,71.64,0.947,2,2,High
8,310,311,7.52,72.2,17.06,1362.2,71.78,0.947,1,1,High
8,311,311,7.71,72.76,17.07,1373.08,73.21,0.947,0,0,High
9,1,160,1.71,44.7,12.06,1480.8,55.13,0.97,159,130,Low
9,2,160,1.57,46.16,12.36,1480.75,55.06,0.97,158,130,Low
9,3,160,1.39,46.36,12.24,1476.46,55.14,0.97,157,130,Low
9,4,160,1.69,44.48,12.08,1480.22,54.86,0.97,156,130,Low
9,5,160,1.52,43.44,12.26,1477.49,55.1,0.97,155,130,Low
9,6,160,1.34,46.9,12.16,1468.49,54.66,0.97,154,130,Low
9,7,160,1.47,44.25,11.67,1472.16,54.5,0.97,153,130,Low
9,8,160,1.53,45.22,12.33,1479.03,53.66,0.97,152,130,Low
9,9,160,1.49,45.91,11.71,1481.05,55.22,0.97,151,130,Low
9,10,160,1.38,44.87,11.75,1488.63,55.41,0.97,150,130,Low
9,11,160,1.52,45.6,12.18,1474.73,54.23,0.97,149,130,Low
9,12,160,1.34,44.03,12.22,1486.49,55.95,0.97,148,130,Low
9,13,160,1.35,45.06,12.32,1490.59,54.84,0.97,147,130,Low
9,14,160,1.47,44.76,12.12,1484.63,55.64,0.97,146,130,Low
9,15,160,1.46,46.26,11.77,1483.58,55.87,0.97,145,130,Low
9,16,160,1.66,45.46,11.93,1479.32,54.63,0.97,144,130,Low
9,17,160,1.44,44.33,12.3,1472.64,54.66,0.97,143,130,Low
9,18,160,1.69,45.46,12.46,1489.13,55.36,0.97,142,130,Low
9,19,160,1.67,44.28,12.1,1490.3,55.4,0.97,141,130,Low
9,20,160,1.58,47.39,12.25,1471.09,55.83,0.97,140,130,Low
9,21,160,1.25,45.64,12.15,1476.95,54.68,0.97,139,130,Low
9,22,160,1.5,47.46,11.78,1474.81,55.06,0.97,138,130,Low
9,23,160,1.51,46.68,12.15,1478.67,55.64,0.97,137,130,Low
9,24,160,1.6,45.18,11.99,1478.66,55.12,0.97,136,130,Low
9,25,160,1.52,45.3,12.39,1471.9,55.46,0.97,135,130,Low
9,26,160,1.67,45.31,12.07,1486.17,54.99,0.97,134,130,Low
9,27,160,1.66,45.85,12.14,1480.5,55.76,0.97,133,130,Low
9,28,160,1.77,44.59,12.35,1475.0,54.75,0.97,132,130,Low
9,29,160,1.62,45.63,11.66,1488.72,55.03,0.97,131,130,Low
9,30,160,1.69,45.83,12.26,1479.3,55.51,0.97,130,130,Low
9,31,160,1.62,45.28,12.39,1479.57,55.56,0.97,129,129,Low
9,32,160,1.56,45.09,12.16,1470.0,56.23,0.97,128,128,Low
9,33,160,1.59,45.38,12.0,1479.08,55.7,0.97,127,127,Low
9,34,160,1.73,45.14,11.86,1477.28,55.34,0.97,126,126,Low
9,35,160,1.56,46.7,11.88,1472.62,56.0,0.97,125,125,Low
9,36,160,1.61,45.6,11.93,1470.21,55.02,0.97,124,124,Low
9,37,160,1.47,46.37,12.22,1488.64,55.43,0.97,123,123,Low
9,38,160,1.62,46.64,12.03,1483.08,55.22,0.97,122,122,Low
9,39,160,1.48,45.63,12.09,1480.01,55.28,0.97,121,121,Low
9,40,160,1.73,46.14,11.96,1470.06,55.13,0.97,120,120,Low
9,41,160,1.52,46.07,12.35,1474.47,55.22,0.97,119,119,Low
9,42,160,1.59,46.56,12.46,1463.29,56.84,0.97,118,118,Low
9,43,160,1.92,45.7,12.21,1476.75,55.9,0.97,117,117,Low
9,44,160,1.71,46.5,12.38,1489.98,55.67,0.97,116,116,Low
9,45,160,1.69,47.03,12.22,1476.2,55.8,0.97,115,115,Low
9,46,160,1.74,45.97,12.13,1470.57,55.54,0.97,114,114,Low
9,47,160,2.01,46.33,12.07,1468.89,56.53,0.97,113,113,Low
9,48,160,1.74,46.58,11.85,1462.27,56.02,0.97,112,112,Low
9,49,160,1.63,46.7,12.49,1469.2,55.62,0.97,111,111,Low
9,50,160,1.79,46.05,12.2,1471.17,55.83,0.97,110,110,Low
9,51,160,1.87,47.07,12.42,1473.69,55.55,0.97,109,109,Low
9,52,160,1.94,47.38,12.36,1470.89,57.3,0.97,108,108,Low
9,53,160,1.64,47.33,12.39,1481.4,57.18,0.97,107,107,Low
9,54,160,1.99,46.59,12.49,1465.76,56.22,0.97,106,106,Low
9,55,160,1.85,47.41,11.95,1470.12,56.34,0.97,105,105,Low
9,56,160,1.93,46.87,12.21,1470.29,57.12,0.97,104,104,Low
9,57,160,1.91,46.23,12.16,1468.81,56.74,0.97,103,103,Low
9,58,160,1.97,47.92,12.76,1465.87,56.53,0.97,102,102,Low
9,59,160,1.99,48.13,12.64,1472.72,55.81,0.97,101,101,Low
9,60,160,2.01,47.45,12.44,1466.49,56.66,0.97,100,100,Low
9,61,160,2.12,47.87,12.3,1467.37,55.91,0.97,99,99,Low
9,62,160,2.01,48.2,12.45,1468.18,57.25,0.97,98,98,Low
9,63,160,2.05,47.85,12.17,1473.96,56.6,0.97,97,97,Low
9,64,160,2.23,48.54,12.53,1471.44,55.94,0.97,96,96,Low
9,65,160,2.1,46.61,12.8,1471.27,57.66,0.97,95,95,Low
9,66,160,2.35,49.39,12.54,1458.83,56.69,0.97,94,94,Low
9,67,160,2.46,48.74,12.89,1471.36,57.33,0.97,93,93,Low
9,68,160,2.21,47.58,12.85,1461.17,58.02,0.97,92,92,Low
9,69,160,2.34,49.09,12.66,1456.09,56.64,0.97,91,91,Low
9,70,160,2.41,47.74,12.39,1474.03,56.01,0.97,90,90,Low
9,71,160,2.32,49.12,13.18,1471.04,57.56,0.97,89,89,Low
9,72,160,2.16,48.76,12.32,1465.89,56.58,0.97,88,88,Low
9,73,160,2.51,49.6,12.63,1466.21,57.6,0.97,87,87,Low
9,74,160,2.43,49.26,12.96,1463.63,57.34,0.97,86,86,Low
9,75,160,2.5,48.86,13.11,1467.42,56.45,0.97,85,85,Low
9,76,160,2.45,49.45,12.82,1464.9,58.5,0.97,84,84,Low
9,77,160,2.69,48.19,13.08,1450.52,58.43,0.97,83,83,Low
9,78,160,2.6,49.23,12.77,1458.0,58.62,0.97,82,82,Low
9,79,160,2.52,49.68,13.02,1469.76,57.67,0.97,81,81,Low
9,80,160,2.65,49.6,13.2,1452.79,58.32,0.97,80,80,Low
9,81,160,2.7,50.03,13.26,1469.79,58.2,0.97,79,79,Low
9,82,160,2.73,50.64,13.29,1462.97,58.35,0.97,78,78,Low
9,83,160,2.72,50.07,12.97,1457.65,59.37,0.97,77,77,Low
9,84,160,2.86,49.17,12.94,1464.0,59.16,0.97,76,76,Low
9,85,160,2.59,50.92,13.48,1452.01,58.36,0.97,75,75,Low
9,86,160,2.85,50.38,13.39,1456.52,58.82,0.97,74,74,Low
9,87,160,2.8,52.17,13.08,1450.04,58.72,0.97,73,73,Low
9,88,160,2.76,51.09,13.76,1449.32,58.4,0.97,72,72,Low
9,89,160,2.96,51.97,13.33,1454.6,58.06,0.97,71,71,Low
9,90,160,2.94,50.19,13.44,1454.81,59.63,0.97,70,70,Low
9,91,160,2.86,50.52,13.32,1445.76,58.57,0.97,69,69,Low
9,92,160,2.98,51.09,12.89,1452.85,59.55,0.97,68,68,Low
9,93,160,3.21,52.73,13.39,1452.51,59.31,0.97,67,67,Low
9,94,160,3.18,52.55,12.85,1451.3,60.62,0.97,66,66,Low
9,95,160,3.39,52.72,13.53,1449.55,60.76,0.97,65,65,Low
9,96,160,3.45,52.51,13.3,1444.78,59.52,0.97,64,64,Low
9,97,160,3.48,51.82,13.25,1438.33,59.6,0.97,63,63,Low
9,98,160,3.42,52.69,13.76,1455.49,60.22,0.97,62,62,Low
9,99,160,3.54,53.58,13.69,1443.3,60.91,0.97,61,61,Low
9,100,160,3.49,54.51,13.87,1450.13,59.83,0.97,60,60,Low
9,101,160,3.53,53.65,13.59,1443.11,60.88,0.97,59,59,Low
9,102,160,3.54,54.27,14.05,1444.95,59.42,0.97,58,58,Low
9,103,160,3.64,54.33,13.94,1445.82,61.8,0.97,57,57,Low
9,104,160,3.61,55.6,13.78,1436.43,60.04,0.97,56,56,Low
9,105,160,3.73,56.3,13.81,1445.68,61.15,0.97,55,55,Low
9,106,160,3.85,55.28,14.04,1432.59,61.68,0.97,54,54,Low
9,107,160,4.03,56.51,13.82,1426.51,61.51,0.97,53,53,Low
9,108,160,3.73,55.81,14.25,1423.24,61.39,0.97,52,52,Low
9,109,160,3.9,56.74,14.15,1445.46,61.96,0.97,51,51,Low
9,110,160,4.06,54.85,14.09,1432.61,61.83,0.97,50,50,Low
9,111,160,4.15,55.72,13.51,1444.2,61.91,0.97,49,49,Low
9,112,160,4.04,58.07,14.39,1433.58,62.36,0.97,48,48,Low
9,113,160,4.23,56.51,14.27,1443.58,62.68,0.97,47,47,Low
9,114,160,4.24,59.09,14.36,1440.11,62.72,0.97,46,46,Low
9,115,160,4.24,58.11,14.43,1421.26,63.9,0.97,45,45,Low
9,116,160,4.39,59.8,14.22,1426.1,62.12,0.97,44,44,Low
9,117,160,4.37,58.87,14.97,1424.51,62.83,0.97,43,43,Low
9,118,160,4.57,59.06,14.35,1423.31,62.8,0.97,42,42,Low
9,119,160,4.66,58.49,14.48,1431.76,63.03,0.97,41,41,Low
9,120,160,4.7,58.11,14.46,1431.81,63.9,0.97,40,40,Medium
9,121,160,4.54,58.6,14.26,1424.41,63.57,0.97,39,39,Medium
9,122,160,4.74,59.75,15.41,1428.57,62.99,0.97,38,38,Medium
9,123,160,4.8,59.14,14.83,1418.22,64.21,0.97,37,37,Medium
9,124,160,4.8,58.77,14.98,1407.76,63.71,0.97,36,36,Medium
9,125,160,4.82,60.86,14.59,1416.42,64.49,0.97,35,35,Medium
9,126,160,5.2,60.52,15.01,1420.07,64.53,0.97,34,34,Medium
9,127,160,5.07,62.14,14.84,1397.76,64.66,0.97,33,33,Medium
9,128,160,5.15,62.1,15.19,1420.61,65.07,0.97,32,32,Medium
9,129,160,5.12,61.13,14.8,1417.98,64.85,0.97,31,31,Medium
9,130,160,5.16,63.53,14.86,1416.03,64.81,0.97,30,30,Medium
9,131,160,5.27,62.26,15.34,1407.35,66.16,0.97,29,29,Medium
9,132,160,5.33,64.5,15.21,1397.23,65.22,0.97,28,28,Medium
9,133,160,5.36,63.57,15.02,1413.67,65.46,0.97,27,27,Medium
9,134,160,5.49,64.54,14.89,1418.0,65.69,0.97,26,26,Medium
9,135,160,5.39,65.25,15.44,1393.1,66.8,0.97,25,25,Medium
9,136,160,5.9,65.7,15.71,1396.47,66.31,0.97,24,24,Medium
9,137,160,5.88,65.11,15.55,1409.91,66.08,0.97,23,23,Medium
9,138,160,6.06,64.22,15.56,1399.06,67.56,0.97,22,22,Medium
9,139,160,6.08,64.21,15.52,1393.86,67.2,0.97,21,21,Medium
9,140,160,5.92,64.96,16.21,1401.06,67.53,0.97,20,20,Medium
9,141,160,6.21,66.05,15.5,1383.75,68.12,0.97,19,19,Medium
9,142,160,6.17,66.54,15.71,1394.59,68.12,0.97,18,18,Medium
9,143,160,6.43,68.05,15.87,1403.52,68.77,0.97,17,17,Medium
9,144,160,6.54,67.26,16.37,1381.01,69.18,0.97,16,16,Medium
9,145,160,6.34,68.13,16.01,1389.26,68.72,0.97,15,15,High
9,146,160,6.36,68.3,16.5,1388.25,69.63,0.97,14,14,High
9,147,160,6.89,68.69,16.68,1387.26,68.46,0.97,13,13,High
9,148,160,6.79,68.0,16.42,1398.57,68.97,0.97,12,12,High
9,149,160,6.64,69.09,16.59,1388.11,69.28,0.97,11,11,High
9,150,160,6.79,70.3,16.53,1387.52,69.39,0.97,10,10,High
9,151,160,7.14,70.45,16.62,1369.58,69.94,0.97,9,9,High
9,152,160,7.04,71.58,16.75,1371.63,69.53,0.97,8,8,High
9,153,160,7.25,70.1,17.23,1377.73,70.32,0.97,7,7,High
9,154,160,7.13,72.63,16.82,1375.47,69.65,0.97,6,6,High
9,155,160,7.35,71.07,16.35,1371.18,71.07,0.97,5,5,High
9,156,160,7.27,74.67,16.71,1365.33,71.58,0.97,4,4,High
9,157,160,7.56,73.01,17.03,1378.59,71.17,0.97,3,3,High
9,158,160,7.38,72.36,17.14,1367.77,73.17,0.97,2,2,High
9,159,160,7.7,73.29,17.12,1360.37,72.65,0.97,1,1,High
9,160,160,7.66,75.26,17.1,1359.54,72.5,0.97,0,0,High
10,1,218,1.3,45.48,11.86,1486.1,55.39,0.918,217,130,Low
10,2,218,1.57,44.55,12.37,1469.31,54.95,0.918,216,130,Low
10,3,218,1.35,44.09,11.49,1468.49,54.79,0.918,215,130,Low
10,4,218,1.62,44.78,12.02,1481.29,54.46,0.918,214,130,Low
10,5,218,1.67,44.44,11.98,1490.76,54.44,0.918,213,130,Low
10,6,218,1.53,45.55,12.24,1482.17,56.03,0.918,212,130,Low
10,7,218,1.47,44.05,12.22,1488.65,55.57,0.918,211,130,Low
10,8,218,1.47,44.97,11.81,1484.98,54.74,0.918,210,130,Low
10,9,218,1.42,45.64,12.14,1485.13,55.09,0.918,209,130,Low
10,10,218,1.37,44.87,12.44,1468.0,55.64,0.918,208,130,Low
10,11,218,1.56,42.83,11.96,1483.76,55.58,0.918,207,130,Low
10,12,218,1.5,44.62,11.9,1490.38,54.66,0.918,206,130,Low
10,13,218,1.32,46.22,11.57,1472.57,55.69,0.918,205,130,Low
10,14,218,1.53,44.6,11.98,1483.21,55.16,0.918,204,130,Low
10,15,218,1.55,45.76,12.47,1482.65,55.08,0.918,203,130,Low
10,16,218,1.49,44.03,12.29,1480.25,54.04,0.918,202,130,Low
10,17,218,1.49,43.44,12.27,1475.53,55.72,0.918,201,130,Low
10,18,218,1.44,45.52,12.27,1478.26,55.86,0.918,200,130,Low
10,19,218,1.71,46.12,11.99,1487.64,55.03,0.918,199,130,Low
10,20,218,1.59,45.2,11.77,1480.25,55.47,0.918,198,130,Low
10,21,218,1.6,44.18,11.48,1480.76,55.55,0.918,197,130,Low
10,22,218,1.35,45.38,11.98,1481.82,56.23,0.918,196,130,Low
10,23,218,1.75,45.51,12.12,1488.02,54.85,0.918,195,130,Low
10,24,218,1.52,45.4,12.03,1479.47,55.61,0.918,194,130,Low
10,25,218,1.42,44.54,12.3,1478.09,56.36,0.918,193,130,Low
10,26,218,1.49,45.65,12.15,1479.23,54.16,0.918,192,130,Low
10,27,218,1.62,45.2,12.03,1483.53,55.35,0.918,191,130,Low
10,28,218,1.33,45.24,11.7,1484.23,55.14,0.918,190,130,Low
10,29,218,1.56,45.02,11.82,1471.61,54.6,0.918,189,130,Low
10,30,218,1.53,44.84,12.1,1484.78,53.69,0.918,188,130,Low
10,31,218,1.47,44.46,11.62,1489.79,55.9,0.918,187,130,Low
10,32,218,1.53,45.15,11.82,1485.06,55.59,0.918,186,130,Low
10,33,218,1.42,45.9,11.66,1475.95,55.03,0.918,185,130,Low
10,34,218,1.52,45.6,12.21,1479.65,54.16,0.918,184,130,Low
10,35,218,1.57,45.73,11.98,1479.57,55.08,0.918,183,130,Low
10,36,218,1.46,45.12,12.08,1482.7,54.02,0.918,182,130,Low
10,37,218,1.45,45.12,12.01,1483.73,55.8,0.918,181,130,Low
10,38,218,1.76,46.42,11.87,1468.92,55.36,0.918,180,130,Low
10,39,218,1.47,45.32,11.97,1478.21,55.1,0.918,179,130,Low
10,40,218,1.56,44.95,12.07,1481.2,55.7,0.918,178,130,Low
10,41,218,1.56,45.55,11.78,1474.77,56.48,0.918,177,130,Low
10,42,218,1.57,45.56,12.12,1474.83,54.52,0.918,176,130,Low
10,43,218,1.72,46.07,12.07,1480.21,56.15,0.918,175,130,Low
10,44,218,1.48,45.12,11.48,1473.16,54.51,0.918,174,130,Low
10,45,218,1.58,45.03,12.47,1476.71,55.29,0.918,173,130,Low
10,46,218,1.62,45.17,12.59,1475.36,55.39,0.918,172,130,Low
10,47,218,1.62,45.32,11.95,1480.01,56.05,0.918,171,130,Low
10,48,218,1.33,45.72,11.86,1479.92,56.01,0.918,170,130,Low
10,49,218,1.65,45.63,12.41,1472.61,57.22,0.918,169,130,Low
10,50,218,1.92,46.28,12.23,1474.74,54.96,0.918,168,130,Low
10,51,218,1.54,46.0,11.94,1478.27,55.74,0.918,167,130,Low
10,52,218,1.41,45.39,12.23,1479.32,56.81,0.918,166,130,Low
10,53,218,1.83,45.37,12.45,1475.98,55.41,0.918,165,130,Low
10,54,218,1.78,46.81,12.54,1485.07,55.37,0.918,164,130,Low
10,55,218,1.5,46.18,12.02,1484.05,55.4,0.918,163,130,Low
10,56,218,1.73,45.32,12.39,1486.85,56.17,0.918,162,130,Low
10,57,218,1.62,45.82,12.57,1475.47,55.66,0.918,161,130,Low
10,58,218,1.66,46.22,12.08,1475.6,56.0,0.918,160,130,Low
10,59,218,1.73,46.08,12.16,1481.92,55.44,0.918,159,130,Low
10,60,218,1.8,45.85,12.28,1485.68,56.14,0.918,158,130,Low
10,61,218,1.48,45.97,12.02,1480.44,55.41,0.918,157,130,Low
10,62,218,1.96,45.24,12.48,1476.04,55.33,0.918,156,130,Low
10,63,218,1.78,46.57,12.35,1475.65,55.99,0.918,155,130,Low
10,64,218,1.92,47.52,12.45,1465.2,54.99,0.918,154,130,Low
10,65,218,1.84,47.77,12.32,1473.5,56.62,0.918,153,130,Low
10,66,218,2.04,46.44,12.32,1478.69,56.34,0.918,152,130,Low
10,67,218,1.8,46.4,11.97,1469.26,55.72,0.918,151,130,Low
10,68,218,1.68,46.3,13.04,1474.15,56.13,0.918,150,130,Low
10,69,218,1.98,46.3,12.48,1466.81,55.6,0.918,149,130,Low
10,70,218,1.64,46.25,12.35,1468.23,55.64,0.918,148,130,Low
10,71,218,1.86,45.58,12.08,1470.51,56.47,0.918,147,130,Low
10,72,218,1.98,47.16,12.53,1470.66,55.98,0.918,146,130,Low
10,73,218,2.08,46.47,12.67,1471.45,55.72,0.918,145,130,Low
10,74,218,1.98,45.2,12.06,1470.79,57.2,0.918,144,130,Low
10,75,218,1.9,46.59,12.31,1470.43,56.88,0.918,143,130,Low
10,76,218,2.1,45.89,12.44,1477.88,56.07,0.918,142,130,Low
10,77,218,1.89,48.23,12.16,1477.46,56.03,0.918,141,130,Low
10,78,218,1.8,45.82,12.78,1477.26,56.46,0.918,140,130,Low
10,79,218,1.83,46.51,11.87,1454.24,56.28,0.918,139,130,Low
10,80,218,1.87,46.08,12.21,1469.81,56.45,0.918,138,130,Low
10,81,218,2.03,46.25,12.32,1466.85,56.5,0.918,137,130,Low
10,82,218,1.89,47.55,12.28,1467.94,56.35,0.918,136,130,Low
10,83,218,1.96,46.3,12.41,1476.19,56.91,0.918,135,130,Low
10,84,218,2.09,47.15,12.09,1474.66,56.26,0.918,134,130,Low
10,85,218,2.02,48.16,12.5,1483.04,56.74,0.918,133,130,Low
10,86,218,2.03,47.52,12.24,1478.31,56.38,0.918,132,130,Low
10,87,218,2.01,48.92,12.39,1467.01,56.88,0.918,131,130,Low
10,88,218,2.2,48.13,12.23,1465.22,56.27,0.918,130,130,Low
10,89,218,2.04,48.99,12.16,1465.96,56.5,0.918,129,129,Low
10,90,218,2.3,46.77,12.31,1473.4,56.3,0.918,128,128,Low
10,91,218,2.14,48.14,12.72,1474.62,56.37,0.918,127,127,Low
10,92,218,2.02,48.25,12.62,1472.83,56.95,0.918,126,126,Low
10,93,218,2.19,48.09,12.5,1465.66,56.91,0.918,125,125,Low
10,94,218,2.17,48.02,12.13,1472.18,57.81,0.918,124,124,Low
10,95,218,2.18,48.87,12.98,1469.07,57.57,0.918,123,123,Low
10,96,218,2.32,49.14,12.62,1472.86,57.1,0.918,122,122,Low
10,97,218,2.41,47.65,12.37,1461.02,57.5,0.918,121,121,Low
10,98,218,2.35,46.78,12.7,1460.74,57.27,0.918,120,120,Low
10,99,218,2.26,48.79,12.67,1456.73,57.02,0.918,119,119,Low
10,100,218,2.15,48.39,12.12,1470.24,57.14,0.918,118,118,Low
10,101,218,2.48,49.07,13.08,1466.64,56.89,0.918,117,117,Low
10,102,218,2.2,48.51,13.08,1468.79,57.45,0.918,116,116,Low
10,103,218,2.37,50.86,13.14,1462.1,56.71,0.918,115,115,Low
10,104,218,2.54,49.15,12.66,1466.59,56.84,0.918,114,114,Low
10,105,218,2.58,49.53,12.89,1459.27,58.36,0.918,113,113,Low
10,106,218,2.46,50.49,12.98,1463.93,58.71,0.918,112,112,Low
10,107,218,2.48,48.8,12.83,1462.69,57.94,0.918,111,111,Low
10,108,218,2.51,51.38,12.96,1464.66,57.56,0.918,110,110,Low
10,109,218,2.7,49.05,12.92,1467.77,57.88,0.918,109,109,Low
10,110,218,2.34,50.66,12.82,1458.99,58.94,0.918,108,108,Low
10,111,218,2.54,50.05,12.76,1462.62,57.48,0.918,107,107,Low
10,112,218,2.52,50.62,12.75,1458.71,58.21,0.918,106,106,Low
10,113,218,2.68,50.17,13.27,1452.86,57.4,0.918,105,105,Low
10,114,218,2.59,50.08,12.97,1454.96,57.29,0.918,104,104,Low
10,115,218,2.98,50.22,13.0,1452.54,58.17,0.918,103,103,Low
10,116,218,2.6,51.58,12.49,1457.74,57.58,0.918,102,102,Low
10,117,218,2.77,50.7,13.01,1451.9,58.02,0.918,101,101,Low
10,118,218,2.86,50.74,12.92,1455.72,59.31,0.918,100,100,Low
10,119,218,2.82,51.19,13.23,1456.65,57.95,0.918,99,99,Low
10,120,218,2.87,49.82,12.82,1457.37,58.6,0.918,98,98,Low
10,121,218,2.81,51.91,13.44,1464.06,58.18,0.918,97,97,Low
10,122,218,2.8,51.51,13.02,1468.3,59.22,0.918,96,96,Low
10,123,218,2.95,51.82,13.44,1445.38,59.52,0.918,95,95,Low
10,124,218,3.07,52.28,13.06,1452.42,59.61,0.918,94,94,Low
10,125,218,2.98,52.28,13.44,1455.17,58.64,0.918,93,93,Low
10,126,218,3.01,50.43,13.12,1451.42,58.49,0.918,92,92,Low
10,127,218,3.23,51.91,13.33,1453.08,59.01,0.918,91,91,Low
10,128,218,3.06,51.49,13.68,1449.47,59.28,0.918,90,90,Low
10,129,218,2.99,53.53,13.55,1447.66,59.8,0.918,89,89,Low
10,130,218,3.14,52.17,13.36,1457.82,59.71,0.918,88,88,Low
10,131,218,3.31,53.13,13.24,1447.76,58.97,0.918,87,87,Low
10,132,218,3.19,51.85,13.18,1448.03,60.52,0.918,86,86,Low
10,133,218,3.1,53.33,13.47,1452.35,60.39,0.918,85,85,Low
10,134,218,3.31,53.42,13.63,1436.92,58.86,0.918,84,84,Low
10,135,218,3.36,54.22,13.05,1440.81,59.85,0.918,83,83,Low
10,136,218,3.52,53.5,13.29,1444.35,60.35,0.918,82,82,Low
10,137,218,3.63,53.8,13.56,1447.81,59.91,0.918,81,81,Low
10,138,218,3.61,54.91,13.52,1433.65,59.97,0.918,80,80,Low
10,139,218,3.41,52.68,13.61,1435.1,59.79,0.918,79,79,Low
10,140,218,3.56,54.42,13.74,1443.77,59.7,0.918,78,78,Low
10,141,218,3.41,53.64,13.98,1440.53,60.48,0.918,77,77,Low
10,142,218,3.7,54.63,14.22,1431.23,61.17,0.918,76,76,Low
10,143,218,3.75,55.2,13.42,1446.44,61.01,0.918,75,75,Low
10,144,218,3.53,55.31,14.2,1444.42,60.52,0.918,74,74,Low
10,145,218,3.81,55.03,13.71,1443.96,61.51,0.918,73,73,Low
10,146,218,3.78,55.49,13.82,1447.44,60.46,0.918,72,72,Low
10,147,218,3.48,56.6,13.79,1443.05,61.77,0.918,71,71,Low
10,148,218,3.68,55.83,13.91,1432.38,61.44,0.918,70,70,Low
10,149,218,3.65,55.64,13.7,1428.94,61.45,0.918,69,69,Low
10,150,218,3.84,56.47,14.57,1437.99,60.56,0.918,68,68,Low
10,151,218,4.11,56.75,14.07,1433.54,60.75,0.918,67,67,Low
10,152,218,3.88,56.69,13.88,1431.77,61.45,0.918,66,66,Low
10,153,218,4.0,55.91,14.29,1438.9,62.02,0.918,65,65,Low
10,154,218,4.08,57.17,14.06,1430.53,61.89,0.918,64,64,Low
10,155,218,4.08,56.97,14.06,1429.23,61.39,0.918,63,63,Low
10,156,218,4.25,56.37,14.25,1428.13,61.88,0.918,62,62,Low
10,157,218,4.21,57.47,14.35,1426.02,61.79,0.918,61,61,Low
10,158,218,4.13,56.59,14.65,1430.18,62.76,0.918,60,60,Low
10,159,218,4.35,57.74,14.31,1427.2,62.47,0.918,59,59,Low
10,160,218,4.39,57.27,13.95,1433.96,62.54,0.918,58,58,Low
10,161,218,4.28,57.42,14.29,1425.02,63.25,0.918,57,57,Low
10,162,218,4.29,58.2,14.24,1425.99,62.36,0.918,56,56,Low
10,163,218,4.19,57.72,14.39,1420.76,61.93,0.918,55,55,Low
10,164,218,4.53,57.22,15.04,1425.41,63.78,0.918,54,54,Low
10,165,218,4.43,58.35,14.5,1425.96,62.36,0.918,53,53,Low
10,166,218,4.65,60.09,14.81,1423.42,63.04,0.918,52,52,Low
10,167,218,4.39,59.74,14.41,1418.07,64.59,0.918,51,51,Low
10,168,218,4.72,58.53,14.46,1420.17,63.2,0.918,50,50,Low
10,169,218,4.62,59.74,14.79,1432.71,64.2,0.918,49,49,Low
10,170,218,4.61,60.1,14.61,1410.83,64.57,0.918,48,48,Low
10,171,218,4.88,60.43,14.66,1406.54,63.35,0.918,47,47,Low
10,172,218,4.71,59.3,14.42,1419.83,63.47,0.918,46,46,Low
10,173,218,5.08,60.73,15.08,1419.74,63.91,0.918,45,45,Low
10,174,218,4.72,61.12,15.08,1426.78,64.5,0.918,44,44,Low
10,175,218,4.91,60.16,15.1,1416.13,63.68,0.918,43,43,Low
10,176,218,5.12,60.03,14.9,1412.98,64.84,0.918,42,42,Low
10,177,218,5.05,61.65,14.87,1416.21,64.6,0.918,41,41,Low
10,178,218,5.11,61.01,14.7,1410.18,64.7,0.918,40,40,Medium
10,179,218,5.31,62.65,14.63,1410.87,65.33,0.918,39,39,Medium
10,180,218,5.2,63.61,15.38,1411.15,64.25,0.918,38,38,Medium
10,181,218,5.27,62.31,15.16,1414.06,64.41,0.918,37,37,Medium
10,182,218,5.14,61.92,15.15,1404.08,66.09,0.918,36,36,Medium
10,183,218,5.35,63.87,15.07,1402.96,64.72,0.918,35,35,Medium
10,184,218,5.57,64.18,15.26,1415.9,65.92,0.918,34,34,Medium
10,185,218,5.32,63.15,14.83,1418.02,65.78,0.918,33,33,Medium
10,186,218,5.5,63.1,15.72,1400.29,66.19,0.918,32,32,Medium
10,187,218,5.63,64.96,15.4,1394.67,67.45,0.918,31,31,Medium
10,188,218,5.82,64.04,15.38,1404.87,66.37,0.918,30,30,Medium
10,189,218,5.65,65.08,15.62,1403.61,66.53,0.918,29,29,Medium
10,190,218,5.62,64.9,15.28,1380.22,66.49,0.918,28,28,Medium
10,191,218,5.74,63.64,15.38,1396.3,67.17,0.918,27,27,Medium
10,192,218,5.83,64.68,15.57,1386.21,67.76,0.918,26,26,Medium
10,193,218,6.0,66.45,15.38,1397.05,67.18,0.918,25,25,Medium
10,194,218,5.98,66.36,15.33,1385.93,68.75,0.918,24,24,Medium
10,195,218,5.83,66.42,15.48,1391.76,68.19,0.918,23,23,Medium
10,196,218,6.15,64.94,15.77,1401.41,67.7,0.918,22,22,Medium
10,197,218,6.17,65.61,15.63,1379.19,67.94,0.918,21,21,Medium
10,198,218,6.14,66.69,15.99,1393.97,67.01,0.918,20,20,Medium
10,199,218,6.38,66.79,16.58,1386.92,67.84,0.918,19,19,Medium
10,200,218,6.2,65.77,15.97,1393.43,67.69,0.918,18,18,Medium
10,201,218,6.39,65.81,16.07,1383.56,68.99,0.918,17,17,Medium
10,202,218,6.34,68.32,16.5,1394.18,68.04,0.918,16,16,Medium
10,203,218,6.54,68.65,15.78,1394.16,68.72,0.918,15,15,High
10,204,218,6.53,67.83,15.8,1384.66,68.87,0.918,14,14,High
10,205,218,6.67,68.46,16.43,1387.45,69.08,0.918,13,13,High
10,206,218,6.66,69.43,16.24,1376.64,69.86,0.918,12,12,High
10,207,218,6.72,67.42,16.42,1392.88,69.91,0.918,11,11,High
10,208,218,6.8,68.44,16.63,1382.63,70.56,0.918,10,10,High
10,209,218,6.79,69.47,16.47,1383.66,71.03,0.918,9,9,High
10,210,218,6.75,70.88,16.39,1373.26,69.0,0.918,8,8,High
10,211,218,7.06,69.61,16.88,1375.86,69.93,0.918,7,7,High
10,212,218,7.14,71.05,16.59,1380.06,70.67,0.918,6,6,High
10,213,218,7.14,71.37,16.28,1376.69,71.05,0.918,5,5,High
10,214,218,7.13,71.05,16.57,1366.83,69.44,0.918,4,4,High
10,215,218,7.19,72.28,16.44,1367.57,71.03,0.918,3,3,High
10,216,218,7.2,72.71,16.39,1370.03,71.2,0.918,2,2,High
10,217,218,7.58,71.54,17.11,1372.46,70.38,0.918,1,1,High
10,218,218,7.45,73.79,17.3,1377.46,71.83,0.918,0,0,High
11,1,243,1.53,44.62,12.29,1481.58,55.36,0.935,242,130,Low
11,2,243,1.34,44.65,11.63,1480.65,54.9,0.935,241,130,Low
11,3,243,1.69,44.75,11.93,1471.22,55.02,0.935,240,130,Low
11,4,243,1.52,46.04,12.11,1475.58,55.44,0.935,239,130,Low
11,5,243,1.2,45.4,12.19,1486.71,55.23,0.935,238,130,Low
11,6,243,1.42,44.99,12.02,1465.13,56.02,0.935,237,130,Low
11,7,243,1.4,45.45,12.02,1479.94,54.83,0.935,236,130,Low
11,8,243,1.56,46.49,12.21,1469.88,54.28,0.935,235,130,Low
11,9,243,1.66,45.26,12.14,1475.99,54.24,0.935,234,130,Low
11,10,243,1.52,44.71,11.93,1471.42,53.78,0.935,233,130,Low
11,11,243,1.44,45.13,11.75,1477.47,54.7,0.935,232,130,Low
11,12,243,1.35,44.89,12.09,1474.31,55.41,0.935,231,130,Low
11,13,243,1.55,45.63,11.9,1475.31,54.29,0.935,230,130,Low
11,14,243,1.55,45.17,12.15,1470.79,55.41,0.935,229,130,Low
11,15,243,1.64,46.17,11.74,1480.56,54.51,0.935,228,130,Low
11,16,243,1.49,45.3,11.7,1476.95,54.57,0.935,227,130,Low
11,17,243,1.48,45.36,11.77,1490.26,54.15,0.935,226,130,Low
11,18,243,1.5,45.55,11.96,1483.92,54.11,0.935,225,130,Low
11,19,243,1.58,43.71,12.43,1467.35,54.57,0.935,224,130,Low
11,20,243,1.43,45.34,11.96,1471.07,55.59,0.935,223,130,Low
11,21,243,1.58,44.66,12.08,1484.98,55.5,0.935,222,130,Low
11,22,243,1.68,44.97,12.05,1481.7,54.08,0.935,221,130,Low
11,23,243,1.36,46.06,12.39,1470.87,55.66,0.935,220,130,Low
11,24,243,1.66,47.17,12.27,1477.97,55.82,0.935,219,130,Low
11,25,243,1.51,45.53,11.65,1474.88,55.25,0.935,218,130,Low
11,26,243,1.51,43.88,11.69,1484.05,55.59,0.935,217,130,Low
11,27,243,1.7,44.03,11.92,1476.88,54.06,0.935,216,130,Low
11,28,243,1.55,45.37,12.08,1484.93,54.45,0.935,215,130,Low
11,29,243,1.45,44.89,12.14,1485.37,54.58,0.935,214,130,Low
11,30,243,1.41,44.89,11.86,1480.88,55.69,0.935,213,130,Low
11,31,243,1.46,45.61,12.03,1488.77,55.87,0.935,212,130,Low
11,32,243,1.61,45.53,12.19,1482.59,55.17,0.935,211,130,Low
11,33,243,1.52,45.67,11.9,1476.69,54.23,0.935,210,130,Low
11,34,243,1.56,45.71,11.92,1482.63,54.47,0.935,209,130,Low
11,35,243,1.81,44.93,11.99,1484.24,55.32,0.935,208,130,Low
11,36,243,1.56,44.69,12.09,1476.68,53.95,0.935,207,130,Low
11,37,243,1.68,46.05,11.92,1471.97,55.89,0.935,206,130,Low
11,38,243,1.53,44.54,11.8,1477.22,54.55,0.935,205,130,Low
11,39,243,1.41,46.69,11.9,1492.12,54.28,0.935,204,130,Low
11,40,243,1.66,44.78,12.45,1484.82,54.73,0.935,203,130,Low
11,41,243,1.56,46.11,12.56,1480.8,55.95,0.935,202,130,Low
11,42,243,1.61,46.14,11.77,1485.69,55.62,0.935,201,130,Low
11,43,243,1.34,45.26,12.28,1473.48,55.88,0.935,200,130,Low
11,44,243,1.59,44.49,11.95,1489.35,55.29,0.935,199,130,Low
11,45,243,1.67,44.75,11.77,1480.16,55.43,0.935,198,130,Low
11,46,243,1.66,44.66,12.0,1469.78,53.69,0.935,197,130,Low
11,47,243,1.46,46.08,12.05,1483.1,53.72,0.935,196,130,Low
11,48,243,1.83,45.65,12.28,1482.92,54.76,0.935,195,130,Low
11,49,243,1.34,45.62,12.03,1474.47,54.76,0.935,194,130,Low
11,50,243,1.65,45.45,11.99,1479.96,55.14,0.935,193,130,Low
11,51,243,1.83,44.6,12.52,1480.54,55.23,0.935,192,130,Low
11,52,243,1.41,45.22,11.89,1488.68,56.84,0.935,191,130,Low
11,53,243,1.76,45.78,11.88,1480.2,54.96,0.935,190,130,Low
11,54,243,1.81,45.69,12.08,1470.51,55.64,0.935,189,130,Low
11,55,243,1.5,45.56,11.95,1477.91,55.41,0.935,188,130,Low
11,56,243,1.71,43.84,12.03,1474.42,55.49,0.935,187,130,Low
11,57,243,1.66,44.29,11.77,1476.22,56.1,0.935,186,130,Low
11,58,243,1.92,46.44,11.66,1480.65,55.47,0.935,185,130,Low
11,59,243,1.63,45.61,12.45,1476.84,56.07,0.935,184,130,Low
11,60,243,1.72,46.5,12.28,1488.5,55.07,0.935,183,130,Low
11,61,243,1.58,45.72,12.74,1479.79,54.66,0.935,182,130,Low
11,62,243,1.79,46.56,12.04,1472.41,55.13,0.935,181,130,Low
11,63,243,1.5,46.11,12.14,1484.3,56.08,0.935,180,130,Low
11,64,243,1.71,45.93,12.79,1481.58,55.36,0.935,179,130,Low
11,65,243,1.76,47.25,11.97,1477.32,56.22,0.935,178,130,Low
11,66,243,1.72,46.01,11.94,1485.41,54.98,0.935,177,130,Low
11,67,243,1.52,47.11,12.08,1475.68,55.64,0.935,176,130,Low
11,68,243,1.79,46.01,12.09,1478.21,54.57,0.935,175,130,Low
11,69,243,1.97,46.68,11.88,1476.86,55.99,0.935,174,130,Low
11,70,243,1.82,45.07,12.17,1473.52,55.3,0.935,173,130,Low
11,71,243,1.56,46.93,12.51,1474.25,55.63,0.935,172,130,Low
11,72,243,2.11,46.26,12.21,1465.68,56.26,0.935,171,130,Low
11,73,243,1.9,46.17,12.07,1476.9,55.94,0.935,170,130,Low
11,74,243,1.76,45.56,12.41,1469.98,56.42,0.935,169,130,Low
11,75,243,1.68,47.0,12.1,1466.47,56.36,0.935,168,130,Low
11,76,243,2.03,47.26,12.05,1479.76,55.7,0.935,167,130,Low
11,77,243,2.01,46.46,12.4,1471.4,55.43,0.935,166,130,Low
11,78,243,1.87,46.46,12.09,1472.66,55.74,0.935,165,130,Low
11,79,243,1.71,46.32,12.07,1486.41,55.11,0.935,164,130,Low
11,80,243,1.91,48.52,12.01,1476.25,55.24,0.935,163,130,Low
11,81,243,1.68,46.28,12.68,1484.68,56.74,0.935,162,130,Low
11,82,243,1.8,46.14,12.46,1465.83,55.07,0.935,161,130,Low
11,83,243,2.08,46.32,12.35,1473.05,55.44,0.935,160,130,Low
11,84,243,1.93,47.9,11.96,1468.81,56.12,0.935,159,130,Low
11,85,243,1.76,46.89,12.58,1467.02,55.43,0.935,158,130,Low
11,86,243,2.08,47.19,12.51,1477.67,55.85,0.935,157,130,Low
11,87,243,1.89,45.92,12.26,1468.85,56.49,0.935,156,130,Low
11,88,243,2.0,48.23,12.1,1468.25,56.31,0.935,155,130,Low
11,89,243,1.95,46.94,12.41,1467.39,56.91,0.935,154,130,Low
11,90,243,2.01,47.13,12.66,1474.21,55.6,0.935,153,130,Low
11,91,243,2.0,46.21,12.59,1481.15,55.66,0.935,152,130,Low
11,92,243,2.27,47.42,12.41,1472.4,56.74,0.935,151,130,Low
11,93,243,2.11,46.68,12.54,1480.28,56.42,0.935,150,130,Low
11,94,243,2.02,46.64,12.09,1463.71,56.25,0.935,149,130,Low
11,95,243,2.19,47.81,12.66,1457.82,56.99,0.935,148,130,Low
11,96,243,2.11,48.98,12.33,1463.82,56.59,0.935,147,130,Low
11,97,243,2.06,49.15,12.61,1466.06,56.87,0.935,146,130,Low
11,98,243,2.06,46.72,12.41,1471.69,56.84,0.935,145,130,Low
11,99,243,2.32,49.74,12.72,1459.81,56.92,0.935,144,130,Low
11,100,243,2.08,49.28,12.75,1466.82,56.98,0.935,143,130,Low
11,101,243,2.22,49.9,12.37,1464.04,55.18,0.935,142,130,Low
11,102,243,2.46,45.83,12.88,1463.63,57.56,0.935,141,130,Low
11,103,243,2.23,48.33,12.72,1475.27,57.63,0.935,140,130,Low
11,104,243,2.25,47.94,12.59,1460.94,55.83,0.935,139,130,Low
11,105,243,2.31,48.75,12.81,1469.74,57.55,0.935,138,130,Low
11,106,243,2.16,48.73,12.72,1462.59,56.92,0.935,137,130,Low
11,107,243,2.26,48.28,12.79,1468.44,56.96,0.935,136,130,Low
11,108,243,2.21,48.63,12.92,1468.6,56.75,0.935,135,130,Low
11,109,243,2.3,48.18,12.67,1462.25,56.93,0.935,134,130,Low
11,110,243,2.28,50.48,12.91,1468.09,56.71,0.935,133,130,Low
11,111,243,2.45,49.92,12.68,1464.9,57.1,0.935,132,130,Low
11,112,243,2.34,48.85,13.15,1470.43,56.88,0.935,131,130,Low
11,113,243,2.36,49.73,12.26,1458.69,57.1,0.935,130,130,Low
11,114,243,2.31,47.5,12.8,1456.92,58.0,0.935,129,129,Low
11,115,243,2.4,49.09,12.75,1468.18,57.33,0.935,128,128,Low
11,116,243,2.59,50.39,13.06,1450.41,58.94,0.935,127,127,Low
11,117,243,2.67,49.92,13.01,1464.78,56.73,0.935,126,126,Low
11,118,243,2.47,50.08,13.06,1477.67,57.41,0.935,125,125,Low
11,119,243,2.48,50.33,13.17,1457.43,57.27,0.935,124,124,Low
11,120,243,2.54,50.62,12.85,1460.18,57.93,0.935,123,123,Low
11,121,243,2.47,49.0,12.86,1453.97,57.79,0.935,122,122,Low
11,122,243,2.3,49.82,12.88,1462.42,58.43,0.935,121,121,Low
11,123,243,2.93,49.57,13.2,1463.03,57.98,0.935,120,120,Low
11,124,243,2.58,50.16,12.97,1458.21,58.96,0.935,119,119,Low
11,125,243,2.49,51.56,13.64,1455.3,59.11,0.935,118,118,Low
11,126,243,2.61,51.38,12.96,1464.32,58.8,0.935,117,117,Low
11,127,243,2.79,51.68,13.44,1457.64,58.21,0.935,116,116,Low
11,128,243,2.66,50.93,13.12,1452.74,58.06,0.935,115,115,Low
11,129,243,2.66,52.16,13.05,1451.13,58.54,0.935,114,114,Low
11,130,243,2.97,50.46,13.01,1456.94,58.71,0.935,113,113,Low
11,131,243,2.9,50.96,12.83,1455.69,59.1,0.935,112,112,Low
11,132,243,2.91,52.55,13.4,1451.26,58.89,0.935,111,111,Low
11,133,243,3.0,51.84,13.2,1457.17,59.0,0.935,110,110,Low
11,134,243,2.75,50.76,13.09,1455.51,59.59,0.935,109,109,Low
11,135,243,2.98,52.95,12.98,1464.59,59.28,0.935,108,108,Low
11,136,243,2.88,52.41,13.19,1451.71,59.13,0.935,107,107,Low
11,137,243,2.83,50.95,13.15,1456.95,59.27,0.935,106,106,Low
11,138,243,3.06,51.34,13.15,1451.13,58.57,0.935,105,105,Low
11,139,243,2.92,52.59,13.52,1442.07,58.99,0.935,104,104,Low
11,140,243,2.99,51.19,13.14,1445.92,59.57,0.935,103,103,Low
11,141,243,2.86,54.23,13.38,1441.82,58.54,0.935,102,102,Low
11,142,243,3.08,51.77,13.34,1455.82,60.06,0.935,101,101,Low
11,143,243,2.93,51.97,13.41,1443.29,59.83,0.935,100,100,Low
11,144,243,3.24,53.9,13.46,1459.27,58.91,0.935,99,99,Low
11,145,243,3.24,53.45,13.66,1460.06,59.66,0.935,98,98,Low
11,146,243,3.11,52.68,13.07,1438.42,60.28,0.935,97,97,Low
11,147,243,3.19,54.34,13.4,1453.98,59.71,0.935,96,96,Low
11,148,243,3.17,51.58,13.64,1454.69,59.32,0.935,95,95,Low
11,149,243,3.31,54.48,13.84,1439.87,59.77,0.935,94,94,Low
11,150,243,3.54,52.93,13.27,1448.92,60.47,0.935,93,93,Low
11,151,243,3.32,54.31,13.78,1444.36,59.75,0.935,92,92,Low
11,152,243,3.28,55.03,13.75,1444.55,60.14,0.935,91,91,Low
11,153,243,3.4,54.79,13.81,1441.48,61.25,0.935,90,90,Low
11,154,243,3.4,54.06,13.28,1453.35,61.59,0.935,89,89,Low
11,155,243,3.39,54.39,13.75,1440.18,60.46,0.935,88,88,Low
11,156,243,3.41,54.38,14.01,1442.94,59.84,0.935,87,87,Low
11,157,243,3.59,54.98,13.82,1438.75,61.52,0.935,86,86,Low
11,158,243,3.6,54.86,13.44,1441.63,59.45,0.935,85,85,Low
11,159,243,3.45,54.55,13.66,1442.89,62.09,0.935,84,84,Low
11,160,243,3.59,53.58,13.84,1436.68,60.91,0.935,83,83,Low
11,161,243,3.59,54.21,13.84,1442.22,61.49,0.935,82,82,Low
11,162,243,3.85,55.12,14.15,1443.64,61.6,0.935,81,81,Low
11,163,243,3.76,54.97,14.12,1442.33,62.13,0.935,80,80,Low
11,164,243,3.76,55.99,13.89,1422.72,60.51,0.935,79,79,Low
11,165,243,3.97,55.58,13.86,1423.36,61.44,0.935,78,78,Low
11,166,243,4.05,54.71,13.92,1439.63,63.09,0.935,77,77,Low
11,167,243,3.93,55.59,13.74,1441.8,61.77,0.935,76,76,Low
11,168,243,3.82,54.35,14.4,1429.13,61.12,0.935,75,75,Low
11,169,243,3.84,55.17,13.87,1430.89,61.48,0.935,74,74,Low
11,170,243,3.99,56.46,14.12,1440.38,61.2,0.935,73,73,Low
11,171,243,4.13,56.51,14.34,1430.96,61.15,0.935,72,72,Low
11,172,243,3.92,57.08,14.18,1433.01,61.42,0.935,71,71,Low
11,173,243,4.09,56.08,14.18,1439.61,62.97,0.935,70,70,Low
11,174,243,4.3,57.03,14.07,1438.79,62.8,0.935,69,69,Low
11,175,243,4.18,57.79,14.4,1435.0,62.77,0.935,68,68,Low
11,176,243,3.83,57.12,13.93,1434.68,61.5,0.935,67,67,Low
11,177,243,4.09,57.52,14.17,1432.16,62.63,0.935,66,66,Low
11,178,243,4.44,56.64,13.92,1428.04,62.26,0.935,65,65,Low
11,179,243,4.05,57.74,14.24,1429.61,63.17,0.935,64,64,Low
11,180,243,4.4,58.21,14.44,1429.75,64.18,0.935,63,63,Low
11,181,243,4.3,58.36,14.89,1430.95,61.96,0.935,62,62,Low
11,182,243,4.35,56.74,14.32,1418.41,63.83,0.935,61,61,Low
11,183,243,4.71,60.1,14.77,1424.23,63.62,0.935,60,60,Low
11,184,243,4.51,59.31,15.16,1425.37,64.29,0.935,59,59,Low
11,185,243,4.55,59.03,14.05,1423.76,63.34,0.935,58,58,Low
11,186,243,4.77,60.61,14.76,1413.45,63.62,0.935,57,57,Low
11,187,243,4.89,60.53,14.97,1427.02,64.11,0.935,56,56,Low
11,188,243,4.81,58.75,14.5,1422.58,64.14,0.935,55,55,Low
11,189,243,4.67,60.35,14.6,1421.4,63.88,0.935,54,54,Low
11,190,243,4.92,60.73,14.89,1415.66,64.66,0.935,53,53,Low
11,191,243,4.84,61.48,14.99,1429.59,64.15,0.935,52,52,Low
11,192,243,4.59,60.48,15.09,1406.1,65.45,0.935,51,51,Low
11,193,243,5.01,61.19,14.86,1417.56,63.96,0.935,50,50,Low
11,194,243,4.95,61.19,14.75,1409.35,64.78,0.935,49,49,Low
11,195,243,4.97,61.65,14.76,1413.09,64.78,0.935,48,48,Low
11,196,243,5.0,60.2,14.87,1411.16,65.15,0.935,47,47,Low
11,197,243,4.99,61.49,15.22,1420.55,65.63,0.935,46,46,Low
11,198,243,5.1,60.89,15.38,1407.08,65.34,0.935,45,45,Low
11,199,243,5.23,62.03,15.27,1407.69,63.8,0.935,44,44,Low
11,200,243,5.21,62.21,15.25,1407.06,65.23,0.935,43,43,Low
11,201,243,5.27,62.18,15.46,1406.03,65.62,0.935,42,42,Low
11,202,243,5.43,60.68,14.99,1405.41,65.75,0.935,41,41,Low
11,203,243,5.52,62.84,15.45,1407.39,66.49,0.935,40,40,Medium
11,204,243,5.33,62.62,15.56,1403.01,65.7,0.935,39,39,Medium
11,205,243,5.6,63.29,15.2,1410.31,66.77,0.935,38,38,Medium
11,206,243,5.49,64.43,15.34,1397.95,65.74,0.935,37,37,Medium
11,207,243,5.6,63.86,15.46,1408.73,65.42,0.935,36,36,Medium
11,208,243,5.73,62.52,15.55,1404.19,65.57,0.935,35,35,Medium
11,209,243,5.73,62.45,15.51,1405.92,65.69,0.935,34,34,Medium
11,210,243,5.69,63.88,15.83,1401.46,66.47,0.935,33,33,Medium
11,211,243,5.85,64.44,15.62,1398.76,66.73,0.935,32,32,Medium
11,212,243,5.6,64.57,16.01,1399.07,66.27,0.935,31,31,Medium
11,213,243,5.73,64.36,15.95,1402.52,66.53,0.935,30,30,Medium
11,214,243,5.96,65.8,15.44,1392.58,66.2,0.935,29,29,Medium
11,215,243,6.18,65.75,15.75,1396.18,67.48,0.935,28,28,Medium
11,216,243,6.03,65.87,15.61,1392.42,66.68,0.935,27,27,Medium
11,217,243,6.12,65.25,16.05,1394.41,68.55,0.935,26,26,Medium
11,218,243,6.2,66.78,16.07,1401.22,67.81,0.935,25,25,Medium
11,219,243,6.0,68.39,16.08,1394.61,67.41,0.935,24,24,Medium
11,220,243,6.37,66.77,15.86,1399.9,68.76,0.935,23,23,Medium
11,221,243,6.21,67.96,15.76,1400.96,67.9,0.935,22,22,Medium
11,222,243,6.35,68.32,15.99,1402.53,67.41,0.935,21,21,Medium
11,223,243,6.42,67.95,16.28,1396.01,68.33,0.935,20,20,Medium
11,224,243,6.34,67.62,16.54,1390.07,70.03,0.935,19,19,Medium
11,225,243,6.67,68.21,15.96,1389.51,69.52,0.935,18,18,Medium
11,226,243,6.45,67.67,16.3,1386.93,68.58,0.935,17,17,Medium
11,227,243,6.67,69.26,16.44,1386.54,69.15,0.935,16,16,Medium
11,228,243,6.63,68.9,15.81,1384.91,68.64,0.935,15,15,High
11,229,243,6.94,68.94,16.1,1381.48,70.47,0.935,14,14,High
11,230,243,6.78,69.49,16.5,1383.6,70.41,0.935,13,13,High
11,231,243,6.91,71.15,16.54,1378.98,69.99,0.935,12,12,High
11,232,243,6.86,70.53,17.07,1368.72,71.26,0.935,11,11,High
11,233,243,6.93,69.94,17.19,1382.6,69.24,0.935,10,10,High
11,234,243,7.21,69.81,16.6,1371.54,69.89,0.935,9,9,High
11,235,243,6.97,70.71,16.92,1377.97,70.71,0.935,8,8,High
11,236,243,7.19,71.8,16.63,1382.93,71.89,0.935,7,7,High
11,237,243,7.15,72.45,16.79,1370.52,70.25,0.935,6,6,High
11,238,243,7.2,73.06,16.71,1375.69,71.52,0.935,5,5,High
11,239,243,7.16,72.65,17.06,1378.5,71.21,0.935,4,4,High
11,240,243,7.35,72.18,16.98,1369.75,71.68,0.935,3,3,High
11,241,243,7.38,73.79,17.31,1362.83,72.56,0.935,2,2,High
11,242,243,7.61,71.94,16.76,1365.38,71.49,0.935,1,1,High
11,243,243,7.38,73.63,16.79,1360.59,72.13,0.935,0,0,High
12,1,188,1.66,45.14,11.71,1490.59,55.01,0.959,187,130,Low
12,2,188,1.57,45.73,11.51,1471.52,54.18,0.959,186,130,Low
12,3,188,1.44,44.94,12.0,1484.45,55.08,0.959,185,130,Low
12,4,188,1.31,45.19,11.83,1480.29,54.02,0.959,184,130,Low
12,5,188,1.42,45.81,12.32,1475.44,55.56,0.959,183,130,Low
12,6,188,1.43,44.84,11.9,1484.41,53.53,0.959,182,130,Low
12,7,188,1.24,45.69,11.79,1484.43,55.55,0.959,181,130,Low
12,8,188,1.58,44.93,11.64,1482.29,54.41,0.959,180,130,Low
12,9,188,1.58,43.78,11.91,1482.04,54.19,0.959,179,130,Low
12,10,188,1.55,45.05,11.56,1488.69,54.67,0.959,178,130,Low
12,11,188,1.56,45.19,11.51,1473.04,54.92,0.959,177,130,Low
12,12,188,1.38,44.03,11.81,1490.0,55.3,0.959,176,130,Low
12,13,188,1.52,44.66,12.55,1479.14,55.04,0.959,175,130,Low
12,14,188,1.46,45.22,12.17,1481.84,55.97,0.959,174,130,Low
12,15,188,1.73,44.99,11.88,1474.42,55.22,0.959,173,130,Low
12,16,188,1.54,46.15,11.48,1478.89,55.38,0.959,172,130,Low
12,17,188,1.57,46.02,11.85,1488.17,55.65,0.959,171,130,Low
12,18,188,1.41,45.75,11.95,1486.86,53.91,0.959,170,130,Low
12,19,188,1.56,46.1,11.77,1465.59,54.97,0.959,169,130,Low
12,20,188,1.55,44.73,12.35,1475.39,54.63,0.959,168,130,Low
12,21,188,1.43,45.19,12.18,1491.59,54.7,0.959,167,130,Low
12,22,188,1.37,45.19,12.61,1476.26,55.16,0.959,166,130,Low
12,23,188,1.47,45.69,12.04,1480.62,55.12,0.959,165,130,Low
12,24,188,1.41,44.52,11.64,1461.59,55.13,0.959,164,130,Low
12,25,188,1.75,44.29,12.36,1475.13,54.3,0.959,163,130,Low
12,26,188,1.32,45.48,11.71,1475.15,55.77,0.959,162,130,Low
12,27,188,1.4,45.57,12.46,1480.35,55.89,0.959,161,130,Low
12,28,188,1.59,44.8,12.0,1485.37,55.2,0.959,160,130,Low
12,29,188,1.67,44.71,11.9,1475.34,55.12,0.959,159,130,Low
12,30,188,1.87,44.02,11.9,1475.47,55.55,0.959,158,130,Low
12,31,188,1.5,45.56,12.17,1472.99,54.67,0.959,157,130,Low
12,32,188,1.6,46.11,12.42,1486.68,54.8,0.959,156,130,Low
12,33,188,1.6,44.27,12.25,1480.29,54.72,0.959,155,130,Low
12,34,188,1.67,44.92,11.8,1473.9,55.64,0.959,154,130,Low
12,35,188,1.45,45.22,11.84,1479.2,55.98,0.959,153,130,Low
12,36,188,1.58,45.95,12.05,1481.47,55.82,0.959,152,130,Low
12,37,188,1.54,46.16,12.35,1479.19,55.77,0.959,151,130,Low
12,38,188,1.66,45.76,12.36,1481.72,54.76,0.959,150,130,Low
12,39,188,1.64,44.86,11.99,1479.22,54.0,0.959,149,130,Low
12,40,188,1.59,46.38,12.15,1477.24,55.17,0.959,148,130,Low
12,41,188,1.63,45.64,11.91,1476.24,54.64,0.959,147,130,Low
12,42,188,1.6,45.82,12.11,1479.55,54.47,0.959,146,130,Low
12,43,188,1.51,46.25,12.09,1486.29,54.75,0.959,145,130,Low
12,44,188,1.88,44.88,12.14,1475.86,55.9,0.959,144,130,Low
12,45,188,1.5,45.65,11.94,1482.51,56.37,0.959,143,130,Low
12,46,188,1.85,44.81,12.23,1470.37,55.09,0.959,142,130,Low
12,47,188,1.61,45.23,12.05,1483.94,55.53,0.959,141,130,Low
12,48,188,1.76,45.44,12.1,1471.21,56.16,0.959,140,130,Low
12,49,188,1.89,46.17,11.98,1474.28,55.15,0.959,139,130,Low
12,50,188,1.83,45.51,11.95,1465.97,55.54,0.959,138,130,Low
12,51,188,1.73,45.32,12.01,1475.05,55.99,0.959,137,130,Low
12,52,188,1.54,45.78,12.93,1489.42,55.03,0.959,136,130,Low
12,53,188,1.8,45.59,12.42,1472.76,54.97,0.959,135,130,Low
12,54,188,1.74,47.25,12.2,1463.51,55.89,0.959,134,130,Low
12,55,188,1.83,47.1,11.95,1484.5,54.8,0.959,133,130,Low
12,56,188,1.87,45.96,11.95,1483.01,55.7,0.959,132,130,Low
12,57,188,1.7,46.05,12.3,1470.71,55.27,0.959,131,130,Low
12,58,188,1.81,46.36,12.48,1472.13,55.72,0.959,130,130,Low
12,59,188,2.04,46.23,11.84,1471.42,54.93,0.959,129,129,Low
12,60,188,1.98,47.06,12.74,1465.54,55.37,0.959,128,128,Low
12,61,188,1.84,46.83,11.95,1473.08,55.75,0.959,127,127,Low
12,62,188,1.94,47.14,13.08,1473.01,56.38,0.959,126,126,Low
12,63,188,1.93,46.89,12.1,1467.99,55.38,0.959,125,125,Low
12,64,188,1.86,47.69,12.54,1470.47,57.59,0.959,124,124,Low
12,65,188,1.83,46.52,12.36,1469.23,55.73,0.959,123,123,Low
12,66,188,2.04,45.12,12.31,1474.1,56.04,0.959,122,122,Low
12,67,188,2.18,47.2,12.49,1466.53,55.99,0.959,121,121,Low
12,68,188,1.9,46.49,11.72,1461.4,56.18,0.959,120,120,Low
12,69,188,1.99,48.05,12.56,1476.03,56.58,0.959,119,119,Low
12,70,188,2.02,48.17,11.95,1469.56,56.32,0.959,118,118,Low
12,71,188,2.09,47.67,12.36,1471.48,56.31,0.959,117,117,Low
12,72,188,2.04,48.86,12.09,1466.71,55.84,0.959,116,116,Low
12,73,188,2.0,46.58,13.28,1465.6,56.6,0.959,115,115,Low
12,74,188,1.99,48.37,12.76,1470.64,56.56,0.959,114,114,Low
12,75,188,1.94,48.38,12.19,1462.89,56.78,0.959,113,113,Low
12,76,188,2.4,47.55,12.37,1463.5,57.29,0.959,112,112,Low
12,77,188,2.31,48.36,12.57,1468.6,56.78,0.959,111,111,Low
12,78,188,2.24,45.96,12.52,1470.22,56.92,0.959,110,110,Low
12,79,188,2.18,48.94,12.51,1468.49,57.28,0.959,109,109,Low
12,80,188,2.29,48.8,12.51,1472.81,57.23,0.959,108,108,Low
12,81,188,2.33,48.11,12.68,1461.52,57.09,0.959,107,107,Low
12,82,188,2.19,48.58,12.39,1462.09,56.97,0.959,106,106,Low
12,83,188,2.15,47.68,12.63,1459.41,58.3,0.959,105,105,Low
12,84,188,2.22,48.01,12.96,1456.96,57.43,0.959,104,104,Low
12,85,188,2.29,49.26,12.46,1467.57,57.65,0.959,103,103,Low
12,86,188,2.52,49.22,12.9,1461.47,57.36,0.959,102,102,Low
12,87,188,2.53,48.28,12.92,1457.33,57.5,0.959,101,101,Low
12,88,188,2.21,49.29,12.56,1460.34,58.43,0.959,100,100,Low
12,89,188,2.49,50.48,12.75,1457.67,57.82,0.959,99,99,Low
12,90,188,2.3,49.45,12.97,1460.63,57.64,0.959,98,98,Low
12,91,188,2.61,51.81,12.77,1456.51,58.79,0.959,97,97,Low
12,92,188,2.44,50.16,12.99,1465.46,58.23,0.959,96,96,Low
12,93,188,2.4,49.56,12.76,1465.11,58.87,0.959,95,95,Low
12,94,188,2.33,49.29,12.82,1463.37,59.15,0.959,94,94,Low
12,95,188,2.63,50.41,13.13,1456.09,57.77,0.959,93,93,Low
12,96,188,2.74,51.18,12.9,1460.32,58.26,0.959,92,92,Low
12,97,188,2.69,49.79,13.32,1458.2,58.88,0.959,91,91,Low
12,98,188,2.65,49.69,13.24,1456.89,58.55,0.959,90,90,Low
12,99,188,2.6,49.7,12.62,1458.87,59.43,0.959,89,89,Low
12,100,188,2.73,50.91,13.15,1458.23,59.43,0.959,88,88,Low
12,101,188,2.75,51.82,13.01,1459.05,57.9,0.959,87,87,Low
12,102,188,2.82,51.15,13.54,1459.48,59.05,0.959,86,86,Low
12,103,188,2.87,52.69,13.31,1453.79,59.51,0.959,85,85,Low
12,104,188,2.98,52.98,13.16,1448.96,59.71,0.959,84,84,Low
12,105,188,2.83,53.24,13.3,1458.34,59.3,0.959,83,83,Low
12,106,188,2.96,51.99,13.14,1445.98,59.67,0.959,82,82,Low
12,107,188,3.04,52.88,13.06,1454.5,58.39,0.959,81,81,Low
12,108,188,2.98,53.63,13.31,1448.53,59.45,0.959,80,80,Low
12,109,188,3.32,51.96,13.81,1441.16,59.87,0.959,79,79,Low
12,110,188,3.32,51.83,13.49,1454.97,59.11,0.959,78,78,Low
12,111,188,3.18,52.59,13.42,1461.95,58.9,0.959,77,77,Low
12,112,188,3.05,52.62,13.43,1447.4,59.86,0.959,76,76,Low
12,113,188,3.26,52.4,13.61,1449.38,59.63,0.959,75,75,Low
12,114,188,3.21,53.46,13.75,1436.24,58.72,0.959,74,74,Low
12,115,188,3.13,54.02,13.35,1434.97,60.52,0.959,73,73,Low
12,116,188,3.36,53.43,13.71,1443.57,60.17,0.959,72,72,Low
12,117,188,3.24,54.5,14.23,1438.47,59.44,0.959,71,71,Low
12,118,188,3.41,54.07,13.48,1449.05,61.82,0.959,70,70,Low
12,119,188,3.46,55.12,13.6,1447.7,61.03,0.959,69,69,Low
12,120,188,3.55,54.1,13.57,1443.62,60.64,0.959,68,68,Low
12,121,188,3.39,56.68,13.9,1445.38,61.12,0.959,67,67,Low
12,122,188,3.49,54.9,14.21,1442.2,60.71,0.959,66,66,Low
12,123,188,3.78,54.21,13.87,1426.53,61.36,0.959,65,65,Low
12,124,188,3.87,55.65,13.59,1435.62,61.59,0.959,64,64,Low
12,125,188,3.66,55.44,13.27,1443.93,60.07,0.959,63,63,Low
12,126,188,3.81,55.72,13.59,1442.49,60.95,0.959,62,62,Low
12,127,188,3.81,55.9,14.14,1435.25,61.76,0.959,61,61,Low
12,128,188,4.05,56.82,14.19,1424.55,60.85,0.959,60,60,Low
12,129,188,3.86,56.3,14.34,1441.0,63.28,0.959,59,59,Low
12,130,188,3.89,55.76,14.12,1434.53,61.25,0.959,58,58,Low
12,131,188,4.07,57.07,14.07,1425.49,62.8,0.959,57,57,Low
12,132,188,3.94,57.81,14.19,1435.86,61.95,0.959,56,56,Low
12,133,188,4.15,56.53,14.38,1431.69,61.36,0.959,55,55,Low
12,134,188,4.07,57.48,14.41,1434.43,61.34,0.959,54,54,Low
12,135,188,4.22,58.03,14.02,1427.92,62.43,0.959,53,53,Low
12,136,188,4.27,58.13,14.14,1437.47,62.94,0.959,52,52,Low
12,137,188,4.47,57.31,14.18,1428.1,62.01,0.959,51,51,Low
12,138,188,4.33,59.51,14.81,1425.8,61.88,0.959,50,50,Low
12,139,188,4.67,57.91,14.14,1427.04,63.42,0.959,49,49,Low
12,140,188,4.53,58.59,14.48,1427.81,62.27,0.959,48,48,Low
12,141,188,4.58,59.33,14.69,1433.95,63.76,0.959,47,47,Low
12,142,188,4.65,59.57,14.69,1429.02,62.4,0.959,46,46,Low
12,143,188,4.75,59.16,14.78,1426.3,63.91,0.959,45,45,Low
12,144,188,4.81,59.51,15.24,1404.55,64.3,0.959,44,44,Low
12,145,188,4.61,58.82,14.59,1423.43,63.63,0.959,43,43,Low
12,146,188,4.89,59.82,14.78,1427.71,64.72,0.959,42,42,Low
12,147,188,4.67,60.29,14.62,1414.9,64.26,0.959,41,41,Low
12,148,188,5.12,62.21,15.03,1417.75,64.22,0.959,40,40,Medium
12,149,188,4.89,61.97,14.42,1421.07,64.91,0.959,39,39,Medium
12,150,188,5.26,62.03,14.95,1419.86,65.55,0.959,38,38,Medium
12,151,188,5.17,61.07,15.16,1428.93,65.94,0.959,37,37,Medium
12,152,188,5.27,61.79,15.23,1404.73,65.2,0.959,36,36,Medium
12,153,188,5.26,61.24,14.85,1415.4,65.04,0.959,35,35,Medium
12,154,188,5.22,63.28,15.1,1403.57,66.17,0.959,34,34,Medium
12,155,188,5.46,62.71,14.95,1409.38,66.82,0.959,33,33,Medium
12,156,188,5.28,63.87,15.3,1413.86,66.67,0.959,32,32,Medium
12,157,188,5.51,62.85,15.28,1399.25,65.53,0.959,31,31,Medium
12,158,188,5.25,62.69,15.7,1402.27,66.66,0.959,30,30,Medium
12,159,188,5.73,64.85,15.61,1402.89,66.08,0.959,29,29,Medium
12,160,188,5.8,65.96,16.02,1403.45,66.02,0.959,28,28,Medium
12,161,188,5.65,64.95,16.13,1403.95,66.92,0.959,27,27,Medium
12,162,188,6.02,64.83,15.15,1412.54,66.2,0.959,26,26,Medium
12,163,188,5.89,65.89,15.57,1390.3,66.73,0.959,25,25,Medium
12,164,188,5.84,65.58,15.28,1396.79,68.23,0.959,24,24,Medium
12,165,188,6.06,66.21,15.57,1397.98,68.18,0.959,23,23,Medium
12,166,188,5.98,65.3,15.59,1398.81,67.01,0.959,22,22,Medium
12,167,188,6.28,65.82,15.73,1400.06,67.83,0.959,21,21,Medium
12,168,188,6.0,66.02,16.19,1391.44,68.46,0.959,20,20,Medium
12,169,188,6.18,66.04,16.16,1397.89,67.94,0.959,19,19,Medium
12,170,188,6.47,68.1,15.91,1376.77,68.83,0.959,18,18,Medium
12,171,188,6.2,67.97,16.57,1393.49,68.2,0.959,17,17,Medium
12,172,188,6.45,67.05,16.15,1380.9,69.39,0.959,16,16,Medium
12,173,188,6.64,67.95,16.6,1393.53,69.44,0.959,15,15,High
12,174,188,6.63,67.91,15.88,1385.26,69.45,0.959,14,14,High
12,175,188,6.67,68.72,16.54,1374.02,69.51,0.959,13,13,High
12,176,188,6.65,70.32,16.37,1389.69,68.99,0.959,12,12,High
12,177,188,6.69,70.56,16.21,1383.55,69.41,0.959,11,11,High
12,178,188,6.81,69.53,16.58,1376.09,70.74,0.959,10,10,High
12,179,188,7.23,71.23,16.46,1381.72,69.8,0.959,9,9,High
12,180,188,6.91,71.39,16.95,1372.32,70.13,0.959,8,8,High
12,181,188,7.15,71.92,16.66,1376.05,70.35,0.959,7,7,High
12,182,188,7.14,70.53,16.63,1372.87,70.74,0.959,6,6,High
12,183,188,7.12,72.75,17.29,1377.02,71.03,0.959,5,5,High
12,184,188,7.34,73.78,16.91,1378.86,70.36,0.959,4,4,High
12,185,188,7.53,72.05,17.01,1365.85,70.88,0.959,3,3,High
12,186,188,7.6,71.77,16.97,1382.78,71.92,0.959,2,2,High
12,187,188,7.59,71.91,17.14,1367.53,72.02,0.959,1,1,High
12,188,188,7.76,73.52,17.42,1366.09,72.61,0.959,0,0,High
13,1,233,1.89,45.41,11.92,1471.38,55.85,0.927,232,130,Low
13,2,233,1.46,44.99,12.31,1482.31,54.16,0.927,231,130,Low
13,3,233,1.42,45.06,11.83,1484.67,55.32,0.927,230,130,Low
13,4,233,1.46,44.65,11.96,1481.39,54.53,0.927,229,130,Low
13,5,233,1.54,43.13,11.96,1477.86,55.16,0.927,228,130,Low
13,6,233,1.32,45.23,12.03,1465.63,54.31,0.927,227,130,Low
13,7,233,1.64,45.91,12.03,1492.64,55.03,0.927,226,130,Low
13,8,233,1.41,45.24,12.47,1483.37,55.61,0.927,225,130,Low
13,9,233,1.59,44.73,12.37,1469.59,55.39,0.927,224,130,Low
13,10,233,1.35,44.67,12.02,1479.9,55.58,0.927,223,130,Low
13,11,233,1.37,43.71,12.6,1472.86,54.43,0.927,222,130,Low
13,12,233,1.45,43.6,12.39,1487.55,54.87,0.927,221,130,Low
13,13,233,1.53,45.07,12.01,1479.63,55.4,0.927,220,130,Low
13,14,233,1.49,43.75,12.09,1481.29,54.7,0.927,219,130,Low
13,15,233,1.44,44.93,12.31,1477.8,55.26,0.927,218,130,Low
13,16,233,1.45,45.09,12.19,1485.8,55.24,0.927,217,130,Low
13,17,233,1.65,46.05,12.23,1474.35,55.57,0.927,216,130,Low
13,18,233,1.56,46.24,12.07,1480.2,53.7,0.927,215,130,Low
13,19,233,1.66,43.6,12.06,1475.26,54.85,0.927,214,130,Low
13,20,233,1.51,43.16,12.11,1482.49,56.16,0.927,213,130,Low
13,21,233,1.47,46.07,12.05,1475.48,55.17,0.927,212,130,Low
13,22,233,1.21,45.0,12.3,1466.48,56.67,0.927,211,130,Low
13,23,233,1.3,44.36,12.11,1475.4,54.24,0.927,210,130,Low
13,24,233,1.55,45.85,11.94,1495.13,55.52,0.927,209,130,Low
13,25,233,1.41,45.92,11.8,1483.13,55.54,0.927,208,130,Low
13,26,233,1.57,45.77,11.86,1478.43,56.59,0.927,207,130,Low
13,27,233,1.54,45.81,11.94,1474.09,55.15,0.927,206,130,Low
13,28,233,1.72,45.89,12.22,1477.41,55.15,0.927,205,130,Low
13,29,233,1.57,44.84,12.17,1482.67,54.67,0.927,204,130,Low
13,30,233,1.54,44.33,11.66,1490.31,55.59,0.927,203,130,Low
13,31,233,1.42,44.82,12.36,1484.43,54.5,0.927,202,130,Low
13,32,233,1.39,45.79,12.52,1475.15,55.31,0.927,201,130,Low
13,33,233,1.51,45.52,11.96,1473.55,55.33,0.927,200,130,Low
13,34,233,1.61,45.61,12.02,1480.4,55.49,0.927,199,130,Low
13,35,233,1.73,43.83,11.93,1474.52,54.39,0.927,198,130,Low
13,36,233,1.57,45.84,12.09,1491.84,54.15,0.927,197,130,Low
13,37,233,1.59,44.36,12.13,1472.56,54.88,0.927,196,130,Low
13,38,233,1.68,45.39,12.06,1480.62,55.0,0.927,195,130,Low
13,39,233,1.44,44.37,12.35,1482.64,55.56,0.927,194,130,Low
13,40,233,1.46,45.81,12.4,1469.05,55.34,0.927,193,130,Low
13,41,233,1.33,44.57,11.77,1476.49,55.05,0.927,192,130,Low
13,42,233,1.55,44.92,12.34,1474.7,54.72,0.927,191,130,Low
13,43,233,1.74,46.3,12.0,1474.38,54.71,0.927,190,130,Low
13,44,233,1.62,46.13,12.31,1477.75,55.46,0.927,189,130,Low
13,45,233,1.67,45.92,12.22,1479.32,54.88,0.927,188,130,Low
13,46,233,1.47,44.19,12.04,1478.17,55.18,0.927,187,130,Low
13,47,233,1.6,47.01,12.63,1485.75,55.83,0.927,186,130,Low
13,48,233,1.6,45.28,12.24,1479.12,55.94,0.927,185,130,Low
13,49,233,1.45,45.01,12.34,1477.91,55.91,0.927,184,130,Low
13,50,233,1.56,46.55,12.13,1479.74,56.14,0.927,183,130,Low
13,51,233,1.65,44.86,12.37,1467.45,55.99,0.927,182,130,Low
13,52,233,1.67,45.95,12.24,1469.96,54.98,0.927,181,130,Low
13,53,233,1.52,45.36,12.19,1475.9,54.76,0.927,180,130,Low
13,54,233,1.89,46.8,12.55,1469.69,55.83,0.927,179,130,Low
13,55,233,1.66,45.98,12.03,1484.31,55.0,0.927,178,130,Low
13,56,233,1.58,46.26,12.4,1476.0,54.82,0.927,177,130,Low
13,57,233,1.62,45.73,12.28,1484.12,56.19,0.927,176,130,Low
13,58,233,1.73,47.03,12.52,1471.98,55.19,0.927,175,130,Low
13,59,233,1.42,45.29,12.0,1478.63,55.37,0.927,174,130,Low
13,60,233,1.67,46.66,11.91,1472.02,54.92,0.927,173,130,Low
13,61,233,1.69,45.81,12.08,1470.28,56.28,0.927,172,130,Low
13,62,233,1.66,45.2,12.24,1477.15,55.58,0.927,171,130,Low
13,63,233,1.86,46.44,11.95,1476.72,54.58,0.927,170,130,Low
13,64,233,1.74,46.28,11.98,1471.66,55.63,0.927,169,130,Low
13,65,233,1.86,46.16,12.38,1477.51,55.3,0.927,168,130,Low
13,66,233,1.8,47.51,11.84,1478.41,55.12,0.927,167,130,Low
13,67,233,1.87,46.61,12.44,1479.9,55.02,0.927,166,130,Low
13,68,233,2.0,45.97,12.33,1473.68,55.4,0.927,165,130,Low
13,69,233,1.54,47.33,11.98,1479.14,56.4,0.927,164,130,Low
13,70,233,1.68,45.7,12.47,1475.69,55.7,0.927,163,130,Low
13,71,233,1.8,46.98,12.18,1476.43,56.79,0.927,162,130,Low
13,72,233,2.05,46.81,12.39,1473.46,55.52,0.927,161,130,Low
13,73,233,1.87,45.74,12.35,1480.61,55.95,0.927,160,130,Low
13,74,233,1.98,44.85,11.95,1469.67,56.05,0.927,159,130,Low
13,75,233,1.69,45.58,12.32,1476.57,56.23,0.927,158,130,Low
13,76,233,1.9,46.7,12.15,1475.52,54.91,0.927,157,130,Low
13,77,233,2.02,46.77,12.22,1473.97,56.71,0.927,156,130,Low
13,78,233,1.74,45.74,12.4,1475.35,56.32,0.927,155,130,Low
13,79,233,2.1,47.78,12.12,1464.68,56.85,0.927,154,130,Low
13,80,233,1.66,46.84,12.53,1471.75,56.42,0.927,153,130,Low
13,81,233,1.79,47.04,12.45,1478.67,56.0,0.927,152,130,Low
13,82,233,1.94,46.49,12.3,1473.86,57.35,0.927,151,130,Low
13,83,233,2.14,47.64,12.15,1478.64,56.36,0.927,150,130,Low
13,84,233,1.99,47.19,12.42,1466.62,56.55,0.927,149,130,Low
13,85,233,2.05,47.09,12.22,1470.0,56.72,0.927,148,130,Low
13,86,233,1.79,47.42,12.73,1468.08,57.28,0.927,147,130,Low
13,87,233,1.97,46.44,12.29,1465.47,56.43,0.927,146,130,Low
13,88,233,2.45,46.6,12.22,1467.54,56.76,0.927,145,130,Low
13,89,233,2.14,47.68,12.3,1479.63,57.18,0.927,144,130,Low
13,90,233,2.04,47.62,12.66,1477.1,56.93,0.927,143,130,Low
13,91,233,2.14,47.06,12.48,1469.54,55.77,0.927,142,130,Low
13,92,233,2.03,47.76,12.95,1466.63,55.45,0.927,141,130,Low
13,93,233,2.06,49.19,12.26,1472.93,57.26,0.927,140,130,Low
13,94,233,2.15,49.33,13.13,1461.32,56.31,0.927,139,130,Low
13,95,233,2.17,47.7,12.43,1464.98,57.83,0.927,138,130,Low
13,96,233,2.28,47.15,12.42,1460.07,57.13,0.927,137,130,Low
13,97,233,2.01,47.84,12.64,1471.88,56.46,0.927,136,130,Low
13,98,233,2.22,48.13,12.97,1472.5,56.97,0.927,135,130,Low
13,99,233,2.22,48.75,12.9,1466.56,57.14,0.927,134,130,Low
13,100,233,2.01,47.41,12.39,1470.31,57.74,0.927,133,130,Low
13,101,233,2.16,48.6,12.2,1465.29,57.86,0.927,132,130,Low
13,102,233,2.15,49.43,12.81,1469.04,57.14,0.927,131,130,Low
13,103,233,2.36,47.54,12.92,1457.11,57.25,0.927,130,130,Low
13,104,233,2.19,49.39,12.57,1454.25,57.26,0.927,129,129,Low
13,105,233,2.23,47.64,12.77,1457.46,56.73,0.927,128,128,Low
13,106,233,2.29,47.3,12.49,1462.09,57.64,0.927,127,127,Low
13,107,233,2.46,48.82,12.72,1457.49,57.66,0.927,126,126,Low
13,108,233,2.33,48.25,13.01,1457.85,57.92,0.927,125,125,Low
13,109,233,2.44,50.44,12.39,1457.27,57.31,0.927,124,124,Low
13,110,233,2.37,49.41,12.66,1465.48,57.73,0.927,123,123,Low
13,111,233,2.56,49.63,12.74,1460.61,58.19,0.927,122,122,Low
13,112,233,2.53,48.7,12.79,1465.13,58.55,0.927,121,121,Low
13,113,233,2.51,48.39,13.04,1457.57,56.87,0.927,120,120,Low
13,114,233,2.56,48.28,12.97,1461.16,58.37,0.927,119,119,Low
13,115,233,2.63,49.48,12.42,1461.57,58.45,0.927,118,118,Low
13,116,233,2.4,49.81,12.61,1457.35,58.34,0.927,117,117,Low
13,117,233,2.68,48.59,12.96,1467.7,58.68,0.927,116,116,Low
13,118,233,2.87,49.38,13.37,1454.77,58.63,0.927,115,115,Low
13,119,233,2.63,49.9,13.05,1480.87,59.31,0.927,114,114,Low
13,120,233,2.7,50.91,12.96,1464.32,57.82,0.927,113,113,Low
13,121,233,2.74,50.33,12.85,1458.8,58.25,0.927,112,112,Low
13,122,233,2.85,50.52,13.08,1464.18,59.18,0.927,111,111,Low
13,123,233,2.81,51.16,12.48,1465.29,58.65,0.927,110,110,Low
13,124,233,2.6,50.74,13.22,1450.69,59.12,0.927,109,109,Low
13,125,233,2.8,50.98,13.18,1446.12,58.17,0.927,108,108,Low
13,126,233,2.93,50.35,12.76,1460.24,59.56,0.927,107,107,Low
13,127,233,2.74,52.02,12.85,1456.04,57.8,0.927,106,106,Low
13,128,233,2.89,51.07,12.95,1458.56,57.72,0.927,105,105,Low
13,129,233,2.87,52.08,12.88,1451.41,58.53,0.927,104,104,Low
13,130,233,2.75,50.82,13.32,1462.07,59.1,0.927,103,103,Low
13,131,233,3.05,49.63,13.31,1458.55,59.92,0.927,102,102,Low
13,132,233,2.99,51.62,12.97,1445.64,60.4,0.927,101,101,Low
13,133,233,3.0,52.31,12.62,1459.54,58.55,0.927,100,100,Low
13,134,233,3.04,52.72,13.21,1452.4,59.55,0.927,99,99,Low
13,135,233,3.12,52.18,12.98,1452.84,59.97,0.927,98,98,Low
13,136,233,3.13,52.33,13.05,1454.32,58.47,0.927,97,97,Low
13,137,233,3.19,50.78,13.69,1446.99,58.66,0.927,96,96,Low
13,138,233,3.03,52.17,13.06,1452.02,59.37,0.927,95,95,Low
13,139,233,3.25,53.69,13.96,1433.97,59.53,0.927,94,94,Low
13,140,233,3.15,53.23,13.3,1457.69,58.94,0.927,93,93,Low
13,141,233,3.16,54.52,13.15,1447.59,59.5,0.927,92,92,Low
13,142,233,3.25,53.92,13.48,1450.45,58.57,0.927,91,91,Low
13,143,233,3.22,52.21,13.49,1439.39,60.17,0.927,90,90,Low
13,144,233,3.48,55.28,13.77,1440.49,60.02,0.927,89,89,Low
13,145,233,3.54,53.3,13.15,1451.11,60.92,0.927,88,88,Low
13,146,233,3.52,54.47,13.9,1448.13,60.42,0.927,87,87,Low
13,147,233,3.49,54.99,13.37,1442.52,59.54,0.927,86,86,Low
13,148,233,3.7,53.51,13.7,1434.1,61.12,0.927,85,85,Low
13,149,233,3.4,56.43,13.83,1449.4,59.4,0.927,84,84,Low
13,150,233,3.49,54.69,13.73,1450.23,60.33,0.927,83,83,Low
13,151,233,3.5,54.62,13.28,1439.4,59.81,0.927,82,82,Low
13,152,233,3.64,55.04,14.12,1453.01,60.25,0.927,81,81,Low
13,153,233,3.52,54.79,13.63,1447.31,61.18,0.927,80,80,Low
13,154,233,3.64,54.83,13.88,1441.5,61.91,0.927,79,79,Low
13,155,233,3.59,55.7,13.93,1445.34,60.6,0.927,78,78,Low
13,156,233,3.62,55.76,13.7,1442.56,61.21,0.927,77,77,Low
13,157,233,3.64,55.03,14.13,1438.13,61.46,0.927,76,76,Low
13,158,233,3.82,55.81,13.43,1449.28,60.85,0.927,75,75,Low
13,159,233,3.86,56.8,14.08,1429.35,61.62,0.927,74,74,Low
13,160,233,3.69,56.52,13.67,1427.13,61.1,0.927,73,73,Low
13,161,233,4.12,56.99,14.04,1437.57,61.63,0.927,72,72,Low
13,162,233,3.97,56.62,13.76,1426.52,61.34,0.927,71,71,Low
13,163,233,3.84,56.13,14.1,1426.26,61.46,0.927,70,70,Low
13,164,233,3.94,55.12,13.87,1429.7,60.8,0.927,69,69,Low
13,165,233,3.87,56.65,14.06,1426.59,62.47,0.927,68,68,Low
13,166,233,4.24,56.18,14.21,1437.05,61.99,0.927,67,67,Low
13,167,233,4.34,56.08,14.28,1433.68,62.33,0.927,66,66,Low
13,168,233,4.28,56.85,14.46,1425.34,61.32,0.927,65,65,Low
13,169,233,4.3,58.23,13.98,1429.8,63.1,0.927,64,64,Low
13,170,233,4.01,57.65,14.19,1434.08,62.51,0.927,63,63,Low
13,171,233,4.22,58.83,14.31,1426.48,63.55,0.927,62,62,Low
13,172,233,4.31,59.38,14.49,1421.26,62.41,0.927,61,61,Low
13,173,233,4.28,57.38,14.23,1428.5,63.24,0.927,60,60,Low
13,174,233,4.69,59.07,14.97,1425.05,63.83,0.927,59,59,Low
13,175,233,4.17,58.75,14.53,1428.74,63.0,0.927,58,58,Low
13,176,233,4.67,59.24,14.63,1429.35,63.6,0.927,57,57,Low
13,177,233,4.47,58.73,14.36,1434.32,63.31,0.927,56,56,Low
13,178,233,4.43,59.56,14.48,1431.23,62.66,0.927,55,55,Low
13,179,233,4.49,60.29,14.38,1425.04,63.15,0.927,54,54,Low
13,180,233,4.69,58.92,14.91,1424.57,63.46,0.927,53,53,Low
13,181,233,4.66,58.97,14.46,1410.92,63.89,0.927,52,52,Low
13,182,233,4.78,61.23,14.67,1426.23,64.55,0.927,51,51,Low
13,183,233,4.86,58.59,14.26,1420.29,64.67,0.927,50,50,Low
13,184,233,5.16,59.26,14.94,1408.01,64.73,0.927,49,49,Low
13,185,233,4.91,61.63,14.67,1410.25,64.56,0.927,48,48,Low
13,186,233,4.87,60.53,14.37,1421.53,63.99,0.927,47,47,Low
13,187,233,5.01,61.72,14.71,1406.18,63.85,0.927,46,46,Low
13,188,233,5.02,61.85,15.0,1420.28,64.07,0.927,45,45,Low
13,189,233,5.21,61.01,14.9,1409.97,63.91,0.927,44,44,Low
13,190,233,5.08,62.6,15.03,1419.16,64.29,0.927,43,43,Low
13,191,233,5.36,62.14,15.25,1415.63,65.12,0.927,42,42,Low
13,192,233,5.23,62.57,15.07,1421.29,65.4,0.927,41,41,Low
13,193,233,5.11,62.38,15.52,1408.26,65.07,0.927,40,40,Medium
13,194,233,5.08,62.46,15.4,1404.97,65.51,0.927,39,39,Medium
13,195,233,5.51,62.67,15.34,1410.3,65.85,0.927,38,38,Medium
13,196,233,5.3,62.44,15.42,1424.61,65.59,0.927,37,37,Medium
13,197,233,5.49,63.73,15.44,1403.65,65.92,0.927,36,36,Medium
13,198,233,5.42,63.23,15.05,1405.04,65.0,0.927,35,35,Medium
13,199,233,5.53,64.09,15.19,1405.49,65.61,0.927,34,34,Medium
13,200,233,5.58,64.87,15.13,1415.11,67.49,0.927,33,33,Medium
13,201,233,5.62,64.19,15.63,1396.6,66.9,0.927,32,32,Medium
13,202,233,5.78,64.73,15.56,1402.96,67.03,0.927,31,31,Medium
13,203,233,5.71,65.45,15.72,1405.33,66.76,0.927,30,30,Medium
13,204,233,5.87,65.01,15.77,1397.03,67.18,0.927,29,29,Medium
13,205,233,5.87,65.59,15.7,1407.16,66.45,0.927,28,28,Medium
13,206,233,5.76,65.34,15.8,1408.07,67.51,0.927,27,27,Medium
13,207,233,5.98,64.43,15.44,1396.92,67.89,0.927,26,26,Medium
13,208,233,5.89,66.75,16.2,1394.31,68.46,0.927,25,25,Medium
13,209,233,6.06,65.78,15.46,1404.46,68.57,0.927,24,24,Medium
13,210,233,6.23,66.1,15.99,1391.54,66.98,0.927,23,23,Medium
13,211,233,6.21,66.26,16.3,1392.02,66.47,0.927,22,22,Medium
13,212,233,6.02,66.03,16.12,1394.42,68.3,0.927,21,21,Medium
13,213,233,6.33,67.88,15.83,1387.32,68.48,0.927,20,20,Medium
13,214,233,6.27,66.9,16.14,1392.73,68.25,0.927,19,19,Medium
13,215,233,6.29,67.76,16.11,1386.24,69.29,0.927,18,18,Medium
13,216,233,6.48,66.83,15.95,1385.15,69.8,0.927,17,17,Medium
13,217,233,6.62,69.46,16.23,1382.99,69.33,0.927,16,16,Medium
13,218,233,6.31,68.9,16.25,1386.36,68.39,0.927,15,15,High
13,219,233,6.64,67.9,16.09,1374.92,69.22,0.927,14,14,High
13,220,233,6.72,69.27,16.35,1389.21,69.6,0.927,13,13,High
13,221,233,6.91,69.6,16.18,1379.28,69.52,0.927,12,12,High
13,222,233,6.92,69.81,16.5,1383.05,69.97,0.927,11,11,High
13,223,233,6.95,70.29,16.75,1362.75,69.68,0.927,10,10,High
13,224,233,7.05,71.15,16.13,1375.57,69.89,0.927,9,9,High
13,225,233,7.19,69.7,16.62,1369.06,70.54,0.927,8,8,High
13,226,233,6.79,70.35,17.12,1379.2,69.75,0.927,7,7,High
13,227,233,7.1,70.59,16.45,1380.64,70.51,0.927,6,6,High
13,228,233,7.29,69.68,16.43,1372.12,69.81,0.927,5,5,High
13,229,233,7.19,72.01,16.86,1374.82,71.14,0.927,4,4,High
13,230,233,7.29,71.45,16.82,1366.8,70.96,0.927,3,3,High
13,231,233,7.44,74.14,16.83,1380.88,70.89,0.927,2,2,High
13,232,233,7.53,72.79,16.93,1371.82,71.45,0.927,1,1,High
13,233,233,7.41,71.15,17.52,1371.04,71.94,0.927,0,0,High
14,1,184,1.41,45.76,11.82,1481.12,54.33,1.144,183,130,Low
14,2,184,1.56,43.06,11.71,1477.57,55.3,1.144,182,130,Low
14,3,184,1.4,45.94,11.95,1478.36,53.96,1.144,181,130,Low
14,4,184,1.62,44.62,11.93,1482.41,55.67,1.144,180,130,Low
14,5,184,1.5,45.91,12.01,1478.1,55.25,1.144,179,130,Low
14,6,184,1.75,45.58,11.86,1485.01,55.52,1.144,178,130,Low
14,7,184,1.47,45.52,12.14,1471.92,55.61,1.144,177,130,Low
14,8,184,1.34,45.6,11.83,1477.62,55.06,1.144,176,130,Low
14,9,184,1.46,45.51,12.14,1491.55,54.73,1.144,175,130,Low
14,10,184,1.5,45.35,11.91,1475.22,54.88,1.144,174,130,Low
14,11,184,1.52,46.77,11.58,1479.49,54.18,1.144,173,130,Low
14,12,184,1.78,44.91,12.23,1468.54,55.34,1.144,172,130,Low
14,13,184,1.56,45.65,12.38,1484.43,56.17,1.144,171,130,Low
14,14,184,1.54,44.2,12.19,1484.05,54.65,1.144,170,130,Low
14,15,184,1.56,45.28,11.83,1474.18,56.1,1.144,169,130,Low
14,16,184,1.56,45.53,12.35,1473.36,54.81,1.144,168,130,Low
14,17,184,1.57,46.04,12.13,1479.88,55.11,1.144,167,130,Low
14,18,184,1.53,45.69,11.57,1490.18,54.5,1.144,166,130,Low
14,19,184,1.54,45.59,11.75,1473.6,55.03,1.144,165,130,Low
14,20,184,1.5,45.37,12.0,1482.94,55.33,1.144,164,130,Low
14,21,184,1.44,45.0,12.11,1473.48,54.21,1.144,163,130,Low
14,22,184,1.49,44.8,11.71,1473.19,56.15,1.144,162,130,Low
14,23,184,1.61,45.26,12.43,1488.95,55.01,1.144,161,130,Low
14,24,184,1.81,44.43,11.55,1474.01,55.58,1.144,160,130,Low
14,25,184,1.6,47.14,12.52,1480.18,54.68,1.144,159,130,Low
14,26,184,1.42,45.99,11.84,1480.0,55.01,1.144,158,130,Low
14,27,184,1.63,47.13,12.13,1490.45,55.04,1.144,157,130,Low
14,28,184,1.42,46.15,11.33,1482.63,54.81,1.144,156,130,Low
14,29,184,1.52,44.43,12.06,1473.09,54.59,1.144,155,130,Low
14,30,184,1.58,46.2,12.16,1481.12,54.42,1.144,154,130,Low
14,31,184,1.63,45.22,12.16,1477.38,54.58,1.144,153,130,Low
14,32,184,1.61,44.19,12.26,1488.59,55.85,1.144,152,130,Low
14,33,184,1.39,44.82,12.14,1475.59,55.18,1.144,151,130,Low
14,34,184,1.65,44.54,12.17,1481.13,55.74,1.144,150,130,Low
14,35,184,1.47,45.76,12.11,1482.39,54.28,1.144,149,130,Low
14,36,184,1.5,44.82,12.25,1471.42,54.21,1.144,148,130,Low
14,37,184,1.51,46.07,12.59,1485.43,55.76,1.144,147,130,Low
14,38,184,1.47,45.85,12.12,1481.02,55.29,1.144,146,130,Low
14,39,184,1.7,44.79,12.06,1473.42,56.19,1.144,145,130,Low
14,40,184,1.4,44.48,12.19,1474.02,56.52,1.144,144,130,Low
14,41,184,1.71,45.76,11.95,1478.27,55.89,1.144,143,130,Low
14,42,184,1.65,45.82,12.21,1459.6,54.16,1.144,142,130,Low
14,43,184,1.77,46.42,12.23,1476.93,55.82,1.144,141,130,Low
14,44,184,1.62,45.47,12.29,1469.36,55.58,1.144,140,130,Low
14,45,184,1.77,45.36,12.53,1479.09,55.67,1.144,139,130,Low
14,46,184,1.65,46.99,12.04,1485.49,56.73,1.144,138,130,Low
14,47,184,1.72,47.05,12.81,1479.83,55.75,1.144,137,130,Low
14,48,184,1.89,46.17,12.36,1469.14,55.53,1.144,136,130,Low
14,49,184,1.83,46.45,12.23,1470.51,55.34,1.144,135,130,Low
14,50,184,1.85,46.36,12.39,1473.47,55.58,1.144,134,130,Low
14,51,184,1.71,47.13,12.17,1470.04,56.54,1.144,133,130,Low
14,52,184,1.74,47.06,12.59,1482.72,54.84,1.144,132,130,Low
14,53,184,1.78,46.81,12.27,1470.7,56.91,1.144,131,130,Low
14,54,184,1.76,45.35,12.16,1467.35,55.8,1.144,130,130,Low
14,55,184,1.79,46.11,11.88,1485.71,55.85,1.144,129,129,Low
14,56,184,1.75,46.21,12.06,1476.74,55.63,1.144,128,128,Low
14,57,184,1.75,47.23,12.29,1485.5,55.16,1.144,127,127,Low
14,58,184,1.63,47.25,12.24,1479.15,55.92,1.144,126,126,Low
14,59,184,2.04,46.17,12.54,1463.61,54.73,1.144,125,125,Low
14,60,184,1.81,46.32,12.7,1469.96,56.57,1.144,124,124,Low
14,61,184,2.04,45.5,12.59,1468.5,56.57,1.144,123,123,Low
14,62,184,2.03,46.89,12.56,1463.95,55.49,1.144,122,122,Low
14,63,184,2.12,46.79,12.4,1473.03,56.98,1.144,121,121,Low
14,64,184,1.94,46.87,12.73,1467.47,56.76,1.144,120,120,Low
14,65,184,2.08,47.42,12.53,1470.12,56.3,1.144,119,119,Low
14,66,184,2.29,48.41,12.34,1466.69,55.85,1.144,118,118,Low
14,67,184,2.09,47.03,12.51,1464.38,55.9,1.144,117,117,Low
14,68,184,2.02,47.92,12.64,1470.09,56.65,1.144,116,116,Low
14,69,184,2.22,48.2,13.08,1469.86,56.75,1.144,115,115,Low
14,70,184,2.22,48.08,12.62,1465.59,56.02,1.144,114,114,Low
14,71,184,2.34,46.92,12.35,1471.69,57.65,1.144,113,113,Low
14,72,184,2.22,47.85,12.57,1466.72,56.78,1.144,112,112,Low
14,73,184,2.12,48.29,12.46,1467.32,56.99,1.144,111,111,Low
14,74,184,2.18,49.62,12.36,1459.73,57.94,1.144,110,110,Low
14,75,184,2.32,48.73,12.46,1455.11,56.8,1.144,109,109,Low
14,76,184,1.96,49.78,12.72,1456.21,56.66,1.144,108,108,Low
14,77,184,2.44,48.48,13.02,1466.58,57.37,1.144,107,107,Low
14,78,184,2.54,49.61,12.83,1458.81,58.9,1.144,106,106,Low
14,79,184,2.4,48.69,12.8,1464.73,57.76,1.144,105,105,Low
14,80,184,2.59,49.51,12.98,1464.63,57.72,1.144,104,104,Low
14,81,184,2.58,47.88,12.09,1462.52,56.88,1.144,103,103,Low
14,82,184,2.3,50.02,12.7,1460.92,57.83,1.144,102,102,Low
14,83,184,2.41,50.15,12.77,1457.11,57.5,1.144,101,101,Low
14,84,184,2.69,49.71,13.0,1456.58,57.64,1.144,100,100,Low
14,85,184,2.44,50.26,12.9,1457.78,58.88,1.144,99,99,Low
14,86,184,2.57,50.64,13.25,1456.56,58.64,1.144,98,98,Low
14,87,184,2.69,50.82,13.46,1453.83,57.44,1.144,97,97,Low
14,88,184,2.81,49.13,12.8,1457.91,58.44,1.144,96,96,Low
14,89,184,2.71,50.09,12.93,1459.79,57.41,1.144,95,95,Low
14,90,184,2.76,48.25,13.03,1459.29,57.78,1.144,94,94,Low
14,91,184,2.7,51.46,13.42,1448.5,58.68,1.144,93,93,Low
14,92,184,2.86,50.08,13.13,1459.5,59.26,1.144,92,92,Low
14,93,184,2.94,52.52,13.7,1448.82,58.87,1.144,91,91,Low
14,94,184,2.7,50.87,12.94,1456.87,60.3,1.144,90,90,Low
14,95,184,2.75,51.98,13.08,1459.06,59.36,1.144,89,89,Low
14,96,184,2.85,51.06,12.78,1445.99,59.32,1.144,88,88,Low
14,97,184,3.12,52.25,13.06,1453.92,58.22,1.144,87,87,Low
14,98,184,2.91,52.59,13.43,1451.11,59.28,1.144,86,86,Low
14,99,184,2.98,53.42,13.62,1444.88,59.99,1.144,85,85,Low
14,100,184,2.8,53.12,13.68,1448.9,59.66,1.144,84,84,Low
14,101,184,3.03,52.29,13.83,1455.81,60.11,1.144,83,83,Low
14,102,184,3.15,52.27,13.57,1442.77,59.37,1.144,82,82,Low
14,103,184,3.27,54.75,13.15,1449.64,59.32,1.144,81,81,Low
14,104,184,3.38,53.87,13.28,1457.72,59.22,1.144,80,80,Low
14,105,184,3.18,53.05,13.83,1446.88,60.62,1.144,79,79,Low
14,106,184,3.48,52.61,13.25,1448.97,60.1,1.144,78,78,Low
14,107,184,3.48,54.57,13.82,1448.97,60.48,1.144,77,77,Low
14,108,184,3.46,55.55,13.79,1450.05,61.45,1.144,76,76,Low
14,109,184,3.56,54.62,13.6,1434.58,60.48,1.144,75,75,Low
14,110,184,3.58,53.63,14.07,1446.99,61.21,1.144,74,74,Low
14,111,184,3.56,55.91,14.37,1434.38,61.93,1.144,73,73,Low
14,112,184,3.7,55.57,13.45,1445.31,60.91,1.144,72,72,Low
14,113,184,3.68,54.91,13.8,1437.74,61.11,1.144,71,71,Low
14,114,184,3.87,54.98,14.47,1434.6,61.25,1.144,70,70,Low
14,115,184,3.83,55.38,13.82,1420.09,62.17,1.144,69,69,Low
14,116,184,3.72,55.0,13.53,1436.15,60.88,1.144,68,68,Low
14,117,184,3.86,57.01,14.36,1441.11,61.76,1.144,67,67,Low
14,118,184,4.02,56.16,14.16,1434.01,60.99,1.144,66,66,Low
14,119,184,4.2,55.97,13.83,1432.93,62.78,1.144,65,65,Low
14,120,184,4.07,56.16,14.08,1443.19,61.26,1.144,64,64,Low
14,121,184,3.98,55.65,14.27,1429.23,62.44,1.144,63,63,Low
14,122,184,4.22,56.99,14.45,1430.51,62.3,1.144,62,62,Low
14,123,184,4.32,57.82,13.84,1414.32,63.25,1.144,61,61,Low
14,124,184,4.2,57.25,14.46,1435.93,62.49,1.144,60,60,Low
14,125,184,4.42,57.0,13.98,1414.07,63.1,1.144,59,59,Low
14,126,184,4.32,58.24,14.73,1417.13,64.46,1.144,58,58,Low
14,127,184,4.45,56.87,14.77,1437.61,63.08,1.144,57,57,Low
14,128,184,4.41,59.74,14.77,1410.89,63.23,1.144,56,56,Low
14,129,184,4.58,57.88,14.5,1417.39,63.4,1.144,55,55,Low
14,130,184,4.74,60.55,14.59,1421.88,63.12,1.144,54,54,Low
14,131,184,4.64,60.97,14.67,1413.03,63.41,1.144,53,53,Low
14,132,184,4.72,60.33,14.48,1426.03,64.23,1.144,52,52,Low
14,133,184,4.75,60.54,15.17,1412.89,63.99,1.144,51,51,Low
14,134,184,4.93,60.6,14.58,1415.2,65.05,1.144,50,50,Low
14,135,184,4.95,60.43,14.76,1412.13,63.9,1.144,49,49,Low
14,136,184,5.16,60.89,15.21,1414.58,65.0,1.144,48,48,Low
14,137,184,5.08,62.11,15.43,1415.06,64.02,1.144,47,47,Low
14,138,184,5.19,63.18,15.22,1412.3,65.14,1.144,46,46,Low
14,139,184,4.98,61.35,15.26,1420.84,66.28,1.144,45,45,Low
14,140,184,5.24,61.9,14.95,1405.01,65.02,1.144,44,44,Low
14,141,184,5.17,63.59,14.76,1418.16,66.18,1.144,43,43,Low
14,142,184,5.32,63.18,15.2,1416.99,66.29,1.144,42,42,Low
14,143,184,5.56,62.49,15.59,1403.54,66.47,1.144,41,41,Low
14,144,184,5.73,63.38,15.16,1404.22,67.18,1.144,40,40,Medium
14,145,184,5.46,63.91,15.42,1412.63,65.82,1.144,39,39,Medium
14,146,184,5.61,63.67,15.58,1397.14,66.17,1.144,38,38,Medium
14,147,184,5.59,64.89,15.57,1403.35,65.68,1.144,37,37,Medium
14,148,184,5.93,64.97,16.03,1410.27,66.55,1.144,36,36,Medium
14,149,184,5.9,64.79,15.71,1401.51,67.06,1.144,35,35,Medium
14,150,184,5.92,66.83,15.37,1397.65,66.84,1.144,34,34,Medium
14,151,184,5.95,65.69,15.89,1389.11,68.2,1.144,33,33,Medium
14,152,184,6.07,66.01,15.63,1395.82,66.94,1.144,32,32,Medium
14,153,184,6.11,67.23,16.21,1385.92,66.96,1.144,31,31,Medium
14,154,184,6.54,67.19,16.01,1388.17,68.02,1.144,30,30,Medium
14,155,184,6.27,66.98,15.71,1390.37,68.21,1.144,29,29,Medium
14,156,184,6.35,67.09,15.94,1392.48,68.44,1.144,28,28,Medium
14,157,184,6.36,68.26,16.21,1385.39,69.54,1.144,27,27,Medium
14,158,184,6.71,68.82,16.57,1396.86,68.9,1.144,26,26,Medium
14,159,184,6.68,68.06,16.32,1378.4,69.43,1.144,25,25,Medium
14,160,184,6.63,69.26,16.29,1376.71,69.74,1.144,24,24,Medium
14,161,184,6.6,70.77,16.54,1375.27,69.48,1.144,23,23,Medium
14,162,184,6.83,69.69,16.81,1382.04,69.38,1.144,22,22,Medium
14,163,184,6.82,70.37,16.83,1368.54,70.51,1.144,21,21,Medium
14,164,184,7.1,71.01,17.22,1379.05,71.21,1.144,20,20,Medium
14,165,184,7.17,72.33,16.68,1375.54,70.8,1.144,19,19,Medium
14,166,184,7.3,71.54,16.45,1377.14,71.21,1.144,18,18,Medium
14,167,184,7.53,71.5,17.09,1381.96,71.33,1.144,17,17,Medium
14,168,184,7.31,71.37,16.86,1372.49,70.7,1.144,16,16,Medium
14,169,184,7.59,71.82,17.21,1373.62,71.18,1.144,15,15,High
14,170,184,7.78,72.85,16.57,1366.81,72.14,1.144,14,14,High
14,171,184,7.63,74.07,17.59,1367.48,72.44,1.144,13,13,High
14,172,184,7.91,74.03,17.52,1363.05,71.74,1.144,12,12,High
14,173,184,7.91,73.89,17.36,1362.01,72.81,1.144,11,11,High
14,174,184,7.71,74.82,17.2,1354.58,73.6,1.144,10,10,High
14,175,184,7.92,76.33,17.37,1364.27,73.54,1.144,9,9,High
14,176,184,8.09,76.47,16.91,1358.27,73.32,1.144,8,8,High
14,177,184,8.34,75.74,17.79,1353.7,74.07,1.144,7,7,High
14,178,184,8.44,75.52,18.25,1353.18,75.25,1.144,6,6,High
14,179,184,8.37,77.08,18.23,1349.97,74.84,1.144,5,5,High
14,180,184,8.51,77.6,17.93,1351.4,75.69,1.144,4,4,High
14,181,184,8.56,78.18,17.96,1348.62,74.78,1.144,3,3,High
14,182,184,8.75,78.84,18.68,1337.82,74.93,1.144,2,2,High
14,183,184,8.9,79.92,17.89,1357.77,75.74,1.144,1,1,High
14,184,184,9.19,80.06,18.32,1339.2,75.79,1.144,0,0,High
15,1,220,1.54,44.76,12.11,1473.18,54.47,0.931,219,130,Low
15,2,220,1.44,45.25,11.82,1468.56,54.2,0.931,218,130,Low
15,3,220,1.61,45.55,11.95,1483.35,54.49,0.931,217,130,Low
15,4,220,1.45,44.72,12.29,1480.37,54.38,0.931,216,130,Low
15,5,220,1.47,44.52,12.24,1483.29,55.24,0.931,215,130,Low
15,6,220,1.42,45.68,12.15,1470.36,54.93,0.931,214,130,Low
15,7,220,1.54,45.13,12.05,1482.04,55.54,0.931,213,130,Low
15,8,220,1.6,45.11,11.76,1466.65,54.37,0.931,212,130,Low
15,9,220,1.46,45.3,12.49,1484.34,54.22,0.931,211,130,Low
15,10,220,1.57,44.47,11.76,1477.42,55.54,0.931,210,130,Low
15,11,220,1.47,45.56,11.98,1476.83,55.03,0.931,209,130,Low
15,12,220,1.71,44.98,12.28,1488.13,55.89,0.931,208,130,Low
15,13,220,1.53,45.76,12.1,1472.23,54.67,0.931,207,130,Low
15,14,220,1.46,46.48,11.74,1473.94,55.37,0.931,206,130,Low
15,15,220,1.57,45.02,11.72,1461.23,55.95,0.931,205,130,Low
15,16,220,1.46,45.32,11.85,1473.58,54.69,0.931,204,130,Low
15,17,220,1.66,45.65,12.61,1474.66,54.78,0.931,203,130,Low
15,18,220,1.51,45.8,12.34,1473.9,54.99,0.931,202,130,Low
15,19,220,1.42,44.34,12.21,1479.45,55.3,0.931,201,130,Low
15,20,220,1.65,45.67,12.51,1486.13,55.13,0.931,200,130,Low
15,21,220,1.46,45.24,12.23,1481.32,54.45,0.931,199,130,Low
15,22,220,1.48,44.37,12.52,1485.4,54.35,0.931,198,130,Low
15,23,220,1.5,45.7,12.11,1478.11,53.53,0.931,197,130,Low
15,24,220,1.69,44.42,12.3,1485.59,54.82,0.931,196,130,Low
15,25,220,1.5,45.24,11.95,1478.94,54.93,0.931,195,130,Low
15,26,220,1.74,45.88,11.74,1472.58,55.32,0.931,194,130,Low
15,27,220,1.62,45.02,11.46,1488.67,54.26,0.931,193,130,Low
15,28,220,1.54,44.68,11.86,1472.39,54.52,0.931,192,130,Low
15,29,220,1.63,46.68,12.06,1481.44,55.46,0.931,191,130,Low
15,30,220,1.64,44.8,12.26,1478.02,54.86,0.931,190,130,Low
15,31,220,1.18,45.15,11.66,1481.59,55.32,0.931,189,130,Low
15,32,220,1.4,45.21,11.95,1476.11,55.46,0.931,188,130,Low
15,33,220,1.6,44.77,11.62,1482.77,54.33,0.931,187,130,Low
15,34,220,1.48,45.21,12.21,1481.41,54.9,0.931,186,130,Low
15,35,220,1.62,45.44,12.49,1479.96,55.04,0.931,185,130,Low
15,36,220,1.4,45.11,11.78,1467.43,54.66,0.931,184,130,Low
15,37,220,1.68,46.1,12.04,1472.33,54.86,0.931,183,130,Low
15,38,220,1.39,45.74,12.23,1475.34,55.01,0.931,182,130,Low
15,39,220,1.55,44.67,12.14,1471.32,54.82,0.931,181,130,Low
15,40,220,1.71,44.85,12.17,1484.23,55.61,0.931,180,130,Low
15,41,220,1.7,45.61,12.32,1478.03,54.51,0.931,179,130,Low
15,42,220,1.58,45.18,11.68,1480.48,55.72,0.931,178,130,Low
15,43,220,1.44,44.63,11.98,1474.53,55.99,0.931,177,130,Low
15,44,220,1.54,45.72,11.79,1475.63,55.58,0.931,176,130,Low
15,45,220,1.51,43.5,12.19,1480.34,55.76,0.931,175,130,Low
15,46,220,1.75,44.81,11.83,1465.3,55.58,0.931,174,130,Low
15,47,220,1.61,45.26,12.52,1476.78,55.29,0.931,173,130,Low
15,48,220,1.57,46.01,11.96,1482.05,56.27,0.931,172,130,Low
15,49,220,1.58,46.56,11.62,1476.89,55.35,0.931,171,130,Low
15,50,220,1.64,46.35,12.73,1486.89,55.91,0.931,170,130,Low
15,51,220,1.65,45.15,12.15,1474.79,54.94,0.931,169,130,Low
15,52,220,1.69,46.77,11.85,1485.13,55.69,0.931,168,130,Low
15,53,220,1.97,45.3,12.41,1469.39,54.98,0.931,167,130,Low
15,54,220,1.69,45.96,12.33,1469.39,55.32,0.931,166,130,Low
15,55,220,1.65,45.79,12.35,1485.89,54.61,0.931,165,130,Low
15,56,220,1.74,45.74,12.21,1480.19,55.85,0.931,164,130,Low
15,57,220,1.49,46.73,12.22,1471.53,55.99,0.931,163,130,Low
15,58,220,1.72,44.17,12.25,1485.18,55.6,0.931,162,130,Low
15,59,220,1.62,46.79,12.03,1481.31,56.35,0.931,161,130,Low
15,60,220,1.74,44.95,12.42,1478.17,55.36,0.931,160,130,Low
15,61,220,1.86,46.2,11.67,1478.4,55.33,0.931,159,130,Low
15,62,220,1.67,47.37,12.09,1474.42,55.17,0.931,158,130,Low
15,63,220,1.69,46.3,12.28,1482.18,56.35,0.931,157,130,Low
15,64,220,1.66,46.07,12.21,1472.91,55.52,0.931,156,130,Low
15,65,220,1.93,46.61,12.39,1477.23,55.6,0.931,155,130,Low
15,66,220,1.63,46.03,12.2,1477.21,55.41,0.931,154,130,Low
15,67,220,1.76,46.0,12.09,1482.63,56.56,0.931,153,130,Low
15,68,220,1.99,47.56,11.99,1482.34,55.69,0.931,152,130,Low
15,69,220,1.9,46.17,12.2,1464.66,54.44,0.931,151,130,Low
15,70,220,1.78,46.36,12.34,1473.23,56.32,0.931,150,130,Low
15,71,220,1.9,46.63,12.19,1471.92,56.88,0.931,149,130,Low
15,72,220,1.79,46.36,12.46,1472.22,56.16,0.931,148,130,Low
15,73,220,2.0,46.55,11.99,1477.06,54.65,0.931,147,130,Low
15,74,220,2.0,46.45,12.19,1472.26,55.31,0.931,146,130,Low
15,75,220,1.72,45.27,12.25,1467.94,54.76,0.931,145,130,Low
15,76,220,1.98,46.45,12.58,1473.74,56.35,0.931,144,130,Low
15,77,220,2.02,46.64,12.51,1474.41,56.05,0.931,143,130,Low
15,78,220,2.16,48.2,12.58,1471.84,56.11,0.931,142,130,Low
15,79,220,2.0,47.29,12.69,1473.39,56.39,0.931,141,130,Low
15,80,220,2.0,47.19,12.76,1471.51,56.28,0.931,140,130,Low
15,81,220,2.15,46.87,12.08,1476.41,57.03,0.931,139,130,Low
15,82,220,2.12,46.85,12.41,1461.23,56.38,0.931,138,130,Low
15,83,220,2.06,47.11,12.62,1474.21,56.45,0.931,137,130,Low
15,84,220,2.17,47.46,12.54,1478.41,57.67,0.931,136,130,Low
15,85,220,1.88,47.33,12.19,1470.35,56.62,0.931,135,130,Low
15,86,220,2.11,46.56,12.55,1464.21,55.92,0.931,134,130,Low
15,87,220,2.08,47.5,12.64,1464.77,57.28,0.931,133,130,Low
15,88,220,2.04,47.01,12.2,1467.23,57.79,0.931,132,130,Low
15,89,220,2.13,47.08,12.24,1467.62,55.93,0.931,131,130,Low
15,90,220,2.47,47.81,12.35,1470.63,56.16,0.931,130,130,Low
15,91,220,2.07,47.55,12.4,1467.87,56.71,0.931,129,129,Low
15,92,220,2.13,49.12,12.01,1472.98,56.22,0.931,128,128,Low
15,93,220,2.34,48.42,12.2,1459.65,56.76,0.931,127,127,Low
15,94,220,2.05,47.74,12.98,1463.28,57.13,0.931,126,126,Low
15,95,220,2.2,48.45,12.65,1472.52,58.03,0.931,125,125,Low
15,96,220,2.36,46.81,12.45,1474.44,57.44,0.931,124,124,Low
15,97,220,2.33,49.27,12.5,1460.2,56.71,0.931,123,123,Low
15,98,220,2.31,49.0,12.94,1468.69,57.06,0.931,122,122,Low
15,99,220,2.43,48.2,12.8,1463.97,57.27,0.931,121,121,Low
15,100,220,2.29,49.07,12.45,1461.65,57.5,0.931,120,120,Low
15,101,220,2.45,48.22,13.0,1469.85,57.82,0.931,119,119,Low
15,102,220,2.47,49.87,12.71,1454.1,56.91,0.931,118,118,Low
15,103,220,2.53,48.95,13.12,1469.06,57.28,0.931,117,117,Low
15,104,220,2.59,47.4,13.03,1466.18,57.47,0.931,116,116,Low
15,105,220,2.37,48.73,12.58,1463.72,57.5,0.931,115,115,Low
15,106,220,2.38,48.94,13.02,1462.32,57.42,0.931,114,114,Low
15,107,220,2.64,50.04,12.71,1466.74,57.4,0.931,113,113,Low
15,108,220,2.51,50.33,13.05,1457.91,58.71,0.931,112,112,Low
15,109,220,2.64,50.4,12.94,1459.2,57.79,0.931,111,111,Low
15,110,220,2.77,50.35,12.79,1459.64,57.28,0.931,110,110,Low
15,111,220,2.55,48.33,12.5,1454.87,59.31,0.931,109,109,Low
15,112,220,2.61,50.54,12.83,1471.42,58.51,0.931,108,108,Low
15,113,220,2.58,49.97,12.97,1452.93,58.03,0.931,107,107,Low
15,114,220,2.73,49.2,13.3,1465.87,58.34,0.931,106,106,Low
15,115,220,2.78,50.74,12.88,1463.22,58.48,0.931,105,105,Low
15,116,220,2.69,49.59,12.91,1464.06,58.8,0.931,104,104,Low
15,117,220,2.7,51.85,13.0,1456.8,58.4,0.931,103,103,Low
15,118,220,2.61,51.19,13.31,1455.54,59.99,0.931,102,102,Low
15,119,220,2.65,51.21,13.04,1459.67,58.7,0.931,101,101,Low
15,120,220,2.89,50.55,13.23,1459.99,58.61,0.931,100,100,Low
15,121,220,2.66,49.96,12.88,1454.85,57.9,0.931,99,99,Low
15,122,220,2.87,51.39,12.89,1458.3,58.15,0.931,98,98,Low
15,123,220,2.95,52.97,12.82,1452.91,59.66,0.931,97,97,Low
15,124,220,2.94,50.93,13.17,1444.31,58.76,0.931,96,96,Low
15,125,220,2.98,51.27,13.18,1441.58,59.8,0.931,95,95,Low
15,126,220,2.93,51.99,13.21,1451.01,59.34,0.931,94,94,Low
15,127,220,3.08,51.81,13.08,1458.62,58.25,0.931,93,93,Low
15,128,220,3.15,51.29,13.21,1453.82,59.36,0.931,92,92,Low
15,129,220,3.05,52.82,13.39,1446.99,59.16,0.931,91,91,Low
15,130,220,2.98,52.47,13.88,1452.29,59.84,0.931,90,90,Low
15,131,220,3.11,51.31,13.29,1451.07,59.05,0.931,89,89,Low
15,132,220,3.05,52.73,13.58,1444.09,60.72,0.931,88,88,Low
15,133,220,3.15,52.77,13.14,1453.25,58.65,0.931,87,87,Low
15,134,220,3.22,53.26,13.62,1450.99,59.21,0.931,86,86,Low
15,135,220,3.35,52.91,12.98,1459.09,60.16,0.931,85,85,Low
15,136,220,3.39,54.17,13.51,1442.66,60.32,0.931,84,84,Low
15,137,220,3.47,54.58,13.26,1451.64,59.14,0.931,83,83,Low
15,138,220,3.45,53.22,13.77,1450.2,60.53,0.931,82,82,Low
15,139,220,3.53,54.49,13.67,1453.11,60.3,0.931,81,81,Low
15,140,220,3.39,54.21,13.47,1444.07,60.42,0.931,80,80,Low
15,141,220,3.7,55.7,13.35,1438.25,61.03,0.931,79,79,Low
15,142,220,3.57,55.82,13.97,1442.13,62.27,0.931,78,78,Low
15,143,220,3.39,54.96,14.07,1446.67,60.32,0.931,77,77,Low
15,144,220,3.46,55.4,13.72,1440.97,61.06,0.931,76,76,Low
15,145,220,3.62,56.13,14.16,1431.92,61.27,0.931,75,75,Low
15,146,220,3.66,53.89,13.9,1440.8,60.55,0.931,74,74,Low
15,147,220,3.75,56.34,13.68,1432.63,60.73,0.931,73,73,Low
15,148,220,3.8,56.63,13.73,1433.33,60.72,0.931,72,72,Low
15,149,220,3.71,56.99,14.16,1423.09,60.99,0.931,71,71,Low
15,150,220,3.83,55.05,13.85,1434.41,61.6,0.931,70,70,Low
15,151,220,4.04,53.48,14.06,1445.92,61.75,0.931,69,69,Low
15,152,220,3.89,56.53,14.29,1441.95,61.98,0.931,68,68,Low
15,153,220,3.78,56.63,14.31,1429.5,60.41,0.931,67,67,Low
15,154,220,4.02,57.33,13.78,1439.33,61.3,0.931,66,66,Low
15,155,220,3.99,57.25,13.82,1436.51,61.65,0.931,65,65,Low
15,156,220,4.23,56.47,14.2,1434.8,61.76,0.931,64,64,Low
15,157,220,4.09,56.73,14.49,1428.2,61.93,0.931,63,63,Low
15,158,220,4.06,56.93,14.37,1429.77,62.12,0.931,62,62,Low
15,159,220,4.11,57.19,14.46,1428.12,63.05,0.931,61,61,Low
15,160,220,4.49,57.51,14.69,1421.01,62.35,0.931,60,60,Low
15,161,220,4.36,58.19,14.13,1433.29,64.29,0.931,59,59,Low
15,162,220,4.41,57.12,14.18,1423.82,62.94,0.931,58,58,Low
15,163,220,4.56,58.94,14.95,1428.97,63.24,0.931,57,57,Low
15,164,220,4.6,58.49,14.86,1434.36,62.5,0.931,56,56,Low
15,165,220,4.42,58.47,14.43,1427.27,62.76,0.931,55,55,Low
15,166,220,4.66,59.36,14.75,1430.17,62.63,0.931,54,54,Low
15,167,220,4.64,58.5,15.03,1415.21,64.14,0.931,53,53,Low
15,168,220,4.48,59.27,14.81,1416.66,63.26,0.931,52,52,Low
15,169,220,4.71,58.35,14.14,1424.47,64.21,0.931,51,51,Low
15,170,220,4.86,60.04,14.77,1428.05,63.86,0.931,50,50,Low
15,171,220,4.8,57.76,14.73,1415.46,63.34,0.931,49,49,Low
15,172,220,4.78,59.92,15.2,1429.72,64.59,0.931,48,48,Low
15,173,220,5.06,60.4,14.35,1411.44,64.5,0.931,47,47,Low
15,174,220,4.88,60.59,14.83,1406.21,64.58,0.931,46,46,Low
15,175,220,4.97,61.29,14.81,1414.28,64.8,0.931,45,45,Low
15,176,220,4.72,60.74,14.85,1424.26,65.45,0.931,44,44,Low
15,177,220,5.21,61.14,14.83,1416.52,65.19,0.931,43,43,Low
15,178,220,5.04,59.23,15.11,1411.96,63.86,0.931,42,42,Low
15,179,220,5.01,61.49,14.93,1411.76,65.03,0.931,41,41,Low
15,180,220,5.04,62.37,15.0,1403.46,64.51,0.931,40,40,Medium
15,181,220,5.11,62.79,15.18,1409.01,65.3,0.931,39,39,Medium
15,182,220,5.21,62.07,15.32,1411.62,65.41,0.931,38,38,Medium
15,183,220,5.31,62.31,15.39,1408.57,65.89,0.931,37,37,Medium
15,184,220,5.16,63.89,15.17,1402.01,66.17,0.931,36,36,Medium
15,185,220,5.58,63.99,15.49,1407.38,65.82,0.931,35,35,Medium
15,186,220,5.65,63.09,15.53,1413.01,66.54,0.931,34,34,Medium
15,187,220,5.29,63.62,14.85,1411.13,66.57,0.931,33,33,Medium
15,188,220,5.54,62.81,15.29,1398.46,66.55,0.931,32,32,Medium
15,189,220,5.63,65.45,15.28,1395.11,67.66,0.931,31,31,Medium
15,190,220,5.6,63.15,15.69,1411.76,66.65,0.931,30,30,Medium
15,191,220,5.8,65.2,15.42,1402.04,67.28,0.931,29,29,Medium
15,192,220,5.75,66.39,15.3,1394.6,66.65,0.931,28,28,Medium
15,193,220,5.77,64.83,15.85,1410.37,66.15,0.931,27,27,Medium
15,194,220,5.82,64.26,15.75,1394.67,66.74,0.931,26,26,Medium
15,195,220,5.92,65.9,15.58,1397.33,66.62,0.931,25,25,Medium
15,196,220,6.23,65.87,16.19,1407.79,67.64,0.931,24,24,Medium
15,197,220,5.91,66.53,15.62,1399.83,67.26,0.931,23,23,Medium
15,198,220,6.22,66.75,15.57,1403.11,69.6,0.931,22,22,Medium
15,199,220,6.09,66.69,15.75,1393.54,68.07,0.931,21,21,Medium
15,200,220,6.32,67.68,16.19,1386.53,67.0,0.931,20,20,Medium
15,201,220,6.31,67.18,16.27,1400.12,68.55,0.931,19,19,Medium
15,202,220,6.34,67.63,16.03,1390.72,68.16,0.931,18,18,Medium
15,203,220,6.5,67.22,15.88,1389.84,68.96,0.931,17,17,Medium
15,204,220,6.56,67.17,15.81,1378.86,69.63,0.931,16,16,Medium
15,205,220,6.67,68.82,16.63,1392.71,69.81,0.931,15,15,High
15,206,220,6.64,70.17,16.72,1379.93,69.72,0.931,14,14,High
15,207,220,6.89,70.91,16.3,1386.73,69.64,0.931,13,13,High
15,208,220,6.66,69.17,16.5,1375.0,69.75,0.931,12,12,High
15,209,220,6.76,68.9,16.3,1386.77,70.35,0.931,11,11,High
15,210,220,6.85,69.68,16.01,1380.43,70.91,0.931,10,10,High
15,211,220,7.01,71.04,16.65,1375.41,70.08,0.931,9,9,High
15,212,220,7.16,71.12,16.45,1373.6,70.69,0.931,8,8,High
15,213,220,7.13,72.07,16.51,1365.73,70.48,0.931,7,7,High
15,214,220,6.97,70.71,16.69,1376.33,71.98,0.931,6,6,High
15,215,220,7.3,71.14,16.66,1382.25,70.78,0.931,5,5,High
15,216,220,7.13,72.02,16.65,1377.07,72.09,0.931,4,4,High
15,217,220,7.22,72.26,16.86,1370.39,71.87,0.931,3,3,High
15,218,220,7.16,71.73,17.35,1367.43,70.7,0.931,2,2,High
15,219,220,7.44,72.78,17.17,1374.98,72.44,0.931,1,1,High
15,220,220,7.65,73.37,17.28,1362.38,72.16,0.931,0,0,High
16,1,266,1.67,44.58,11.91,1475.36,54.85,0.988,265,130,Low
16,2,266,1.21,45.06,11.65,1478.87,54.36,0.988,264,130,Low
16,3,266,1.54,47.1,12.26,1486.99,54.78,0.988,263,130,Low
16,4,266,1.29,44.44,12.13,1482.99,56.12,0.988,262,130,Low
16,5,266,1.57,46.06,12.24,1479.76,55.46,0.988,261,130,Low
16,6,266,1.32,45.24,11.74,1481.52,54.98,0.988,260,130,Low
16,7,266,1.43,45.56,12.21,1490.54,54.57,0.988,259,130,Low
16,8,266,1.43,45.22,12.32,1478.83,55.86,0.988,258,130,Low
16,9,266,1.3,44.51,11.66,1480.62,55.78,0.988,257,130,Low
16,10,266,1.53,45.25,12.5,1480.85,54.98,0.988,256,130,Low
16,11,266,1.48,46.09,12.22,1485.53,55.0,0.988,255,130,Low
16,12,266,1.55,45.88,11.69,1472.58,55.39,0.988,254,130,Low
16,13,266,1.44,45.22,11.92,1482.49,56.1,0.988,253,130,Low
16,14,266,1.54,45.65,11.97,1484.73,55.22,0.988,252,130,Low
16,15,266,1.59,46.04,12.11,1476.66,55.81,0.988,251,130,Low
16,16,266,1.53,45.82,11.96,1484.71,54.21,0.988,250,130,Low
16,17,266,1.53,45.08,12.13,1465.49,54.87,0.988,249,130,Low
16,18,266,1.62,45.65,11.94,1482.69,54.57,0.988,248,130,Low
16,19,266,1.56,44.77,12.28,1486.79,55.8,0.988,247,130,Low
16,20,266,1.44,45.67,12.0,1481.19,55.09,0.988,246,130,Low
16,21,266,1.69,45.71,11.82,1478.49,55.85,0.988,245,130,Low
16,22,266,1.49,42.81,12.22,1481.38,54.82,0.988,244,130,Low
16,23,266,1.6,44.7,11.87,1466.49,54.43,0.988,243,130,Low
16,24,266,1.69,45.82,12.04,1474.95,53.96,0.988,242,130,Low
16,25,266,1.45,44.11,12.54,1479.8,54.58,0.988,241,130,Low
16,26,266,1.37,45.46,12.32,1472.98,54.79,0.988,240,130,Low
16,27,266,1.62,45.96,12.19,1478.31,54.7,0.988,239,130,Low
16,28,266,1.68,45.07,11.98,1477.9,54.47,0.988,238,130,Low
16,29,266,1.29,45.15,12.28,1481.76,56.09,0.988,237,130,Low
16,30,266,1.37,45.14,11.85,1486.68,55.37,0.988,236,130,Low
16,31,266,1.68,45.64,12.41,1471.76,54.62,0.988,235,130,Low
16,32,266,1.7,46.24,11.78,1480.09,55.59,0.988,234,130,Low
16,33,266,1.52,46.98,12.34,1476.8,54.39,0.988,233,130,Low
16,34,266,1.69,47.13,12.04,1479.14,54.03,0.988,232,130,Low
16,35,266,1.6,44.95,11.62,1476.13,54.45,0.988,231,130,Low
16,36,266,1.64,46.89,12.12,1462.99,55.12,0.988,230,130,Low
16,37,266,1.61,45.72,12.1,1474.32,56.24,0.988,229,130,Low
16,38,266,1.67,45.07,12.19,1487.57,55.0,0.988,228,130,Low
16,39,266,1.61,46.1,12.09,1475.86,54.55,0.988,227,130,Low
16,40,266,1.52,44.23,12.42,1478.64,55.16,0.988,226,130,Low
16,41,266,1.63,45.3,11.84,1475.65,54.89,0.988,225,130,Low
16,42,266,1.82,45.46,11.99,1474.34,55.02,0.988,224,130,Low
16,43,266,1.55,45.32,11.7,1473.14,55.13,0.988,223,130,Low
16,44,266,1.75,45.31,12.31,1474.03,54.96,0.988,222,130,Low
16,45,266,1.68,44.99,12.07,1473.41,55.9,0.988,221,130,Low
16,46,266,1.37,46.57,12.18,1486.25,54.72,0.988,220,130,Low
16,47,266,1.51,45.71,12.12,1482.87,56.12,0.988,219,130,Low
16,48,266,1.54,45.2,12.54,1480.38,55.61,0.988,218,130,Low
16,49,266,1.85,45.82,12.15,1476.71,54.58,0.988,217,130,Low
16,50,266,1.54,45.3,12.42,1488.97,56.4,0.988,216,130,Low
16,51,266,1.49,45.4,12.27,1472.28,55.3,0.988,215,130,Low
16,52,266,1.68,45.72,12.21,1487.52,55.45,0.988,214,130,Low
16,53,266,1.74,44.64,12.4,1489.55,55.31,0.988,213,130,Low
16,54,266,1.62,45.69,12.16,1479.39,55.36,0.988,212,130,Low
16,55,266,1.77,45.82,12.15,1478.04,55.52,0.988,211,130,Low
16,56,266,1.71,46.7,11.96,1483.47,55.18,0.988,210,130,Low
16,57,266,1.39,46.26,12.37,1485.79,55.37,0.988,209,130,Low
16,58,266,1.49,45.86,11.87,1472.14,56.18,0.988,208,130,Low
16,59,266,1.53,45.91,12.22,1472.93,55.42,0.988,207,130,Low
16,60,266,1.59,45.17,12.04,1470.83,55.79,0.988,206,130,Low
16,61,266,1.59,44.46,12.04,1470.78,56.02,0.988,205,130,Low
16,62,266,1.65,44.91,11.67,1473.58,55.16,0.988,204,130,Low
16,63,266,1.56,47.59,12.18,1479.58,55.17,0.988,203,130,Low
16,64,266,1.85,46.28,11.65,1466.21,55.23,0.988,202,130,Low
16,65,266,1.65,45.7,11.98,1477.47,55.89,0.988,201,130,Low
16,66,266,1.32,47.32,12.42,1483.75,55.26,0.988,200,130,Low
16,67,266,1.77,45.34,12.35,1478.91,55.57,0.988,199,130,Low
16,68,266,1.73,45.21,12.53,1471.0,56.44,0.988,198,130,Low
16,69,266,1.8,44.41,11.97,1478.99,55.55,0.988,197,130,Low
16,70,266,1.69,45.32,12.16,1466.22,56.65,0.988,196,130,Low
16,71,266,1.69,46.43,12.41,1476.61,56.76,0.988,195,130,Low
16,72,266,1.84,45.98,12.81,1472.41,55.38,0.988,194,130,Low
16,73,266,1.8,46.72,11.81,1480.3,56.3,0.988,193,130,Low
16,74,266,1.67,47.2,12.17,1475.83,55.37,0.988,192,130,Low
16,75,266,1.84,47.24,12.55,1485.88,55.24,0.988,191,130,Low
16,76,266,1.7,46.06,12.64,1470.67,56.05,0.988,190,130,Low
16,77,266,1.73,46.78,12.31,1470.37,55.23,0.988,189,130,Low
16,78,266,1.91,45.91,12.58,1478.14,56.28,0.988,188,130,Low
16,79,266,2.1,46.29,12.29,1471.11,55.93,0.988,187,130,Low
16,80,266,1.71,46.36,12.16,1482.29,55.89,0.988,186,130,Low
16,81,266,1.74,46.46,12.43,1475.92,56.64,0.988,185,130,Low
16,82,266,1.71,46.46,12.12,1467.1,56.59,0.988,184,130,Low
16,83,266,1.82,45.97,12.11,1477.66,55.26,0.988,183,130,Low
16,84,266,1.72,46.8,12.23,1464.86,56.54,0.988,182,130,Low
16,85,266,2.07,46.51,12.2,1475.05,55.72,0.988,181,130,Low
16,86,266,1.84,46.1,11.94,1478.36,55.35,0.988,180,130,Low
16,87,266,2.0,46.88,12.51,1464.2,56.24,0.988,179,130,Low
16,88,266,2.0,45.77,12.36,1476.52,55.9,0.988,178,130,Low
16,89,266,1.88,47.95,12.4,1468.71,56.79,0.988,177,130,Low
16,90,266,1.96,47.89,11.88,1461.72,56.18,0.988,176,130,Low
16,91,266,2.16,49.09,12.37,1473.79,56.86,0.988,175,130,Low
16,92,266,1.99,47.05,12.44,1473.67,56.68,0.988,174,130,Low
16,93,266,2.03,46.68,12.02,1473.87,55.08,0.988,173,130,Low
16,94,266,2.04,46.21,12.25,1475.62,55.37,0.988,172,130,Low
16,95,266,2.27,47.85,11.73,1473.91,56.46,0.988,171,130,Low
16,96,266,1.91,46.71,12.33,1468.17,56.63,0.988,170,130,Low
16,97,266,2.13,48.16,12.59,1467.13,57.1,0.988,169,130,Low
16,98,266,1.87,47.0,12.36,1470.99,57.53,0.988,168,130,Low
16,99,266,1.96,48.13,12.41,1472.36,55.73,0.988,167,130,Low
16,100,266,2.11,47.67,12.66,1470.65,56.2,0.988,166,130,Low
16,101,266,2.04,49.17,12.55,1471.97,57.13,0.988,165,130,Low
16,102,266,2.47,48.57,12.71,1466.5,57.12,0.988,164,130,Low
16,103,266,2.07,47.58,12.03,1465.21,56.67,0.988,163,130,Low
16,104,266,2.13,47.86,12.63,1454.56,56.29,0.988,162,130,Low
16,105,266,2.12,49.92,12.32,1470.48,56.94,0.988,161,130,Low
16,106,266,2.1,47.29,13.08,1470.76,56.97,0.988,160,130,Low
16,107,266,2.09,47.25,12.52,1459.5,56.71,0.988,159,130,Low
16,108,266,2.29,49.04,12.36,1470.52,56.15,0.988,158,130,Low
16,109,266,2.22,48.93,12.58,1466.05,56.38,0.988,157,130,Low
16,110,266,2.01,46.36,12.41,1475.0,57.02,0.988,156,130,Low
16,111,266,2.17,47.87,12.41,1465.1,56.72,0.988,155,130,Low
16,112,266,2.2,48.19,12.4,1478.9,57.15,0.988,154,130,Low
16,113,266,2.13,48.02,12.73,1471.41,56.47,0.988,153,130,Low
16,114,266,2.33,49.64,12.6,1468.64,57.41,0.988,152,130,Low
16,115,266,2.38,48.33,12.88,1459.27,57.11,0.988,151,130,Low
16,116,266,2.39,48.06,12.25,1466.69,57.76,0.988,150,130,Low
16,117,266,2.23,48.94,12.75,1458.1,57.55,0.988,149,130,Low
16,118,266,2.18,47.7,12.9,1464.39,57.98,0.988,148,130,Low
16,119,266,2.5,49.8,12.68,1460.92,58.25,0.988,147,130,Low
16,120,266,2.5,48.81,12.86,1460.63,57.63,0.988,146,130,Low
16,121,266,2.18,49.03,12.89,1455.59,57.29,0.988,145,130,Low
16,122,266,2.39,49.21,12.56,1448.94,56.61,0.988,144,130,Low
16,123,266,2.28,49.62,12.99,1458.76,56.87,0.988,143,130,Low
16,124,266,2.16,49.45,12.59,1457.25,57.63,0.988,142,130,Low
16,125,266,2.51,50.41,12.86,1457.87,57.78,0.988,141,130,Low
16,126,266,2.46,51.01,12.86,1458.19,58.04,0.988,140,130,Low
16,127,266,2.64,50.02,13.27,1458.99,57.73,0.988,139,130,Low
16,128,266,2.55,47.85,13.4,1450.17,58.11,0.988,138,130,Low
16,129,266,2.53,48.73,12.71,1452.29,56.98,0.988,137,130,Low
16,130,266,2.37,50.05,12.65,1467.07,58.22,0.988,136,130,Low
16,131,266,2.67,50.65,13.07,1455.1,58.92,0.988,135,130,Low
16,132,266,2.6,50.27,13.12,1458.19,56.84,0.988,134,130,Low
16,133,266,2.77,51.47,13.16,1463.09,57.52,0.988,133,130,Low
16,134,266,2.71,49.69,12.93,1463.96,57.32,0.988,132,130,Low
16,135,266,2.69,49.57,13.32,1462.27,58.68,0.988,131,130,Low
16,136,266,2.84,49.84,12.75,1454.29,58.13,0.988,130,130,Low
16,137,266,2.77,51.23,13.18,1462.56,57.52,0.988,129,129,Low
16,138,266,2.67,50.97,13.0,1453.93,58.42,0.988,128,128,Low
16,139,266,2.8,50.58,12.95,1458.34,58.15,0.988,127,127,Low
16,140,266,2.85,50.57,12.89,1451.16,58.03,0.988,126,126,Low
16,141,266,2.81,52.37,13.01,1453.29,58.59,0.988,125,125,Low
16,142,266,2.73,51.75,12.9,1453.2,60.19,0.988,124,124,Low
16,143,266,3.27,52.43,13.43,1470.55,58.19,0.988,123,123,Low
16,144,266,2.88,50.82,12.82,1460.83,59.57,0.988,122,122,Low
16,145,266,2.82,51.95,13.58,1444.61,59.25,0.988,121,121,Low
16,146,266,2.74,50.2,13.27,1449.1,59.47,0.988,120,120,Low
16,147,266,3.18,52.02,13.39,1452.24,59.13,0.988,119,119,Low
16,148,266,3.15,52.53,13.24,1457.68,58.29,0.988,118,118,Low
16,149,266,2.94,52.22,13.39,1456.44,59.75,0.988,117,117,Low
16,150,266,3.2,52.0,13.37,1453.98,58.9,0.988,116,116,Low
16,151,266,3.09,53.17,13.36,1447.42,58.5,0.988,115,115,Low
16,152,266,2.97,52.86,13.52,1466.62,58.44,0.988,114,114,Low
16,153,266,3.09,53.28,13.09,1449.41,58.64,0.988,113,113,Low
16,154,266,3.3,53.84,13.74,1453.4,59.06,0.988,112,112,Low
16,155,266,3.2,52.55,13.56,1456.9,60.31,0.988,111,111,Low
16,156,266,3.33,54.17,13.35,1435.34,59.77,0.988,110,110,Low
16,157,266,3.09,54.35,13.31,1456.82,58.96,0.988,109,109,Low
16,158,266,3.16,52.83,13.19,1438.13,59.52,0.988,108,108,Low
16,159,266,3.21,52.94,13.43,1442.29,60.14,0.988,107,107,Low
16,160,266,3.3,52.71,13.34,1451.51,59.95,0.988,106,106,Low
16,161,266,3.29,54.91,13.2,1447.31,61.33,0.988,105,105,Low
16,162,266,3.24,52.3,13.62,1449.64,59.97,0.988,104,104,Low
16,163,266,3.29,54.26,13.3,1450.32,59.28,0.988,103,103,Low
16,164,266,3.42,54.35,13.53,1446.79,59.01,0.988,102,102,Low
16,165,266,3.48,54.49,13.96,1439.51,60.4,0.988,101,101,Low
16,166,266,3.58,52.9,13.76,1446.65,59.05,0.988,100,100,Low
16,167,266,3.45,54.45,13.53,1445.86,60.78,0.988,99,99,Low
16,168,266,3.55,55.01,14.07,1441.58,61.13,0.988,98,98,Low
16,169,266,3.51,53.92,13.71,1443.86,60.12,0.988,97,97,Low
16,170,266,3.78,55.13,13.65,1433.99,61.76,0.988,96,96,Low
16,171,266,3.57,54.04,13.22,1441.8,60.75,0.988,95,95,Low
16,172,266,3.65,56.16,13.48,1438.06,60.76,0.988,94,94,Low
16,173,266,3.81,54.58,14.2,1441.52,61.33,0.988,93,93,Low
16,174,266,3.8,55.76,13.54,1437.67,61.54,0.988,92,92,Low
16,175,266,3.91,55.76,13.62,1438.87,61.2,0.988,91,91,Low
16,176,266,3.76,54.21,13.82,1431.73,60.91,0.988,90,90,Low
16,177,266,3.68,54.65,14.12,1432.83,61.19,0.988,89,89,Low
16,178,266,3.99,55.3,13.84,1444.2,61.26,0.988,88,88,Low
16,179,266,3.95,55.58,13.99,1444.08,61.21,0.988,87,87,Low
16,180,266,3.75,56.07,13.91,1436.56,62.02,0.988,86,86,Low
16,181,266,4.07,57.66,14.53,1440.35,61.1,0.988,85,85,Low
16,182,266,4.07,55.94,13.36,1430.76,61.48,0.988,84,84,Low
16,183,266,3.99,56.42,13.86,1432.04,61.61,0.988,83,83,Low
16,184,266,3.96,57.14,14.22,1423.9,61.96,0.988,82,82,Low
16,185,266,4.15,56.72,14.04,1430.36,61.99,0.988,81,81,Low
16,186,266,4.05,57.23,13.97,1432.2,63.33,0.988,80,80,Low
16,187,266,4.05,57.78,14.15,1436.79,62.1,0.988,79,79,Low
16,188,266,4.15,57.12,14.32,1438.49,61.92,0.988,78,78,Low
16,189,266,4.22,58.45,14.54,1439.2,63.77,0.988,77,77,Low
16,190,266,4.17,57.72,14.37,1438.74,63.2,0.988,76,76,Low
16,191,266,4.22,56.92,14.92,1428.94,62.71,0.988,75,75,Low
16,192,266,4.43,58.45,14.71,1423.32,63.23,0.988,74,74,Low
16,193,266,4.53,57.25,14.19,1430.34,63.4,0.988,73,73,Low
16,194,266,4.55,59.26,14.49,1426.7,62.88,0.988,72,72,Low
16,195,266,4.53,58.22,14.15,1433.71,63.11,0.988,71,71,Low
16,196,266,4.44,58.09,14.62,1417.44,63.74,0.988,70,70,Low
16,197,266,4.55,59.52,15.07,1419.61,63.82,0.988,69,69,Low
16,198,266,4.71,59.33,14.99,1430.51,64.15,0.988,68,68,Low
16,199,266,4.62,60.33,13.94,1416.73,64.03,0.988,67,67,Low
16,200,266,4.56,60.0,14.75,1419.71,64.81,0.988,66,66,Low
16,201,266,4.62,58.53,15.17,1425.76,63.62,0.988,65,65,Low
16,202,266,4.56,59.93,14.51,1414.98,63.65,0.988,64,64,Low
16,203,266,4.83,59.76,14.54,1418.52,64.08,0.988,63,63,Low
16,204,266,5.07,58.87,14.66,1427.65,63.5,0.988,62,62,Low
16,205,266,4.96,60.15,14.72,1419.74,65.5,0.988,61,61,Low
16,206,266,5.08,61.29,14.74,1409.3,65.14,0.988,60,60,Low
16,207,266,4.95,60.55,14.86,1407.43,64.99,0.988,59,59,Low
16,208,266,4.84,60.85,14.79,1420.26,64.73,0.988,58,58,Low
16,209,266,5.13,60.65,15.14,1408.74,65.26,0.988,57,57,Low
16,210,266,5.08,62.14,15.84,1412.0,63.92,0.988,56,56,Low
16,211,266,5.09,60.73,15.23,1408.3,66.25,0.988,55,55,Low
16,212,266,5.24,61.46,15.07,1407.73,65.28,0.988,54,54,Low
16,213,266,5.19,63.19,15.66,1421.98,65.71,0.988,53,53,Low
16,214,266,5.12,61.99,15.34,1406.52,64.78,0.988,52,52,Low
16,215,266,5.48,59.52,14.75,1424.78,64.45,0.988,51,51,Low
16,216,266,5.33,63.98,15.52,1402.31,66.77,0.988,50,50,Low
16,217,266,5.18,64.45,15.24,1402.06,65.71,0.988,49,49,Low
16,218,266,5.24,63.54,15.35,1422.22,66.74,0.988,48,48,Low
16,219,266,5.51,63.64,15.23,1414.34,65.57,0.988,47,47,Low
16,220,266,5.6,64.45,15.21,1405.23,66.79,0.988,46,46,Low
16,221,266,5.43,63.84,15.37,1403.34,64.22,0.988,45,45,Low
16,222,266,5.42,62.21,15.24,1400.99,65.99,0.988,44,44,Low
16,223,266,5.42,65.68,15.39,1408.5,65.69,0.988,43,43,Low
16,224,266,5.51,65.23,15.56,1398.04,65.27,0.988,42,42,Low
16,225,266,5.83,64.45,16.04,1401.58,67.53,0.988,41,41,Low
16,226,266,5.82,66.12,15.52,1402.13,66.03,0.988,40,40,Medium
16,227,266,5.86,64.22,15.73,1408.91,67.01,0.988,39,39,Medium
16,228,266,5.94,66.16,15.59,1394.37,66.87,0.988,38,38,Medium
16,229,266,5.82,65.88,15.87,1388.04,67.53,0.988,37,37,Medium
16,230,266,5.89,65.8,15.52,1398.29,68.03,0.988,36,36,Medium
16,231,266,6.11,66.41,15.8,1408.07,67.15,0.988,35,35,Medium
16,232,266,6.24,66.51,15.41,1402.99,68.46,0.988,34,34,Medium
16,233,266,5.86,65.33,15.67,1398.73,66.95,0.988,33,33,Medium
16,234,266,6.31,66.27,16.3,1389.18,68.01,0.988,32,32,Medium
16,235,266,6.33,65.49,15.71,1394.22,68.82,0.988,31,31,Medium
16,236,266,6.15,67.17,15.74,1386.34,69.14,0.988,30,30,Medium
16,237,266,6.36,66.43,16.11,1394.2,68.49,0.988,29,29,Medium
16,238,266,6.38,67.94,15.81,1383.62,68.6,0.988,28,28,Medium
16,239,266,6.34,68.7,16.18,1389.33,68.52,0.988,27,27,Medium
16,240,266,6.47,68.21,16.15,1386.58,68.83,0.988,26,26,Medium
16,241,266,6.46,67.85,16.25,1387.6,68.89,0.988,25,25,Medium
16,242,266,6.66,68.67,15.64,1381.38,68.41,0.988,24,24,Medium
16,243,266,6.76,67.83,16.73,1379.34,70.22,0.988,23,23,Medium
16,244,266,6.55,68.91,16.25,1379.0,69.2,0.988,22,22,Medium
16,245,266,6.63,70.16,16.34,1386.74,69.35,0.988,21,21,Medium
16,246,266,6.92,69.69,16.32,1391.6,70.3,0.988,20,20,Medium
16,247,266,6.65,70.11,16.4,1385.79,69.68,0.988,19,19,Medium
16,248,266,6.85,69.48,16.68,1390.88,69.89,0.988,18,18,Medium
16,249,266,7.1,69.5,16.68,1377.1,69.74,0.988,17,17,Medium
16,250,266,7.13,69.08,16.82,1378.76,70.89,0.988,16,16,Medium
16,251,266,7.12,71.82,16.7,1372.24,71.42,0.988,15,15,High
16,252,266,7.14,70.74,16.81,1372.67,69.99,0.988,14,14,High
16,253,266,7.34,71.32,16.81,1390.5,71.16,0.988,13,13,High
16,254,266,7.33,70.36,16.57,1374.67,69.75,0.988,12,12,High
16,255,266,7.33,72.17,16.99,1377.65,70.71,0.988,11,11,High
16,256,266,7.44,72.62,16.52,1379.69,71.67,0.988,10,10,High
16,257,266,7.5,71.94,17.24,1378.11,70.73,0.988,9,9,High
16,258,266,7.58,72.19,16.9,1368.97,70.7,0.988,8,8,High
16,259,266,7.53,72.32,17.29,1376.81,72.11,0.988,7,7,High
16,260,266,7.75,72.11,17.14,1360.62,71.56,0.988,6,6,High
16,261,266,7.68,73.86,17.59,1359.88,72.36,0.988,5,5,High
16,262,266,7.71,72.96,17.09,1371.31,71.73,0.988,4,4,High
16,263,266,7.59,73.81,17.26,1382.51,72.56,0.988,3,3,High
16,264,266,7.84,75.1,17.0,1356.74,72.19,0.988,2,2,High
16,265,266,7.95,73.78,17.25,1370.26,72.48,0.988,1,1,High
16,266,266,7.96,73.99,17.3,1356.25,72.71,0.988,0,0,High
17,1,311,1.46,45.83,11.45,1485.85,54.7,1.091,310,130,Low
17,2,311,1.6,45.62,11.62,1481.02,54.94,1.091,309,130,Low
17,3,311,1.58,43.79,12.46,1483.28,55.12,1.091,308,130,Low
17,4,311,1.86,44.41,11.98,1477.67,54.9,1.091,307,130,Low
17,5,311,1.39,44.68,12.17,1477.25,54.97,1.091,306,130,Low
17,6,311,1.4,45.01,12.07,1478.26,54.65,1.091,305,130,Low
17,7,311,1.53,45.82,12.43,1478.4,55.43,1.091,304,130,Low
17,8,311,1.56,43.67,11.86,1481.09,54.41,1.091,303,130,Low
17,9,311,1.28,44.87,12.08,1481.13,56.85,1.091,302,130,Low
17,10,311,1.42,44.64,12.21,1472.1,54.72,1.091,301,130,Low
17,11,311,1.57,45.51,11.94,1480.97,56.16,1.091,300,130,Low
17,12,311,1.63,43.25,11.76,1485.35,55.24,1.091,299,130,Low
17,13,311,1.53,44.6,12.44,1485.14,55.55,1.091,298,130,Low
17,14,311,1.76,44.69,11.49,1479.08,55.45,1.091,297,130,Low
17,15,311,1.14,45.5,11.97,1477.01,54.86,1.091,296,130,Low
17,16,311,1.3,45.13,11.89,1485.88,54.66,1.091,295,130,Low
17,17,311,1.45,44.19,12.17,1470.49,53.43,1.091,294,130,Low
17,18,311,1.44,45.61,12.31,1472.71,55.06,1.091,293,130,Low
17,19,311,1.42,44.81,12.12,1478.16,54.85,1.091,292,130,Low
17,20,311,1.44,45.17,12.34,1472.66,55.04,1.091,291,130,Low
17,21,311,1.47,47.69,11.79,1485.75,54.1,1.091,290,130,Low
17,22,311,1.33,44.78,12.19,1482.87,55.96,1.091,289,130,Low
17,23,311,1.48,44.15,12.01,1478.38,54.99,1.091,288,130,Low
17,24,311,1.41,43.78,12.22,1476.62,55.16,1.091,287,130,Low
17,25,311,1.59,44.92,11.98,1478.42,54.58,1.091,286,130,Low
17,26,311,1.44,45.29,12.46,1482.26,54.89,1.091,285,130,Low
17,27,311,1.53,45.24,12.07,1481.33,54.09,1.091,284,130,Low
17,28,311,1.61,43.9,12.08,1481.89,55.1,1.091,283,130,Low
17,29,311,1.27,45.67,12.07,1488.87,55.03,1.091,282,130,Low
17,30,311,1.57,43.76,11.96,1477.45,54.67,1.091,281,130,Low
17,31,311,1.49,43.05,12.21,1481.37,54.37,1.091,280,130,Low
17,32,311,1.55,44.9,12.01,1486.98,55.66,1.091,279,130,Low
17,33,311,1.42,45.05,11.99,1472.89,54.86,1.091,278,130,Low
17,34,311,1.41,46.14,12.01,1499.38,55.53,1.091,277,130,Low
17,35,311,1.5,44.73,12.38,1482.4,56.28,1.091,276,130,Low
17,36,311,1.48,45.32,12.11,1475.15,55.39,1.091,275,130,Low
17,37,311,1.53,45.74,12.13,1489.6,54.63,1.091,274,130,Low
17,38,311,1.6,44.96,11.99,1475.51,54.93,1.091,273,130,Low
17,39,311,1.65,44.61,12.55,1484.04,55.2,1.091,272,130,Low
17,40,311,1.55,45.84,12.04,1481.24,54.38,1.091,271,130,Low
17,41,311,1.53,44.04,11.82,1469.59,54.72,1.091,270,130,Low
17,42,311,1.46,45.49,12.12,1476.86,54.14,1.091,269,130,Low
17,43,311,1.34,46.26,12.14,1468.6,55.55,1.091,268,130,Low
17,44,311,1.7,46.13,12.09,1476.87,55.52,1.091,267,130,Low
17,45,311,1.71,45.9,11.75,1473.8,55.32,1.091,266,130,Low
17,46,311,1.54,45.44,12.29,1482.4,54.92,1.091,265,130,Low
17,47,311,1.67,46.34,11.77,1479.7,55.2,1.091,264,130,Low
17,48,311,1.38,46.0,11.6,1485.12,56.65,1.091,263,130,Low
17,49,311,1.56,46.1,12.07,1472.48,54.24,1.091,262,130,Low
17,50,311,1.59,45.37,11.62,1486.05,55.57,1.091,261,130,Low
17,51,311,1.63,46.76,12.05,1476.11,54.55,1.091,260,130,Low
17,52,311,1.4,47.18,12.0,1478.0,54.92,1.091,259,130,Low
17,53,311,1.68,44.93,12.46,1480.44,55.5,1.091,258,130,Low
17,54,311,1.64,47.73,12.19,1465.82,56.12,1.091,257,130,Low
17,55,311,1.59,45.67,12.24,1483.96,55.65,1.091,256,130,Low
17,56,311,1.56,47.21,12.21,1466.52,55.45,1.091,255,130,Low
17,57,311,1.45,44.88,11.99,1465.94,55.33,1.091,254,130,Low
17,58,311,1.61,45.53,12.08,1473.46,55.02,1.091,253,130,Low
17,59,311,1.44,45.35,11.92,1466.7,55.12,1.091,252,130,Low
17,60,311,1.7,45.12,12.26,1490.01,55.0,1.091,251,130,Low
17,61,311,1.75,44.56,12.18,1477.45,54.58,1.091,250,130,Low
17,62,311,1.66,44.31,11.74,1478.78,55.73,1.091,249,130,Low
17,63,311,1.68,45.2,12.47,1476.18,55.08,1.091,248,130,Low
17,64,311,1.6,46.61,12.17,1475.9,56.29,1.091,247,130,Low
17,65,311,1.69,44.94,12.18,1474.83,56.68,1.091,246,130,Low
17,66,311,1.56,45.57,12.21,1472.17,54.29,1.091,245,130,Low
17,67,311,1.77,44.69,12.28,1479.54,55.31,1.091,244,130,Low
17,68,311,1.83,44.33,12.45,1481.66,55.52,1.091,243,130,Low
17,69,311,1.7,46.9,12.37,1470.87,56.06,1.091,242,130,Low
17,70,311,1.71,44.77,12.29,1479.62,54.66,1.091,241,130,Low
17,71,311,1.67,45.67,11.92,1466.01,56.35,1.091,240,130,Low
17,72,311,1.75,44.93,11.84,1480.96,55.3,1.091,239,130,Low
17,73,311,1.66,45.6,12.14,1480.91,56.69,1.091,238,130,Low
17,74,311,1.59,45.16,12.31,1486.37,56.11,1.091,237,130,Low
17,75,311,1.8,47.24,12.13,1471.74,56.44,1.091,236,130,Low
17,76,311,1.69,46.69,12.27,1475.0,56.22,1.091,235,130,Low
17,77,311,1.91,47.11,12.07,1479.25,55.77,1.091,234,130,Low
17,78,311,1.58,45.39,12.49,1485.95,55.08,1.091,233,130,Low
17,79,311,1.74,45.74,11.99,1484.38,55.4,1.091,232,130,Low
17,80,311,1.65,45.71,11.9,1481.74,54.53,1.091,231,130,Low
17,81,311,1.65,45.04,12.22,1479.91,55.63,1.091,230,130,Low
17,82,311,1.85,46.02,12.06,1472.44,55.41,1.091,229,130,Low
17,83,311,1.87,47.3,12.12,1470.28,55.8,1.091,228,130,Low
17,84,311,1.75,47.12,12.69,1478.02,55.56,1.091,227,130,Low
17,85,311,1.62,46.84,12.29,1473.36,56.26,1.091,226,130,Low
17,86,311,1.92,44.32,12.46,1478.32,56.49,1.091,225,130,Low
17,87,311,1.74,47.52,12.16,1469.35,55.36,1.091,224,130,Low
17,88,311,1.88,47.0,12.06,1476.93,54.38,1.091,223,130,Low
17,89,311,2.03,46.19,11.99,1484.66,55.91,1.091,222,130,Low
17,90,311,1.8,47.47,12.41,1476.21,55.96,1.091,221,130,Low
17,91,311,1.65,46.03,12.68,1472.64,54.71,1.091,220,130,Low
17,92,311,1.6,46.46,12.05,1475.57,55.26,1.091,219,130,Low
17,93,311,2.05,45.72,12.62,1482.65,56.1,1.091,218,130,Low
17,94,311,1.84,45.09,12.26,1470.83,55.57,1.091,217,130,Low
17,95,311,1.77,46.0,12.23,1474.35,55.79,1.091,216,130,Low
17,96,311,2.02,48.06,12.23,1475.41,56.53,1.091,215,130,Low
17,97,311,1.95,47.01,12.21,1472.02,56.25,1.091,214,130,Low
17,98,311,1.78,46.45,11.94,1484.31,56.36,1.091,213,130,Low
17,99,311,2.08,46.23,12.35,1473.74,56.03,1.091,212,130,Low
17,100,311,1.98,47.41,12.47,1472.92,55.5,1.091,211,130,Low
17,101,311,1.93,47.09,12.3,1479.72,55.66,1.091,210,130,Low
17,102,311,1.98,46.93,12.37,1473.71,54.88,1.091,209,130,Low
17,103,311,1.92,46.53,12.49,1477.87,56.16,1.091,208,130,Low
17,104,311,1.99,47.56,12.3,1474.58,56.15,1.091,207,130,Low
17,105,311,2.14,47.28,12.51,1477.62,55.99,1.091,206,130,Low
17,106,311,2.07,46.65,12.36,1482.01,56.4,1.091,205,130,Low
17,107,311,2.09,47.19,11.96,1478.18,57.68,1.091,204,130,Low
17,108,311,2.06,48.19,12.49,1465.74,55.84,1.091,203,130,Low
17,109,311,2.29,46.95,11.72,1479.76,55.71,1.091,202,130,Low
17,110,311,2.16,48.03,12.56,1466.86,56.64,1.091,201,130,Low
17,111,311,2.04,47.29,12.23,1466.84,56.41,1.091,200,130,Low
17,112,311,1.72,48.55,12.5,1460.01,57.2,1.091,199,130,Low
17,113,311,2.21,48.08,12.39,1469.46,57.03,1.091,198,130,Low
17,114,311,2.09,47.57,13.09,1481.74,56.54,1.091,197,130,Low
17,115,311,2.07,47.01,12.64,1470.29,57.15,1.091,196,130,Low
17,116,311,2.14,48.56,12.35,1466.42,57.35,1.091,195,130,Low
17,117,311,2.14,47.58,12.41,1458.4,57.1,1.091,194,130,Low
17,118,311,2.18,48.46,12.69,1468.85,57.2,1.091,193,130,Low
17,119,311,2.1,47.54,12.88,1472.33,57.33,1.091,192,130,Low
17,120,311,2.13,47.18,12.9,1469.23,57.31,1.091,191,130,Low
17,121,311,1.93,47.52,12.66,1470.11,56.49,1.091,190,130,Low
17,122,311,2.15,47.2,12.43,1469.7,56.64,1.091,189,130,Low
17,123,311,2.12,49.62,12.62,1463.04,58.34,1.091,188,130,Low
17,124,311,2.22,47.79,12.89,1462.28,56.93,1.091,187,130,Low
17,125,311,2.27,47.71,12.51,1465.74,56.85,1.091,186,130,Low
17,126,311,2.23,48.65,12.67,1469.61,57.13,1.091,185,130,Low
17,127,311,2.29,49.48,12.34,1471.81,55.7,1.091,184,130,Low
17,128,311,2.43,47.96,12.94,1477.82,57.4,1.091,183,130,Low
17,129,311,2.13,49.02,11.93,1459.14,56.94,1.091,182,130,Low
17,130,311,2.35,50.11,13.05,1464.67,57.06,1.091,181,130,Low
17,131,311,2.19,48.72,12.76,1456.39,56.69,1.091,180,130,Low
17,132,311,2.32,48.77,12.75,1465.43,57.85,1.091,179,130,Low
17,133,311,2.25,48.71,12.54,1471.63,55.92,1.091,178,130,Low
17,134,311,2.62,49.09,12.79,1467.36,57.18,1.091,177,130,Low
17,135,311,2.51,47.63,12.61,1456.29,58.4,1.091,176,130,Low
17,136,311,2.28,49.99,12.95,1459.92,56.85,1.091,175,130,Low
17,137,311,2.7,50.54,12.84,1469.16,58.29,1.091,174,130,Low
17,138,311,2.23,49.59,12.91,1463.05,57.33,1.091,173,130,Low
17,139,311,2.58,50.07,13.13,1460.22,57.11,1.091,172,130,Low
17,140,311,2.44,49.23,12.47,1465.55,56.76,1.091,171,130,Low
17,141,311,2.6,50.6,12.74,1466.83,58.75,1.091,170,130,Low
17,142,311,2.53,48.99,12.47,1458.96,58.13,1.091,169,130,Low
17,143,311,2.55,49.99,13.16,1459.69,57.8,1.091,168,130,Low
17,144,311,2.48,49.61,12.57,1460.16,57.24,1.091,167,130,Low
17,145,311,2.81,51.27,12.83,1476.02,58.73,1.091,166,130,Low
17,146,311,2.69,51.16,13.08,1458.93,57.21,1.091,165,130,Low
17,147,311,2.59,50.62,12.82,1453.59,57.96,1.091,164,130,Low
17,148,311,2.96,50.84,12.81,1461.2,58.62,1.091,163,130,Low
17,149,311,2.33,49.21,12.95,1449.23,57.72,1.091,162,130,Low
17,150,311,2.59,50.92,12.83,1458.18,58.16,1.091,161,130,Low
17,151,311,2.62,50.37,13.21,1459.4,58.72,1.091,160,130,Low
17,152,311,2.64,50.68,12.63,1444.06,58.08,1.091,159,130,Low
17,153,311,2.54,51.88,13.16,1445.89,59.01,1.091,158,130,Low
17,154,311,3.01,51.35,13.16,1467.55,58.08,1.091,157,130,Low
17,155,311,2.93,49.61,13.06,1446.03,59.07,1.091,156,130,Low
17,156,311,2.85,51.18,13.03,1457.15,57.75,1.091,155,130,Low
17,157,311,2.44,49.79,13.13,1463.45,57.79,1.091,154,130,Low
17,158,311,2.76,51.21,13.32,1454.05,59.09,1.091,153,130,Low
17,159,311,2.79,51.11,13.13,1459.73,59.46,1.091,152,130,Low
17,160,311,3.22,51.0,13.26,1456.8,59.22,1.091,151,130,Low
17,161,311,2.79,51.49,13.1,1458.29,59.06,1.091,150,130,Low
17,162,311,2.94,53.43,13.11,1458.07,58.94,1.091,149,130,Low
17,163,311,2.79,50.79,13.59,1457.15,59.97,1.091,148,130,Low
17,164,311,2.84,51.65,13.41,1459.51,59.71,1.091,147,130,Low
17,165,311,2.73,51.65,13.14,1441.81,59.24,1.091,146,130,Low
17,166,311,2.94,52.16,12.88,1451.17,59.97,1.091,145,130,Low
17,167,311,3.2,51.61,12.78,1453.44,58.28,1.091,144,130,Low
17,168,311,3.14,51.67,13.11,1452.29,60.96,1.091,143,130,Low
17,169,311,2.97,53.4,13.22,1440.31,58.46,1.091,142,130,Low
17,170,311,3.09,52.47,13.44,1444.24,58.63,1.091,141,130,Low
17,171,311,3.16,51.33,13.24,1444.98,59.91,1.091,140,130,Low
17,172,311,3.05,51.82,13.3,1453.87,58.8,1.091,139,130,Low
17,173,311,2.96,51.65,13.31,1452.84,58.79,1.091,138,130,Low
17,174,311,3.11,51.88,13.5,1447.14,60.26,1.091,137,130,Low
17,175,311,3.29,52.56,13.8,1448.74,59.88,1.091,136,130,Low
17,176,311,3.21,52.59,13.58,1446.31,59.5,1.091,135,130,Low
17,177,311,3.21,53.14,12.83,1439.49,59.41,1.091,134,130,Low
17,178,311,3.34,51.83,13.23,1455.53,60.78,1.091,133,130,Low
17,179,311,3.21,52.85,13.69,1450.9,60.31,1.091,132,130,Low
17,180,311,3.39,52.52,13.38,1439.9,60.59,1.091,131,130,Low
17,181,311,3.3,52.28,13.66,1451.2,60.37,1.091,130,130,Low
17,182,311,3.27,54.2,13.82,1443.63,60.18,1.091,129,129,Low
17,183,311,3.29,54.62,14.0,1438.84,60.28,1.091,128,128,Low
17,184,311,3.49,53.3,13.44,1444.15,60.52,1.091,127,127,Low
17,185,311,3.68,54.68,13.78,1440.38,61.57,1.091,126,126,Low
17,186,311,3.37,53.19,13.7,1454.36,59.87,1.091,125,125,Low
17,187,311,3.49,54.39,13.6,1437.27,60.61,1.091,124,124,Low
17,188,311,3.62,52.55,13.94,1443.42,60.24,1.091,123,123,Low
17,189,311,3.53,54.46,14.01,1442.2,60.31,1.091,122,122,Low
17,190,311,3.59,53.61,13.54,1447.99,60.94,1.091,121,121,Low
17,191,311,3.88,54.45,13.65,1445.21,61.08,1.091,120,120,Low
17,192,311,3.6,55.15,14.2,1441.52,60.33,1.091,119,119,Low
17,193,311,3.62,56.42,14.09,1445.05,60.87,1.091,118,118,Low
17,194,311,3.56,53.42,13.33,1447.57,60.55,1.091,117,117,Low
17,195,311,3.71,56.84,13.88,1440.41,61.62,1.091,116,116,Low
17,196,311,3.69,55.99,13.58,1448.6,60.49,1.091,115,115,Low
17,197,311,3.73,56.11,13.57,1444.48,62.28,1.091,114,114,Low
17,198,311,3.81,55.82,13.83,1441.61,61.96,1.091,113,113,Low
17,199,311,3.93,55.78,14.3,1441.08,61.71,1.091,112,112,Low
17,200,311,4.03,56.18,13.84,1448.02,61.12,1.091,111,111,Low
17,201,311,3.96,56.33,14.19,1438.83,60.92,1.091,110,110,Low
17,202,311,3.79,56.77,13.98,1432.24,61.9,1.091,109,109,Low
17,203,311,4.03,56.01,14.3,1447.97,61.53,1.091,108,108,Low
17,204,311,4.0,57.98,14.35,1427.38,61.89,1.091,107,107,Low
17,205,311,3.86,57.75,14.14,1437.95,62.18,1.091,106,106,Low
17,206,311,4.16,56.1,14.11,1433.53,63.09,1.091,105,105,Low
17,207,311,4.03,56.19,13.65,1435.05,62.06,1.091,104,104,Low
17,208,311,3.94,55.43,14.05,1428.41,62.51,1.091,103,103,Low
17,209,311,4.01,56.27,14.41,1431.92,62.51,1.091,102,102,Low
17,210,311,4.01,56.84,14.46,1440.59,63.05,1.091,101,101,Low
17,211,311,4.43,56.82,13.89,1442.66,63.31,1.091,100,100,Low
17,212,311,4.43,57.64,14.18,1435.08,63.33,1.091,99,99,Low
17,213,311,4.22,58.13,14.31,1428.92,63.53,1.091,98,98,Low
17,214,311,4.06,57.71,14.41,1423.82,63.21,1.091,97,97,Low
17,215,311,4.26,57.71,14.54,1428.22,62.45,1.091,96,96,Low
17,216,311,4.36,57.57,14.21,1420.89,62.21,1.091,95,95,Low
17,217,311,4.36,59.35,14.19,1428.54,62.65,1.091,94,94,Low
17,218,311,4.54,59.26,14.53,1425.57,63.19,1.091,93,93,Low
17,219,311,4.46,57.89,14.78,1428.39,63.24,1.091,92,92,Low
17,220,311,4.41,58.14,14.17,1432.75,63.12,1.091,91,91,Low
17,221,311,4.57,59.28,14.69,1428.32,62.89,1.091,90,90,Low
17,222,311,4.75,58.85,15.12,1420.27,63.78,1.091,89,89,Low
17,223,311,4.55,58.98,14.6,1423.83,63.37,1.091,88,88,Low
17,224,311,4.54,59.75,14.79,1428.47,63.12,1.091,87,87,Low
17,225,311,4.56,58.17,14.62,1418.42,63.98,1.091,86,86,Low
17,226,311,4.82,60.3,14.44,1412.93,63.89,1.091,85,85,Low
17,227,311,4.64,61.7,14.85,1424.66,64.42,1.091,84,84,Low
17,228,311,4.98,60.4,14.87,1421.57,63.67,1.091,83,83,Low
17,229,311,4.94,59.48,15.04,1416.25,63.64,1.091,82,82,Low
17,230,311,4.9,59.99,14.98,1419.48,65.0,1.091,81,81,Low
17,231,311,5.04,59.67,14.89,1413.15,64.37,1.091,80,80,Low
17,232,311,4.93,60.42,14.91,1412.96,63.86,1.091,79,79,Low
17,233,311,4.75,62.01,15.21,1427.98,64.7,1.091,78,78,Low
17,234,311,5.09,62.38,14.49,1416.43,64.61,1.091,77,77,Low
17,235,311,5.02,61.14,14.88,1411.28,64.53,1.091,76,76,Low
17,236,311,4.98,60.87,15.02,1411.04,64.25,1.091,75,75,Low
17,237,311,5.13,61.45,15.63,1406.18,65.79,1.091,74,74,Low
17,238,311,5.06,61.96,14.56,1421.67,64.25,1.091,73,73,Low
17,239,311,5.29,61.81,15.38,1416.41,65.57,1.091,72,72,Low
17,240,311,5.08,61.56,15.1,1410.87,65.4,1.091,71,71,Low
17,241,311,5.3,62.34,15.03,1397.89,65.68,1.091,70,70,Low
17,242,311,5.29,62.37,14.89,1412.86,65.3,1.091,69,69,Low
17,243,311,5.26,62.71,14.86,1415.26,64.15,1.091,68,68,Low
17,244,311,5.4,63.77,15.14,1398.17,64.87,1.091,67,67,Low
17,245,311,5.46,62.83,15.03,1397.34,66.96,1.091,66,66,Low
17,246,311,5.35,62.0,15.55,1415.99,67.02,1.091,65,65,Low
17,247,311,5.43,63.58,15.99,1414.24,65.87,1.091,64,64,Low
17,248,311,5.69,63.39,15.75,1405.64,65.82,1.091,63,63,Low
17,249,311,5.59,63.58,15.17,1414.36,67.09,1.091,62,62,Low
17,250,311,5.52,64.79,15.43,1414.91,66.67,1.091,61,61,Low
17,251,311,5.37,63.47,15.08,1404.34,66.64,1.091,60,60,Low
17,252,311,5.72,63.61,15.04,1400.33,66.73,1.091,59,59,Low
17,253,311,5.99,64.08,15.5,1395.84,66.08,1.091,58,58,Low
17,254,311,5.82,63.27,15.44,1402.57,65.76,1.091,57,57,Low
17,255,311,5.86,64.29,15.51,1405.58,66.89,1.091,56,56,Low
17,256,311,5.76,64.14,15.25,1392.17,67.54,1.091,55,55,Low
17,257,311,5.97,62.93,15.62,1405.6,67.05,1.091,54,54,Low
17,258,311,5.88,64.83,15.98,1402.32,66.85,1.091,53,53,Low
17,259,311,6.01,64.71,16.01,1400.88,66.68,1.091,52,52,Low
17,260,311,6.0,65.97,15.74,1396.68,67.19,1.091,51,51,Low
17,261,311,6.16,66.76,16.17,1407.23,67.68,1.091,50,50,Low
17,262,311,6.06,67.12,15.24,1388.16,67.69,1.091,49,49,Low
17,263,311,6.2,66.33,16.03,1382.46,67.35,1.091,48,48,Low
17,264,311,6.2,67.88,16.03,1392.44,68.37,1.091,47,47,Low
17,265,311,6.26,66.13,16.08,1393.99,68.15,1.091,46,46,Low
17,266,311,6.18,66.03,15.5,1399.1,67.59,1.091,45,45,Low
17,267,311,6.4,65.8,16.18,1391.03,68.59,1.091,44,44,Low
17,268,311,6.38,67.12,15.45,1391.71,68.25,1.091,43,43,Low
17,269,311,6.42,67.18,16.07,1384.65,68.32,1.091,42,42,Low
17,270,311,6.4,67.7,16.17,1381.79,68.44,1.091,41,41,Low
17,271,311,6.67,68.03,16.2,1387.18,69.3,1.091,40,40,Medium
17,272,311,6.64,69.6,16.23,1382.87,69.5,1.091,39,39,Medium
17,273,311,6.49,68.56,16.35,1388.45,67.8,1.091,38,38,Medium
17,274,311,6.54,67.96,16.06,1388.45,69.21,1.091,37,37,Medium
17,275,311,6.5,67.38,16.37,1382.99,69.95,1.091,36,36,Medium
17,276,311,6.85,68.38,16.3,1382.02,70.78,1.091,35,35,Medium
17,277,311,7.04,69.01,16.25,1378.28,70.03,1.091,34,34,Medium
17,278,311,7.07,68.24,17.1,1374.95,69.86,1.091,33,33,Medium
17,279,311,6.86,69.45,16.88,1383.17,71.51,1.091,32,32,Medium
17,280,311,7.04,70.59,16.58,1374.29,71.13,1.091,31,31,Medium
17,281,311,6.92,70.49,16.81,1371.42,71.03,1.091,30,30,Medium
17,282,311,7.04,70.17,16.34,1373.52,70.91,1.091,29,29,Medium
17,283,311,6.96,70.54,16.77,1380.88,70.08,1.091,28,28,Medium
17,284,311,7.26,71.46,16.26,1383.09,71.07,1.091,27,27,Medium
17,285,311,7.21,71.35,16.98,1384.39,71.45,1.091,26,26,Medium
17,286,311,7.07,71.97,17.06,1380.11,71.43,1.091,25,25,Medium
17,287,311,7.35,71.73,17.13,1372.9,71.01,1.091,24,24,Medium
17,288,311,7.21,71.87,16.79,1385.19,71.31,1.091,23,23,Medium
17,289,311,7.36,72.81,16.61,1374.41,70.72,1.091,22,22,Medium
17,290,311,7.4,73.05,17.08,1373.27,71.25,1.091,21,21,Medium
17,291,311,7.44,73.96,17.14,1374.38,71.52,1.091,20,20,Medium
17,292,311,7.53,73.24,17.02,1366.75,71.92,1.091,19,19,Medium
17,293,311,7.81,72.64,17.19,1366.29,72.21,1.091,18,18,Medium
17,294,311,7.65,74.63,17.28,1363.81,72.98,1.091,17,17,Medium
17,295,311,7.68,73.3,17.26,1364.94,72.34,1.091,16,16,Medium
17,296,311,7.82,73.95,17.73,1363.21,71.28,1.091,15,15,High
17,297,311,7.96,73.79,17.17,1360.06,71.61,1.091,14,14,High
17,298,311,7.91,73.78,17.05,1358.93,73.28,1.091,13,13,High
17,299,311,7.86,74.65,18.04,1364.98,72.51,1.091,12,12,High
17,300,311,7.91,74.33,18.02,1355.32,72.38,1.091,11,11,High
17,301,311,7.89,75.11,17.35,1360.38,72.91,1.091,10,10,High
17,302,311,8.16,75.17,17.66,1359.12,72.78,1.091,9,9,High
17,303,311,8.05,73.38,18.0,1355.73,73.43,1.091,8,8,High
17,304,311,8.17,75.76,17.43,1355.74,72.92,1.091,7,7,High
17,305,311,8.23,76.34,17.79,1343.78,74.2,1.091,6,6,High
17,306,311,8.4,77.06,18.08,1365.41,72.98,1.091,5,5,High
17,307,311,8.24,76.93,17.62,1356.36,73.93,1.091,4,4,High
17,308,311,8.17,77.4,17.67,1365.55,74.53,1.091,3,3,High
17,309,311,8.37,77.77,17.49,1350.39,74.69,1.091,2,2,High
17,310,311,8.58,79.28,17.79,1348.42,73.26,1.091,1,1,High
17,311,311,8.69,77.34,17.93,1342.99,75.57,1.091,0,0,High
18,1,196,1.38,45.07,11.86,1480.94,54.92,0.963,195,130,Low
18,2,196,1.62,44.41,11.89,1482.02,54.42,0.963,194,130,Low
18,3,196,1.57,45.82,12.17,1474.89,55.72,0.963,193,130,Low
18,4,196,1.57,43.73,11.61,1476.3,56.44,0.963,192,130,Low
18,5,196,1.6,44.61,11.86,1477.19,54.68,0.963,191,130,Low
18,6,196,1.56,47.32,11.74,1489.86,54.9,0.963,190,130,Low
18,7,196,1.5,44.36,12.2,1469.34,54.46,0.963,189,130,Low
18,8,196,1.25,43.79,12.25,1488.45,55.26,0.963,188,130,Low
18,9,196,1.6,45.71,12.02,1474.55,55.17,0.963,187,130,Low
18,10,196,1.53,46.28,11.82,1474.46,56.0,0.963,186,130,Low
18,11,196,1.5,44.24,11.95,1478.78,54.84,0.963,185,130,Low
18,12,196,1.52,45.09,12.29,1476.64,54.45,0.963,184,130,Low
18,13,196,1.39,45.05,12.27,1481.49,55.59,0.963,183,130,Low
18,14,196,1.54,43.89,11.7,1473.41,54.25,0.963,182,130,Low
18,15,196,1.66,44.83,11.6,1478.26,54.91,0.963,181,130,Low
18,16,196,1.47,43.69,12.03,1472.82,55.25,0.963,180,130,Low
18,17,196,1.51,44.44,11.88,1485.72,53.63,0.963,179,130,Low
18,18,196,1.42,45.62,12.77,1481.05,55.44,0.963,178,130,Low
18,19,196,1.55,44.84,11.66,1481.93,55.2,0.963,177,130,Low
18,20,196,1.38,46.03,11.97,1486.03,55.82,0.963,176,130,Low
18,21,196,1.51,44.46,12.07,1481.29,54.57,0.963,175,130,Low
18,22,196,1.68,45.32,12.0,1484.65,55.53,0.963,174,130,Low
18,23,196,1.48,45.89,11.88,1480.9,55.35,0.963,173,130,Low
18,24,196,1.53,45.0,12.19,1478.7,54.74,0.963,172,130,Low
18,25,196,1.46,45.49,11.97,1484.64,55.12,0.963,171,130,Low
18,26,196,1.63,45.53,11.84,1487.92,55.25,0.963,170,130,Low
18,27,196,1.36,44.01,12.22,1482.4,54.93,0.963,169,130,Low
18,28,196,1.43,46.14,12.34,1475.98,55.59,0.963,168,130,Low
18,29,196,1.75,43.79,11.69,1474.13,55.73,0.963,167,130,Low
18,30,196,1.44,44.92,12.02,1478.55,55.68,0.963,166,130,Low
18,31,196,1.68,46.86,11.95,1484.35,53.8,0.963,165,130,Low
18,32,196,1.64,46.22,12.3,1478.61,55.45,0.963,164,130,Low
18,33,196,1.46,45.7,11.93,1474.86,55.82,0.963,163,130,Low
18,34,196,1.8,45.23,11.96,1479.26,54.71,0.963,162,130,Low
18,35,196,1.67,44.6,12.45,1473.29,55.0,0.963,161,130,Low
18,36,196,1.65,45.98,12.08,1483.29,56.33,0.963,160,130,Low
18,37,196,1.57,44.5,12.14,1477.44,55.89,0.963,159,130,Low
18,38,196,1.54,45.09,12.25,1462.85,55.94,0.963,158,130,Low
18,39,196,1.7,43.9,12.58,1480.71,54.95,0.963,157,130,Low
18,40,196,1.51,45.58,12.08,1481.48,56.04,0.963,156,130,Low
18,41,196,1.62,46.21,12.16,1471.48,55.44,0.963,155,130,Low
18,42,196,1.58,44.15,12.08,1486.78,55.41,0.963,154,130,Low
18,43,196,1.72,44.02,11.99,1471.16,55.39,0.963,153,130,Low
18,44,196,1.7,45.18,12.53,1471.66,55.29,0.963,152,130,Low
18,45,196,1.95,45.15,11.7,1468.63,54.79,0.963,151,130,Low
18,46,196,1.58,45.47,11.58,1472.3,56.04,0.963,150,130,Low
18,47,196,1.73,46.91,11.92,1468.84,56.42,0.963,149,130,Low
18,48,196,1.61,46.0,12.49,1470.18,55.63,0.963,148,130,Low
18,49,196,1.54,44.74,12.11,1483.41,55.06,0.963,147,130,Low
18,50,196,1.67,44.58,12.13,1471.37,56.48,0.963,146,130,Low
18,51,196,1.55,44.7,12.28,1483.59,54.93,0.963,145,130,Low
18,52,196,1.75,46.08,11.76,1481.89,55.61,0.963,144,130,Low
18,53,196,1.53,47.42,12.47,1482.58,56.39,0.963,143,130,Low
18,54,196,1.83,45.7,11.96,1471.41,56.57,0.963,142,130,Low
18,55,196,1.72,46.61,13.07,1471.41,56.33,0.963,141,130,Low
18,56,196,1.9,45.21,12.1,1469.51,56.03,0.963,140,130,Low
18,57,196,1.86,47.65,12.4,1475.5,55.39,0.963,139,130,Low
18,58,196,1.78,46.17,12.22,1475.27,55.44,0.963,138,130,Low
18,59,196,1.9,46.49,12.55,1477.92,55.92,0.963,137,130,Low
18,60,196,1.89,47.18,12.34,1472.97,55.75,0.963,136,130,Low
18,61,196,2.0,45.32,12.08,1478.65,55.57,0.963,135,130,Low
18,62,196,1.91,45.88,12.22,1475.03,56.41,0.963,134,130,Low
18,63,196,1.75,45.12,12.28,1465.07,56.38,0.963,133,130,Low
18,64,196,1.89,45.92,12.52,1481.57,56.02,0.963,132,130,Low
18,65,196,2.04,45.66,11.99,1481.34,55.4,0.963,131,130,Low
18,66,196,1.96,46.89,12.7,1474.74,55.84,0.963,130,130,Low
18,67,196,1.63,46.37,12.13,1472.74,56.73,0.963,129,129,Low
18,68,196,1.98,47.34,12.15,1476.48,56.32,0.963,128,128,Low
18,69,196,1.93,47.6,12.19,1464.62,55.41,0.963,127,127,Low
18,70,196,1.97,47.35,12.36,1469.71,55.83,0.963,126,126,Low
18,71,196,2.1,46.95,12.56,1476.24,57.19,0.963,125,125,Low
18,72,196,2.09,46.77,12.67,1471.28,57.24,0.963,124,124,Low
18,73,196,2.03,47.28,12.27,1459.84,56.79,0.963,123,123,Low
18,74,196,2.2,47.04,11.72,1471.02,56.55,0.963,122,122,Low
18,75,196,2.09,46.7,12.83,1464.39,56.31,0.963,121,121,Low
18,76,196,2.02,45.61,13.0,1471.77,57.8,0.963,120,120,Low
18,77,196,2.05,47.31,12.22,1473.63,57.83,0.963,119,119,Low
18,78,196,2.17,47.34,12.72,1458.48,55.95,0.963,118,118,Low
18,79,196,2.23,48.25,12.59,1468.83,57.12,0.963,117,117,Low
18,80,196,2.1,48.39,12.73,1466.72,55.58,0.963,116,116,Low
18,81,196,2.2,46.94,12.33,1473.56,57.83,0.963,115,115,Low
18,82,196,2.37,47.79,12.63,1467.05,55.78,0.963,114,114,Low
18,83,196,2.03,47.31,12.97,1474.2,57.4,0.963,113,113,Low
18,84,196,2.2,48.6,12.63,1466.32,58.03,0.963,112,112,Low
18,85,196,2.33,47.9,12.48,1467.57,57.48,0.963,111,111,Low
18,86,196,2.39,48.21,13.18,1456.12,57.41,0.963,110,110,Low
18,87,196,2.41,49.66,12.87,1468.4,57.53,0.963,109,109,Low
18,88,196,2.41,48.12,13.72,1472.82,57.68,0.963,108,108,Low
18,89,196,2.23,48.64,13.12,1464.34,57.33,0.963,107,107,Low
18,90,196,2.35,49.54,12.41,1452.73,57.13,0.963,106,106,Low
18,91,196,2.56,49.04,12.45,1463.0,57.05,0.963,105,105,Low
18,92,196,2.43,50.49,12.84,1448.45,56.74,0.963,104,104,Low
18,93,196,2.49,48.23,12.79,1468.43,58.33,0.963,103,103,Low
18,94,196,2.36,49.69,13.16,1461.63,58.58,0.963,102,102,Low
18,95,196,2.57,50.21,12.95,1455.63,57.67,0.963,101,101,Low
18,96,196,2.61,50.62,12.99,1463.29,58.05,0.963,100,100,Low
18,97,196,2.4,50.04,13.08,1453.95,58.31,0.963,99,99,Low
18,98,196,2.68,50.19,13.29,1462.05,58.25,0.963,98,98,Low
18,99,196,2.59,51.15,13.3,1451.45,57.31,0.963,97,97,Low
18,100,196,2.62,51.03,13.42,1456.77,58.87,0.963,96,96,Low
18,101,196,2.83,50.17,12.75,1458.89,57.76,0.963,95,95,Low
18,102,196,2.88,50.4,12.84,1448.02,57.7,0.963,94,94,Low
18,103,196,2.71,51.54,12.76,1451.88,58.56,0.963,93,93,Low
18,104,196,2.78,50.66,12.69,1455.06,58.94,0.963,92,92,Low
18,105,196,2.75,50.08,13.31,1459.71,58.07,0.963,91,91,Low
18,106,196,2.65,51.9,13.05,1464.1,58.56,0.963,90,90,Low
18,107,196,2.96,52.25,13.23,1454.03,59.12,0.963,89,89,Low
18,108,196,2.91,51.94,13.15,1452.07,59.53,0.963,88,88,Low
18,109,196,3.0,51.81,13.2,1447.81,58.0,0.963,87,87,Low
18,110,196,3.07,52.74,13.55,1455.6,58.75,0.963,86,86,Low
18,111,196,2.99,53.06,13.15,1452.78,59.47,0.963,85,85,Low
18,112,196,3.05,51.55,13.53,1449.82,58.98,0.963,84,84,Low
18,113,196,3.1,52.68,13.38,1441.86,58.96,0.963,83,83,Low
18,114,196,3.18,52.23,13.05,1455.71,58.7,0.963,82,82,Low
18,115,196,3.17,53.08,14.03,1457.98,60.82,0.963,81,81,Low
18,116,196,3.28,52.93,13.1,1452.3,60.28,0.963,80,80,Low
18,117,196,3.17,52.63,13.39,1449.54,59.42,0.963,79,79,Low
18,118,196,3.11,52.07,13.44,1446.84,58.64,0.963,78,78,Low
18,119,196,3.2,54.2,13.13,1442.95,58.75,0.963,77,77,Low
18,120,196,3.36,53.38,13.5,1451.11,60.91,0.963,76,76,Low
18,121,196,3.25,54.37,13.4,1438.06,60.25,0.963,75,75,Low
18,122,196,3.24,54.7,13.27,1431.24,59.13,0.963,74,74,Low
18,123,196,3.42,54.14,13.64,1446.95,59.84,0.963,73,73,Low
18,124,196,3.56,54.03,13.45,1431.22,60.19,0.963,72,72,Low
18,125,196,3.54,55.07,13.46,1447.16,59.81,0.963,71,71,Low
18,126,196,3.62,54.42,13.62,1439.2,59.86,0.963,70,70,Low
18,127,196,3.85,53.95,13.23,1439.64,61.23,0.963,69,69,Low
18,128,196,3.69,54.52,13.57,1438.72,61.72,0.963,68,68,Low
18,129,196,3.45,55.09,14.11,1441.06,61.54,0.963,67,67,Low
18,130,196,3.69,53.97,14.29,1432.53,61.64,0.963,66,66,Low
18,131,196,3.64,54.01,14.05,1432.95,60.25,0.963,65,65,Low
18,132,196,3.79,55.58,13.65,1432.22,61.48,0.963,64,64,Low
18,133,196,3.79,55.88,13.95,1441.23,61.71,0.963,63,63,Low
18,134,196,3.85,56.11,13.52,1440.98,60.69,0.963,62,62,Low
18,135,196,3.7,56.73,14.03,1437.12,62.04,0.963,61,61,Low
18,136,196,3.98,57.24,13.8,1427.34,61.1,0.963,60,60,Low
18,137,196,3.98,57.81,14.14,1419.22,62.62,0.963,59,59,Low
18,138,196,4.45,58.12,13.98,1438.23,62.23,0.963,58,58,Low
18,139,196,4.21,56.58,14.42,1442.01,61.52,0.963,57,57,Low
18,140,196,4.01,57.16,14.14,1428.31,62.82,0.963,56,56,Low
18,141,196,3.95,58.3,14.07,1439.35,61.93,0.963,55,55,Low
18,142,196,4.3,57.37,14.4,1429.42,63.49,0.963,54,54,Low
18,143,196,4.35,57.25,14.25,1438.56,62.73,0.963,53,53,Low
18,144,196,4.57,60.24,14.36,1427.65,62.55,0.963,52,52,Low
18,145,196,4.42,60.15,14.65,1419.22,63.03,0.963,51,51,Low
18,146,196,4.43,58.58,14.88,1411.08,62.64,0.963,50,50,Low
18,147,196,4.66,58.83,14.46,1419.03,64.62,0.963,49,49,Low
18,148,196,4.8,58.7,15.04,1423.93,63.24,0.963,48,48,Low
18,149,196,4.73,58.98,14.86,1412.42,63.6,0.963,47,47,Low
18,150,196,4.5,59.09,14.62,1417.81,62.9,0.963,46,46,Low
18,151,196,4.78,59.31,14.4,1418.16,64.33,0.963,45,45,Low
18,152,196,4.96,60.68,14.31,1416.55,63.84,0.963,44,44,Low
18,153,196,4.71,60.16,15.04,1420.55,63.68,0.963,43,43,Low
18,154,196,4.87,60.78,15.02,1416.25,64.51,0.963,42,42,Low
18,155,196,5.07,61.45,14.89,1405.03,65.28,0.963,41,41,Low
18,156,196,4.91,61.07,15.14,1430.79,64.81,0.963,40,40,Medium
18,157,196,5.26,62.43,15.1,1415.58,65.34,0.963,39,39,Medium
18,158,196,5.1,62.29,15.11,1416.63,66.04,0.963,38,38,Medium
18,159,196,5.31,62.71,14.96,1409.59,64.15,0.963,37,37,Medium
18,160,196,5.21,62.63,15.3,1404.43,65.59,0.963,36,36,Medium
18,161,196,5.18,62.03,15.57,1410.25,64.93,0.963,35,35,Medium
18,162,196,5.36,61.46,15.28,1408.69,66.83,0.963,34,34,Medium
18,163,196,5.29,63.23,15.55,1397.97,66.93,0.963,33,33,Medium
18,164,196,5.4,63.65,15.34,1403.28,66.2,0.963,32,32,Medium
18,165,196,5.54,63.41,15.35,1401.59,67.71,0.963,31,31,Medium
18,166,196,5.69,63.39,15.59,1399.19,66.24,0.963,30,30,Medium
18,167,196,5.79,63.86,15.9,1410.4,68.08,0.963,29,29,Medium
18,168,196,5.69,63.05,16.25,1395.4,66.68,0.963,28,28,Medium
18,169,196,5.76,65.1,15.96,1405.26,68.2,0.963,27,27,Medium
18,170,196,5.84,65.25,15.89,1388.23,67.24,0.963,26,26,Medium
18,171,196,5.81,65.39,15.45,1394.75,67.97,0.963,25,25,Medium
18,172,196,6.28,67.11,15.99,1399.53,67.52,0.963,24,24,Medium
18,173,196,6.06,66.1,15.5,1393.21,67.91,0.963,23,23,Medium
18,174,196,5.93,67.31,16.19,1385.89,68.3,0.963,22,22,Medium
18,175,196,6.36,67.84,16.11,1407.17,68.17,0.963,21,21,Medium
18,176,196,6.37,66.78,16.09,1390.52,68.04,0.963,20,20,Medium
18,177,196,6.36,67.95,16.32,1393.91,68.76,0.963,19,19,Medium
18,178,196,6.58,67.85,16.56,1379.9,69.14,0.963,18,18,Medium
18,179,196,6.58,68.49,16.46,1391.68,69.78,0.963,17,17,Medium
18,180,196,6.65,67.94,15.88,1399.97,69.32,0.963,16,16,Medium
18,181,196,6.65,68.37,16.48,1382.04,69.62,0.963,15,15,High
18,182,196,6.69,69.0,16.29,1382.54,69.49,0.963,14,14,High
18,183,196,6.65,70.45,16.63,1377.97,69.15,0.963,13,13,High
18,184,196,6.71,70.05,16.77,1372.0,70.26,0.963,12,12,High
18,185,196,6.84,70.44,16.56,1380.33,69.78,0.963,11,11,High
18,186,196,6.96,71.02,16.52,1378.6,70.97,0.963,10,10,High
18,187,196,7.01,70.48,16.34,1381.91,70.97,0.963,9,9,High
18,188,196,7.26,71.99,16.24,1375.36,71.06,0.963,8,8,High
18,189,196,7.31,71.84,16.87,1375.5,69.84,0.963,7,7,High
18,190,196,7.39,72.23,16.92,1373.67,71.49,0.963,6,6,High
18,191,196,7.29,71.48,16.93,1382.57,70.31,0.963,5,5,High
18,192,196,7.54,72.69,16.84,1371.12,72.22,0.963,4,4,High
18,193,196,7.71,72.95,17.28,1369.65,71.64,0.963,3,3,High
18,194,196,7.58,72.24,16.99,1387.01,71.13,0.963,2,2,High
18,195,196,7.7,72.75,17.13,1355.87,72.11,0.963,1,1,High
18,196,196,7.73,71.93,17.69,1355.78,71.97,0.963,0,0,High
19,1,162,1.63,46.24,12.04,1483.99,54.68,1.042,161,130,Low
19,2,162,1.5,46.1,11.75,1488.0,55.63,1.042,160,130,Low
19,3,162,1.29,45.14,12.28,1478.77,55.32,1.042,159,130,Low
19,4,162,1.33,45.58,12.11,1487.15,54.39,1.042,158,130,Low
19,5,162,1.52,45.4,11.93,1480.7,55.78,1.042,157,130,Low
19,6,162,1.5,44.12,12.02,1477.36,54.66,1.042,156,130,Low
19,7,162,1.62,44.94,11.78,1472.66,54.94,1.042,155,130,Low
19,8,162,1.62,45.3,12.13,1472.33,55.43,1.042,154,130,Low
19,9,162,1.44,45.81,12.28,1479.24,54.15,1.042,153,130,Low
19,10,162,1.61,45.13,11.96,1475.15,54.56,1.042,152,130,Low
19,11,162,1.52,44.93,12.23,1467.5,54.96,1.042,151,130,Low
19,12,162,1.68,45.5,11.7,1483.09,54.63,1.042,150,130,Low
19,13,162,1.42,44.46,11.71,1478.15,55.17,1.042,149,130,Low
19,14,162,1.46,44.39,12.01,1473.25,54.84,1.042,148,130,Low
19,15,162,1.46,45.71,11.99,1495.27,55.01,1.042,147,130,Low
19,16,162,1.65,45.01,11.98,1467.95,55.39,1.042,146,130,Low
19,17,162,1.43,44.88,12.04,1484.11,53.92,1.042,145,130,Low
19,18,162,1.53,45.18,11.8,1477.04,54.97,1.042,144,130,Low
19,19,162,1.58,44.4,11.86,1484.12,54.96,1.042,143,130,Low
19,20,162,1.39,46.21,12.11,1479.51,54.75,1.042,142,130,Low
19,21,162,1.68,44.35,11.95,1484.24,55.02,1.042,141,130,Low
19,22,162,1.5,45.74,12.14,1478.54,54.59,1.042,140,130,Low
19,23,162,1.56,44.81,12.21,1476.72,55.91,1.042,139,130,Low
19,24,162,1.81,46.83,12.07,1476.92,54.63,1.042,138,130,Low
19,25,162,1.5,45.17,11.47,1474.5,54.53,1.042,137,130,Low
19,26,162,1.44,44.99,12.57,1474.71,56.61,1.042,136,130,Low
19,27,162,1.5,44.74,12.17,1480.12,56.14,1.042,135,130,Low
19,28,162,1.59,45.76,11.99,1471.64,55.35,1.042,134,130,Low
19,29,162,1.8,45.99,12.08,1476.66,54.89,1.042,133,130,Low
19,30,162,1.84,45.56,12.04,1471.41,54.85,1.042,132,130,Low
19,31,162,1.57,46.01,12.2,1462.04,54.91,1.042,131,130,Low
19,32,162,1.74,46.41,12.52,1484.62,55.67,1.042,130,130,Low
19,33,162,1.6,45.87,12.24,1478.37,55.46,1.042,129,129,Low
19,34,162,1.65,45.86,12.21,1479.48,55.17,1.042,128,128,Low
19,35,162,1.61,46.2,11.88,1475.63,55.63,1.042,127,127,Low
19,36,162,1.86,45.34,11.72,1472.71,56.19,1.042,126,126,Low
19,37,162,1.6,46.73,11.65,1468.36,55.19,1.042,125,125,Low
19,38,162,1.71,46.91,11.79,1476.23,55.97,1.042,124,124,Low
19,39,162,1.8,45.95,12.26,1473.98,55.95,1.042,123,123,Low
19,40,162,1.82,45.87,12.49,1476.31,55.15,1.042,122,122,Low
19,41,162,1.79,46.9,12.16,1478.19,55.35,1.042,121,121,Low
19,42,162,1.8,45.44,11.97,1485.28,55.97,1.042,120,120,Low
19,43,162,1.61,45.9,12.01,1479.55,55.35,1.042,119,119,Low
19,44,162,1.63,45.91,11.7,1473.0,54.77,1.042,118,118,Low
19,45,162,1.67,46.83,12.56,1479.48,56.23,1.042,117,117,Low
19,46,162,1.52,45.68,12.42,1479.32,55.62,1.042,116,116,Low
19,47,162,1.72,47.03,12.0,1471.16,55.19,1.042,115,115,Low
19,48,162,1.59,46.6,12.53,1477.37,55.45,1.042,114,114,Low
19,49,162,1.91,45.76,11.58,1470.82,56.24,1.042,113,113,Low
19,50,162,1.66,46.39,12.32,1475.06,56.9,1.042,112,112,Low
19,51,162,1.77,46.1,12.37,1479.37,56.15,1.042,111,111,Low
19,52,162,1.84,46.63,12.71,1477.3,56.46,1.042,110,110,Low
19,53,162,1.94,47.78,12.52,1474.44,55.95,1.042,109,109,Low
19,54,162,1.91,47.25,11.95,1467.68,55.56,1.042,108,108,Low
19,55,162,2.01,48.35,12.6,1472.77,55.47,1.042,107,107,Low
19,56,162,2.2,47.64,12.69,1473.34,56.74,1.042,106,106,Low
19,57,162,2.14,46.97,12.61,1458.29,56.96,1.042,105,105,Low
19,58,162,2.11,47.46,12.68,1488.4,56.76,1.042,104,104,Low
19,59,162,2.06,46.97,12.5,1466.91,57.15,1.042,103,103,Low
19,60,162,2.04,47.87,12.61,1471.82,56.68,1.042,102,102,Low
19,61,162,2.12,47.44,12.63,1471.23,56.56,1.042,101,101,Low
19,62,162,2.06,49.36,12.5,1478.7,57.37,1.042,100,100,Low
19,63,162,2.06,48.24,12.48,1468.29,56.95,1.042,99,99,Low
19,64,162,2.38,47.83,12.9,1463.53,56.98,1.042,98,98,Low
19,65,162,2.26,48.4,12.14,1465.99,56.2,1.042,97,97,Low
19,66,162,2.25,48.41,12.45,1473.62,57.53,1.042,96,96,Low
19,67,162,2.2,50.62,12.67,1473.28,56.96,1.042,95,95,Low
19,68,162,2.11,49.56,12.81,1454.98,57.25,1.042,94,94,Low
19,69,162,2.3,49.3,12.77,1467.12,58.07,1.042,93,93,Low
19,70,162,2.26,48.59,12.64,1466.28,57.18,1.042,92,92,Low
19,71,162,2.33,48.35,12.54,1465.7,57.04,1.042,91,91,Low
19,72,162,2.39,49.93,12.89,1470.45,56.45,1.042,90,90,Low
19,73,162,2.35,49.04,12.83,1463.68,57.24,1.042,89,89,Low
19,74,162,2.53,49.7,12.55,1465.25,57.01,1.042,88,88,Low
19,75,162,2.7,49.42,12.84,1467.32,57.24,1.042,87,87,Low
19,76,162,2.34,49.38,13.22,1465.75,57.21,1.042,86,86,Low
19,77,162,2.48,50.87,13.37,1454.28,57.81,1.042,85,85,Low
19,78,162,2.59,48.63,13.06,1464.82,58.19,1.042,84,84,Low
19,79,162,2.54,50.14,13.09,1456.7,57.92,1.042,83,83,Low
19,80,162,2.64,51.18,13.32,1462.9,58.23,1.042,82,82,Low
19,81,162,2.74,50.84,12.82,1465.45,57.95,1.042,81,81,Low
19,82,162,2.76,49.96,12.92,1462.56,58.13,1.042,80,80,Low
19,83,162,2.61,49.19,12.84,1452.96,58.5,1.042,79,79,Low
19,84,162,2.67,50.94,12.91,1457.62,58.63,1.042,78,78,Low
19,85,162,2.77,50.61,13.09,1455.9,58.35,1.042,77,77,Low
19,86,162,2.96,50.97,12.9,1457.45,58.06,1.042,76,76,Low
19,87,162,3.1,51.35,13.17,1463.65,58.34,1.042,75,75,Low
19,88,162,3.11,51.92,13.31,1459.94,60.05,1.042,74,74,Low
19,89,162,3.08,52.37,13.24,1445.99,58.48,1.042,73,73,Low
19,90,162,3.17,52.22,13.11,1449.75,59.58,1.042,72,72,Low
19,91,162,3.07,52.66,13.53,1457.78,58.8,1.042,71,71,Low
19,92,162,3.11,52.73,13.41,1453.2,58.57,1.042,70,70,Low
19,93,162,3.07,53.61,13.86,1448.73,59.02,1.042,69,69,Low
19,94,162,3.05,53.54,13.9,1453.55,59.55,1.042,68,68,Low
19,95,162,3.34,51.96,13.31,1445.41,59.5,1.042,67,67,Low
19,96,162,3.15,54.34,13.7,1437.92,61.46,1.042,66,66,Low
19,97,162,3.58,53.78,13.63,1435.41,60.94,1.042,65,65,Low
19,98,162,3.39,54.72,13.73,1443.77,60.12,1.042,64,64,Low
19,99,162,3.3,54.26,13.66,1439.79,59.05,1.042,63,63,Low
19,100,162,3.38,54.53,13.86,1454.09,59.94,1.042,62,62,Low
19,101,162,3.49,54.75,13.67,1434.25,61.17,1.042,61,61,Low
19,102,162,3.72,54.39,13.64,1449.84,60.71,1.042,60,60,Low
19,103,162,3.51,55.22,13.32,1439.48,60.86,1.042,59,59,Low
19,104,162,3.7,55.03,14.23,1433.75,60.8,1.042,58,58,Low
19,105,162,3.79,55.54,13.93,1438.88,61.15,1.042,57,57,Low
19,106,162,3.71,55.46,14.24,1438.36,61.94,1.042,56,56,Low
19,107,162,3.78,57.24,14.28,1431.94,61.12,1.042,55,55,Low
19,108,162,3.92,57.71,14.45,1420.99,62.56,1.042,54,54,Low
19,109,162,4.19,56.1,14.29,1432.11,62.22,1.042,53,53,Low
19,110,162,4.17,56.47,13.7,1438.7,62.33,1.042,52,52,Low
19,111,162,3.92,58.06,14.5,1423.38,62.53,1.042,51,51,Low
19,112,162,4.12,57.42,14.58,1432.6,62.65,1.042,50,50,Low
19,113,162,4.21,58.28,14.51,1436.51,63.51,1.042,49,49,Low
19,114,162,4.25,58.23,13.95,1435.55,61.99,1.042,48,48,Low
19,115,162,4.43,56.97,14.5,1415.56,63.14,1.042,47,47,Low
19,116,162,4.49,57.97,14.79,1430.13,62.43,1.042,46,46,Low
19,117,162,4.39,59.97,14.18,1432.44,63.59,1.042,45,45,Low
19,118,162,4.41,58.24,14.69,1424.32,63.36,1.042,44,44,Low
19,119,162,4.76,60.16,14.39,1415.95,63.14,1.042,43,43,Low
19,120,162,4.6,59.16,14.84,1407.36,64.62,1.042,42,42,Low
19,121,162,4.84,59.55,14.96,1422.47,63.73,1.042,41,41,Low
19,122,162,5.01,60.23,14.78,1421.56,63.76,1.042,40,40,Medium
19,123,162,5.05,61.78,14.63,1422.41,65.25,1.042,39,39,Medium
19,124,162,4.98,62.1,15.32,1417.84,65.36,1.042,38,38,Medium
19,125,162,5.2,61.26,14.92,1426.42,64.4,1.042,37,37,Medium
19,126,162,5.29,61.56,15.23,1413.94,64.68,1.042,36,36,Medium
19,127,162,5.26,62.51,14.97,1414.7,64.94,1.042,35,35,Medium
19,128,162,5.29,61.55,14.97,1420.4,66.08,1.042,34,34,Medium
19,129,162,5.32,62.99,15.28,1409.83,66.54,1.042,33,33,Medium
19,130,162,5.45,62.62,14.94,1399.12,66.8,1.042,32,32,Medium
19,131,162,5.54,64.15,15.52,1403.12,65.74,1.042,31,31,Medium
19,132,162,5.54,62.06,15.0,1401.9,65.65,1.042,30,30,Medium
19,133,162,5.59,64.44,15.98,1411.51,65.95,1.042,29,29,Medium
19,134,162,5.59,64.78,15.51,1403.41,66.73,1.042,28,28,Medium
19,135,162,5.86,63.25,15.67,1390.72,67.43,1.042,27,27,Medium
19,136,162,5.82,64.61,15.86,1403.82,67.12,1.042,26,26,Medium
19,137,162,6.06,64.62,15.87,1401.07,67.18,1.042,25,25,Medium
19,138,162,6.13,66.57,16.26,1394.23,66.99,1.042,24,24,Medium
19,139,162,6.04,66.66,16.0,1395.86,67.17,1.042,23,23,Medium
19,140,162,6.19,67.6,16.18,1388.22,68.28,1.042,22,22,Medium
19,141,162,6.22,67.19,15.89,1388.6,67.89,1.042,21,21,Medium
19,142,162,6.33,66.75,16.34,1388.88,68.88,1.042,20,20,Medium
19,143,162,6.46,67.78,15.85,1381.06,68.55,1.042,19,19,Medium
19,144,162,6.4,68.77,16.14,1380.93,68.8,1.042,18,18,Medium
19,145,162,6.67,68.46,16.81,1391.76,69.18,1.042,17,17,Medium
19,146,162,6.64,67.96,16.53,1389.59,69.37,1.042,16,16,Medium
19,147,162,6.72,69.41,16.31,1381.26,70.0,1.042,15,15,High
19,148,162,6.87,70.29,16.79,1373.97,69.36,1.042,14,14,High
19,149,162,7.0,68.13,16.88,1376.25,70.27,1.042,13,13,High
19,150,162,7.17,69.31,17.0,1380.11,69.02,1.042,12,12,High
19,151,162,7.05,72.9,16.97,1381.76,70.69,1.042,11,11,High
19,152,162,7.4,70.3,16.67,1383.76,71.57,1.042,10,10,High
19,153,162,7.34,72.57,16.79,1363.56,71.77,1.042,9,9,High
19,154,162,7.43,72.68,17.19,1372.32,72.23,1.042,8,8,High
19,155,162,7.5,72.61,17.32,1374.9,71.11,1.042,7,7,High
19,156,162,7.48,72.87,17.25,1367.78,71.41,1.042,6,6,High
19,157,162,7.79,75.16,16.74,1366.11,72.43,1.042,5,5,High
19,158,162,7.81,74.79,17.58,1355.15,72.68,1.042,4,4,High
19,159,162,8.04,74.7,17.58,1364.27,73.63,1.042,3,3,High
19,160,162,8.14,75.86,17.89,1359.92,74.2,1.042,2,2,High
19,161,162,8.02,76.02,17.72,1358.75,73.1,1.042,1,1,High
19,162,162,8.32,75.51,17.63,1349.62,74.23,1.042,0,0,High
20,1,315,1.51,45.55,12.14,1481.45,55.02,1.214,314,130,Low
20,2,315,1.44,45.0,11.8,1483.27,55.37,1.214,313,130,Low
20,3,315,1.43,44.16,12.14,1478.95,54.48,1.214,312,130,Low
20,4,315,1.49,44.9,11.89,1478.91,55.65,1.214,311,130,Low
20,5,315,1.27,47.4,12.12,1489.06,54.86,1.214,310,130,Low
20,6,315,1.4,43.97,11.99,1482.68,54.26,1.214,309,130,Low
20,7,315,1.49,45.54,12.02,1477.62,55.39,1.214,308,130,Low
20,8,315,1.48,45.21,12.09,1484.32,54.3,1.214,307,130,Low
20,9,315,1.35,45.16,11.84,1488.03,55.65,1.214,306,130,Low
20,10,315,1.65,45.95,11.94,1480.94,54.89,1.214,305,130,Low
20,11,315,1.46,45.61,12.1,1472.29,53.89,1.214,304,130,Low
20,12,315,1.4,45.4,12.21,1468.97,53.43,1.214,303,130,Low
20,13,315,1.49,44.41,11.88,1476.82,54.58,1.214,302,130,Low
20,14,315,1.55,45.51,12.19,1486.18,55.85,1.214,301,130,Low
20,15,315,1.65,44.55,12.06,1471.97,54.36,1.214,300,130,Low
20,16,315,1.4,45.16,11.79,1477.41,53.67,1.214,299,130,Low
20,17,315,1.52,44.59,12.37,1485.45,53.73,1.214,298,130,Low
20,18,315,1.67,46.4,12.13,1490.93,55.96,1.214,297,130,Low
20,19,315,1.38,44.47,12.28,1481.1,53.94,1.214,296,130,Low
20,20,315,1.41,45.85,12.05,1476.23,55.26,1.214,295,130,Low
20,21,315,1.53,45.11,12.22,1467.73,55.34,1.214,294,130,Low
20,22,315,1.5,45.04,12.1,1480.72,54.02,1.214,293,130,Low
20,23,315,1.55,43.84,11.73,1474.28,54.1,1.214,292,130,Low
20,24,315,1.56,44.33,11.69,1477.37,55.84,1.214,291,130,Low
20,25,315,1.38,47.47,12.08,1487.73,54.67,1.214,290,130,Low
20,26,315,1.54,44.85,12.04,1484.07,54.92,1.214,289,130,Low
20,27,315,1.41,46.2,12.05,1481.31,55.11,1.214,288,130,Low
20,28,315,1.34,44.35,11.81,1482.06,55.19,1.214,287,130,Low
20,29,315,1.76,46.0,12.03,1478.27,55.35,1.214,286,130,Low
20,30,315,1.51,44.76,11.92,1482.7,54.86,1.214,285,130,Low
20,31,315,1.44,45.53,11.77,1485.15,54.61,1.214,284,130,Low
20,32,315,1.5,44.94,11.79,1480.74,55.05,1.214,283,130,Low
20,33,315,1.5,45.23,11.8,1469.0,54.87,1.214,282,130,Low
20,34,315,1.56,44.38,12.08,1477.39,55.98,1.214,281,130,Low
20,35,315,1.53,44.96,11.9,1474.0,54.31,1.214,280,130,Low
20,36,315,1.34,44.41,12.26,1479.03,53.41,1.214,279,130,Low
20,37,315,1.28,45.64,12.34,1469.17,54.2,1.214,278,130,Low
20,38,315,1.79,45.51,11.89,1488.81,56.17,1.214,277,130,Low
20,39,315,1.45,45.3,11.96,1479.3,55.05,1.214,276,130,Low
20,40,315,1.42,44.69,11.64,1477.69,55.98,1.214,275,130,Low
20,41,315,1.63,45.83,12.19,1479.18,55.39,1.214,274,130,Low
20,42,315,1.56,44.81,11.57,1484.16,55.03,1.214,273,130,Low
20,43,315,1.5,45.34,12.2,1469.29,55.68,1.214,272,130,Low
20,44,315,1.62,45.82,11.34,1470.57,54.25,1.214,271,130,Low
20,45,315,1.71,45.75,11.91,1483.69,55.52,1.214,270,130,Low
20,46,315,1.71,43.03,12.06,1474.77,56.83,1.214,269,130,Low
20,47,315,1.36,44.39,12.08,1465.16,54.52,1.214,268,130,Low
20,48,315,1.42,45.0,12.25,1479.26,55.81,1.214,267,130,Low
20,49,315,1.58,45.51,12.07,1483.41,55.86,1.214,266,130,Low
20,50,315,1.5,44.8,12.37,1475.77,54.44,1.214,265,130,Low
20,51,315,1.55,44.78,11.98,1476.42,55.43,1.214,264,130,Low
20,52,315,1.64,46.28,11.9,1483.02,55.43,1.214,263,130,Low
20,53,315,1.43,45.98,12.43,1473.29,56.09,1.214,262,130,Low
20,54,315,1.55,45.42,12.74,1472.35,54.24,1.214,261,130,Low
20,55,315,1.65,46.34,12.36,1481.02,54.94,1.214,260,130,Low
20,56,315,1.53,47.31,11.81,1484.57,54.41,1.214,259,130,Low
20,57,315,1.58,45.38,11.8,1478.5,55.81,1.214,258,130,Low
20,58,315,1.47,44.94,11.9,1476.79,55.98,1.214,257,130,Low
20,59,315,1.62,44.87,12.14,1468.04,55.61,1.214,256,130,Low
20,60,315,1.84,44.48,12.6,1479.44,55.18,1.214,255,130,Low
20,61,315,1.78,45.12,12.48,1471.3,55.27,1.214,254,130,Low
20,62,315,1.53,44.45,12.39,1486.78,55.46,1.214,253,130,Low
20,63,315,1.69,47.06,11.87,1482.41,55.29,1.214,252,130,Low
20,64,315,1.49,45.37,12.53,1484.92,54.73,1.214,251,130,Low
20,65,315,1.78,45.38,12.07,1485.44,56.19,1.214,250,130,Low
20,66,315,1.86,43.89,11.72,1473.06,55.75,1.214,249,130,Low
20,67,315,1.53,46.52,11.98,1472.21,54.85,1.214,248,130,Low
20,68,315,1.55,47.88,11.9,1466.44,55.04,1.214,247,130,Low
20,69,315,1.76,45.6,12.16,1464.18,55.08,1.214,246,130,Low
20,70,315,1.64,45.22,12.4,1474.93,55.12,1.214,245,130,Low
20,71,315,1.6,44.41,12.33,1474.77,56.53,1.214,244,130,Low
20,72,315,1.75,45.24,12.16,1476.25,55.05,1.214,243,130,Low
20,73,315,1.6,45.19,12.12,1460.29,54.99,1.214,242,130,Low
20,74,315,1.96,46.24,12.15,1475.87,55.58,1.214,241,130,Low
20,75,315,1.77,46.04,12.11,1477.07,55.53,1.214,240,130,Low
20,76,315,1.78,45.23,12.43,1475.41,55.0,1.214,239,130,Low
20,77,315,1.86,46.98,12.56,1481.54,56.28,1.214,238,130,Low
20,78,315,1.69,46.71,12.45,1469.3,56.66,1.214,237,130,Low
20,79,315,1.65,45.53,12.42,1484.71,56.36,1.214,236,130,Low
20,80,315,1.72,45.69,12.11,1462.65,56.11,1.214,235,130,Low
20,81,315,1.69,46.07,12.28,1480.31,55.92,1.214,234,130,Low
20,82,315,1.72,46.18,12.4,1472.87,54.58,1.214,233,130,Low
20,83,315,1.75,46.14,12.16,1483.44,56.29,1.214,232,130,Low
20,84,315,1.76,45.66,12.48,1475.14,55.4,1.214,231,130,Low
20,85,315,1.74,45.73,12.47,1473.33,55.02,1.214,230,130,Low
20,86,315,1.85,45.27,12.4,1481.58,55.33,1.214,229,130,Low
20,87,315,1.91,46.53,12.42,1473.68,55.95,1.214,228,130,Low
20,88,315,1.77,47.31,12.13,1474.69,56.14,1.214,227,130,Low
20,89,315,1.9,47.12,12.14,1471.18,57.1,1.214,226,130,Low
20,90,315,1.74,47.02,12.53,1476.65,55.76,1.214,225,130,Low
20,91,315,1.85,46.85,12.45,1481.6,56.03,1.214,224,130,Low
20,92,315,2.04,47.4,12.09,1476.93,55.97,1.214,223,130,Low
20,93,315,1.76,45.7,12.21,1480.07,56.21,1.214,222,130,Low
20,94,315,1.95,47.29,12.48,1472.09,55.67,1.214,221,130,Low
20,95,315,1.92,46.15,12.31,1469.12,56.53,1.214,220,130,Low
20,96,315,1.98,45.38,12.38,1471.58,56.22,1.214,219,130,Low
20,97,315,1.89,48.26,12.55,1478.07,56.27,1.214,218,130,Low
20,98,315,1.8,47.28,11.97,1467.82,55.84,1.214,217,130,Low
20,99,315,2.13,46.97,12.1,1467.09,56.58,1.214,216,130,Low
20,100,315,2.08,46.25,12.45,1475.83,57.1,1.214,215,130,Low
20,101,315,1.92,46.57,12.47,1472.98,55.87,1.214,214,130,Low
20,102,315,2.1,47.84,12.4,1485.51,56.91,1.214,213,130,Low
20,103,315,2.06,46.31,12.7,1456.44,56.08,1.214,212,130,Low
20,104,315,1.93,47.6,12.07,1469.33,56.12,1.214,211,130,Low
20,105,315,2.1,46.61,12.87,1481.4,57.27,1.214,210,130,Low
20,106,315,1.83,48.28,12.51,1477.42,57.47,1.214,209,130,Low
20,107,315,2.03,46.3,12.0,1461.53,56.98,1.214,208,130,Low
20,108,315,2.29,48.24,12.51,1466.05,56.84,1.214,207,130,Low
20,109,315,1.79,47.78,12.26,1481.33,56.51,1.214,206,130,Low
20,110,315,2.11,45.72,12.56,1460.53,56.4,1.214,205,130,Low
20,111,315,2.27,47.16,12.58,1457.07,55.92,1.214,204,130,Low
20,112,315,1.96,47.27,12.42,1467.44,57.07,1.214,203,130,Low
20,113,315,2.29,49.06,12.52,1471.58,55.99,1.214,202,130,Low
20,114,315,2.28,48.16,12.53,1466.13,57.03,1.214,201,130,Low
20,115,315,2.11,48.03,12.41,1467.54,57.1,1.214,200,130,Low
20,116,315,2.14,46.93,12.6,1466.05,56.91,1.214,199,130,Low
20,117,315,2.35,47.4,12.52,1461.7,56.56,1.214,198,130,Low
20,118,315,2.3,48.69,12.83,1469.33,56.51,1.214,197,130,Low
20,119,315,1.96,48.55,12.75,1463.94,56.87,1.214,196,130,Low
20,120,315,2.0,49.02,12.22,1462.36,56.02,1.214,195,130,Low
20,121,315,2.33,48.12,12.66,1470.44,57.09,1.214,194,130,Low
20,122,315,2.13,47.45,13.02,1466.61,58.19,1.214,193,130,Low
20,123,315,2.2,47.14,13.17,1450.93,57.57,1.214,192,130,Low
20,124,315,2.13,48.39,12.74,1455.04,56.84,1.214,191,130,Low
20,125,315,2.39,48.87,12.23,1453.1,55.98,1.214,190,130,Low
20,126,315,2.23,49.26,12.69,1472.32,57.9,1.214,189,130,Low
20,127,315,2.28,48.76,12.71,1458.23,57.4,1.214,188,130,Low
20,128,315,2.33,48.99,12.6,1457.95,56.93,1.214,187,130,Low
20,129,315,2.5,49.33,12.91,1462.0,57.65,1.214,186,130,Low
20,130,315,2.12,48.23,12.34,1467.37,56.7,1.214,185,130,Low
20,131,315,2.26,47.97,12.77,1469.63,56.39,1.214,184,130,Low
20,132,315,2.38,48.02,12.9,1462.79,57.06,1.214,183,130,Low
20,133,315,2.42,48.64,12.91,1456.61,57.98,1.214,182,130,Low
20,134,315,2.38,48.62,12.38,1468.52,57.73,1.214,181,130,Low
20,135,315,2.45,49.33,12.79,1457.26,58.42,1.214,180,130,Low
20,136,315,2.42,48.41,13.16,1475.18,57.15,1.214,179,130,Low
20,137,315,2.47,50.4,12.72,1459.19,58.28,1.214,178,130,Low
20,138,315,2.43,48.41,12.81,1463.58,57.44,1.214,177,130,Low
20,139,315,2.35,49.52,12.48,1461.46,56.07,1.214,176,130,Low
20,140,315,2.65,49.44,13.41,1460.36,57.23,1.214,175,130,Low
20,141,315,2.52,50.03,12.52,1465.91,58.15,1.214,174,130,Low
20,142,315,2.56,48.59,13.15,1458.76,58.07,1.214,173,130,Low
20,143,315,2.53,48.97,12.73,1469.05,58.49,1.214,172,130,Low
20,144,315,2.46,48.82,12.87,1460.31,57.81,1.214,171,130,Low
20,145,315,2.55,49.98,12.84,1456.47,58.48,1.214,170,130,Low
20,146,315,2.61,48.87,12.99,1458.75,57.14,1.214,169,130,Low
20,147,315,2.73,48.84,12.89,1464.86,58.69,1.214,168,130,Low
20,148,315,2.6,50.57,12.73,1461.11,57.9,1.214,167,130,Low
20,149,315,2.82,51.28,12.85,1457.96,58.61,1.214,166,130,Low
20,150,315,2.54,50.0,12.32,1463.85,58.48,1.214,165,130,Low
20,151,315,2.67,50.15,12.96,1448.8,58.3,1.214,164,130,Low
20,152,315,2.86,51.11,12.68,1455.39,57.98,1.214,163,130,Low
20,153,315,2.84,50.52,13.31,1456.11,58.6,1.214,162,130,Low
20,154,315,2.66,53.11,13.27,1457.43,59.07,1.214,161,130,Low
20,155,315,2.89,50.48,13.48,1455.82,59.11,1.214,160,130,Low
20,156,315,2.92,52.18,12.67,1458.48,58.99,1.214,159,130,Low
20,157,315,2.83,51.99,13.18,1466.01,58.59,1.214,158,130,Low
20,158,315,2.61,51.79,13.59,1455.61,59.31,1.214,157,130,Low
20,159,315,2.92,51.85,12.83,1444.38,59.26,1.214,156,130,Low
20,160,315,2.88,52.37,12.97,1447.89,60.13,1.214,155,130,Low
20,161,315,3.06,50.94,13.22,1437.05,58.91,1.214,154,130,Low
20,162,315,2.85,51.65,12.91,1454.95,58.85,1.214,153,130,Low
20,163,315,3.04,52.0,13.56,1452.08,59.59,1.214,152,130,Low
20,164,315,3.1,53.2,13.03,1453.05,59.32,1.214,151,130,Low
20,165,315,3.11,53.69,13.36,1437.7,59.49,1.214,150,130,Low
20,166,315,3.14,51.98,13.08,1451.8,59.29,1.214,149,130,Low
20,167,315,3.21,52.39,13.31,1452.74,60.16,1.214,148,130,Low
20,168,315,3.06,54.09,13.04,1451.59,60.51,1.214,147,130,Low
20,169,315,3.1,53.28,13.45,1447.49,59.45,1.214,146,130,Low
20,170,315,3.36,52.17,13.19,1449.88,59.99,1.214,145,130,Low
20,171,315,3.09,53.45,13.76,1450.0,60.73,1.214,144,130,Low
20,172,315,3.31,52.92,13.11,1445.42,59.12,1.214,143,130,Low
20,173,315,3.36,52.76,13.84,1449.43,59.93,1.214,142,130,Low
20,174,315,3.29,52.47,13.38,1439.96,59.44,1.214,141,130,Low
20,175,315,3.13,54.61,13.78,1435.23,61.01,1.214,140,130,Low
20,176,315,3.49,53.58,13.39,1436.87,59.92,1.214,139,130,Low
20,177,315,3.32,53.66,13.9,1444.3,60.98,1.214,138,130,Low
20,178,315,3.31,52.43,13.56,1442.15,59.65,1.214,137,130,Low
20,179,315,3.48,55.26,14.02,1442.59,60.5,1.214,136,130,Low
20,180,315,3.28,53.53,13.45,1441.51,59.19,1.214,135,130,Low
20,181,315,3.61,53.55,13.6,1433.74,59.69,1.214,134,130,Low
20,182,315,3.46,55.98,13.67,1452.68,60.43,1.214,133,130,Low
20,183,315,3.49,54.73,14.14,1435.13,59.86,1.214,132,130,Low
20,184,315,3.47,53.68,13.64,1441.81,60.59,1.214,131,130,Low
20,185,315,3.67,53.86,13.85,1441.98,60.74,1.214,130,130,Low
20,186,315,3.65,55.23,13.77,1442.09,61.04,1.214,129,129,Low
20,187,315,3.39,55.2,13.34,1452.43,60.37,1.214,128,128,Low
20,188,315,3.54,55.55,13.52,1432.96,61.54,1.214,127,127,Low
20,189,315,3.76,55.92,13.54,1436.71,61.19,1.214,126,126,Low
20,190,315,3.81,55.9,13.5,1438.12,62.31,1.214,125,125,Low
20,191,315,3.75,56.17,13.63,1429.52,61.82,1.214,124,124,Low
20,192,315,3.6,56.67,14.13,1440.82,61.43,1.214,123,123,Low
20,193,315,3.94,54.77,13.71,1436.13,61.61,1.214,122,122,Low
20,194,315,3.96,55.58,13.95,1440.21,62.12,1.214,121,121,Low
20,195,315,3.97,55.11,14.48,1437.29,61.32,1.214,120,120,Low
20,196,315,3.83,56.83,13.97,1432.0,61.57,1.214,119,119,Low
20,197,315,3.92,55.35,14.39,1432.5,61.53,1.214,118,118,Low
20,198,315,3.96,55.39,13.88,1446.85,62.21,1.214,117,117,Low
20,199,315,4.23,57.81,13.95,1428.08,61.56,1.214,116,116,Low
20,200,315,3.82,55.93,13.88,1424.12,60.95,1.214,115,115,Low
20,201,315,4.22,56.97,13.77,1419.36,62.14,1.214,114,114,Low
20,202,315,4.23,58.03,14.17,1420.45,62.06,1.214,113,113,Low
20,203,315,3.98,57.47,14.41,1430.43,62.92,1.214,112,112,Low
20,204,315,4.11,57.67,14.03,1435.9,62.28,1.214,111,111,Low
20,205,315,4.17,58.57,14.68,1426.07,62.83,1.214,110,110,Low
20,206,315,4.05,57.08,14.49,1431.42,63.47,1.214,109,109,Low
20,207,315,4.31,57.25,14.57,1438.53,63.06,1.214,108,108,Low
20,208,315,4.32,58.58,14.51,1424.95,63.66,1.214,107,107,Low
20,209,315,4.18,58.93,14.33,1423.22,62.88,1.214,106,106,Low
20,210,315,4.49,58.02,14.18,1419.93,63.45,1.214,105,105,Low
20,211,315,4.5,58.67,14.47,1430.07,62.44,1.214,104,104,Low
20,212,315,4.75,57.64,14.72,1420.49,64.07,1.214,103,103,Low
20,213,315,4.5,58.11,14.02,1423.44,62.45,1.214,102,102,Low
20,214,315,4.33,59.18,14.62,1416.86,64.06,1.214,101,101,Low
20,215,315,4.56,58.99,14.53,1433.54,64.1,1.214,100,100,Low
20,216,315,4.66,59.12,14.27,1425.1,64.25,1.214,99,99,Low
20,217,315,4.6,58.61,15.02,1424.4,63.99,1.214,98,98,Low
20,218,315,4.71,59.23,14.68,1433.9,62.72,1.214,97,97,Low
20,219,315,4.66,58.83,14.36,1419.24,64.99,1.214,96,96,Low
20,220,315,5.04,59.43,14.82,1404.19,63.75,1.214,95,95,Low
20,221,315,4.91,59.55,14.64,1409.13,64.27,1.214,94,94,Low
20,222,315,4.56,60.26,14.17,1415.12,62.66,1.214,93,93,Low
20,223,315,4.72,60.74,15.12,1422.0,65.02,1.214,92,92,Low
20,224,315,4.85,60.85,14.96,1408.04,64.24,1.214,91,91,Low
20,225,315,4.93,60.93,14.63,1417.86,65.48,1.214,90,90,Low
20,226,315,4.9,61.73,15.12,1419.44,63.73,1.214,89,89,Low
20,227,315,5.02,61.45,14.95,1406.75,65.34,1.214,88,88,Low
20,228,315,5.14,60.13,14.86,1413.7,64.7,1.214,87,87,Low
20,229,315,4.99,60.93,15.15,1409.78,64.9,1.214,86,86,Low
20,230,315,5.14,62.75,15.28,1412.42,65.38,1.214,85,85,Low
20,231,315,5.16,62.43,14.97,1407.59,64.51,1.214,84,84,Low
20,232,315,5.29,62.57,15.19,1414.7,64.3,1.214,83,83,Low
20,233,315,5.34,62.68,15.32,1411.86,64.67,1.214,82,82,Low
20,234,315,5.42,62.96,15.36,1414.89,65.06,1.214,81,81,Low
20,235,315,4.95,61.19,14.98,1420.97,66.54,1.214,80,80,Low
20,236,315,5.4,62.59,15.35,1394.54,64.86,1.214,79,79,Low
20,237,315,5.42,61.34,15.04,1420.53,65.69,1.214,78,78,Low
20,238,315,5.55,64.01,14.95,1413.5,66.23,1.214,77,77,Low
20,239,315,5.69,64.29,15.43,1398.83,65.66,1.214,76,76,Low
20,240,315,5.56,63.17,15.38,1400.37,65.69,1.214,75,75,Low
20,241,315,5.34,62.79,15.56,1409.88,66.01,1.214,74,74,Low
20,242,315,5.66,64.21,15.09,1405.67,65.75,1.214,73,73,Low
20,243,315,5.65,64.25,15.72,1401.27,66.36,1.214,72,72,Low
20,244,315,5.78,63.66,15.2,1405.53,65.66,1.214,71,71,Low
20,245,315,5.73,66.35,15.32,1399.55,66.55,1.214,70,70,Low
20,246,315,5.58,64.93,15.7,1402.06,67.57,1.214,69,69,Low
20,247,315,5.68,65.75,15.8,1405.38,66.21,1.214,68,68,Low
20,248,315,5.81,65.8,15.4,1411.48,66.52,1.214,67,67,Low
20,249,315,5.85,65.08,15.65,1399.43,67.98,1.214,66,66,Low
20,250,315,5.82,64.7,16.21,1404.79,68.69,1.214,65,65,Low
20,251,315,5.85,65.45,16.02,1387.87,67.13,1.214,64,64,Low
20,252,315,5.89,65.92,15.72,1392.98,68.86,1.214,63,63,Low
20,253,315,5.94,65.95,15.63,1410.92,67.08,1.214,62,62,Low
20,254,315,6.03,67.54,16.14,1407.13,67.47,1.214,61,61,Low
20,255,315,6.05,67.1,15.77,1400.56,68.45,1.214,60,60,Low
20,256,315,6.25,65.82,16.01,1399.67,67.8,1.214,59,59,Low
20,257,315,6.13,66.39,15.78,1403.82,67.81,1.214,58,58,Low
20,258,315,6.25,67.22,15.96,1397.45,67.18,1.214,57,57,Low
20,259,315,6.41,67.38,16.08,1393.72,68.09,1.214,56,56,Low
20,260,315,6.32,66.69,16.24,1400.75,68.32,1.214,55,55,Low
20,261,315,6.48,68.24,16.07,1376.48,68.97,1.214,54,54,Low
20,262,315,6.5,68.67,16.18,1393.71,67.72,1.214,53,53,Low
20,263,315,6.83,68.68,16.14,1386.5,68.71,1.214,52,52,Low
20,264,315,6.58,67.69,16.83,1389.14,68.73,1.214,51,51,Low
20,265,315,6.74,69.37,16.37,1381.2,70.47,1.214,50,50,Low
20,266,315,6.83,69.42,15.89,1385.33,69.75,1.214,49,49,Low
20,267,315,6.39,70.31,16.57,1388.65,69.42,1.214,48,48,Low
20,268,315,6.72,70.76,16.27,1389.81,69.1,1.214,47,47,Low
20,269,315,6.7,69.34,16.74,1385.54,69.32,1.214,46,46,Low
20,270,315,6.61,69.7,16.55,1377.77,69.83,1.214,45,45,Low
20,271,315,6.79,69.94,16.48,1371.57,69.42,1.214,44,44,Low
20,272,315,7.27,70.13,16.61,1366.12,70.76,1.214,43,43,Low
20,273,315,6.83,70.71,16.74,1375.94,70.7,1.214,42,42,Low
20,274,315,7.19,68.56,16.25,1372.69,70.83,1.214,41,41,Low
20,275,315,7.32,69.11,17.1,1367.25,70.53,1.214,40,40,Medium
20,276,315,7.19,70.9,16.77,1375.54,70.97,1.214,39,39,Medium
20,277,315,7.13,70.69,16.67,1374.89,71.39,1.214,38,38,Medium
20,278,315,7.21,71.93,16.82,1375.43,71.51,1.214,37,37,Medium
20,279,315,7.06,72.95,17.24,1375.28,71.23,1.214,36,36,Medium
20,280,315,7.37,71.05,16.83,1364.02,71.6,1.214,35,35,Medium
20,281,315,7.25,71.48,16.69,1363.95,71.47,1.214,34,34,Medium
20,282,315,7.55,72.9,17.15,1374.38,72.04,1.214,33,33,Medium
20,283,315,7.53,72.54,16.48,1361.63,70.28,1.214,32,32,Medium
20,284,315,7.61,72.84,17.17,1355.97,71.31,1.214,31,31,Medium
20,285,315,7.77,71.95,16.96,1367.1,72.78,1.214,30,30,Medium
20,286,315,7.87,73.87,17.17,1368.89,71.82,1.214,29,29,Medium
20,287,315,7.75,73.54,17.5,1351.62,71.76,1.214,28,28,Medium
20,288,315,7.86,74.65,17.32,1370.99,72.21,1.214,27,27,Medium
20,289,315,7.8,73.61,17.35,1371.01,73.33,1.214,26,26,Medium
20,290,315,8.0,74.33,17.4,1359.16,72.58,1.214,25,25,Medium
20,291,315,7.84,75.33,17.48,1361.96,73.06,1.214,24,24,Medium
20,292,315,7.99,76.1,17.7,1365.17,72.6,1.214,23,23,Medium
20,293,315,7.98,74.13,18.04,1346.55,72.65,1.214,22,22,Medium
20,294,315,8.14,75.24,17.52,1364.17,73.97,1.214,21,21,Medium
20,295,315,8.12,75.35,17.43,1361.65,73.6,1.214,20,20,Medium
20,296,315,8.17,77.66,17.45,1362.18,74.05,1.214,19,19,Medium
20,297,315,8.38,76.92,17.77,1361.37,73.65,1.214,18,18,Medium
20,298,315,8.53,76.82,17.95,1357.6,75.85,1.214,17,17,Medium
20,299,315,8.48,77.05,17.49,1355.5,75.46,1.214,16,16,Medium
20,300,315,8.48,76.79,17.48,1352.87,74.44,1.214,15,15,High
20,301,315,8.58,76.79,18.19,1347.85,74.36,1.214,14,14,High
20,302,315,8.63,78.98,18.14,1350.14,74.93,1.214,13,13,High
20,303,315,8.64,77.95,17.93,1346.49,74.71,1.214,12,12,High
20,304,315,8.8,78.22,18.14,1355.53,75.29,1.214,11,11,High
20,305,315,8.66,78.07,18.16,1340.39,75.51,1.214,10,10,High
20,306,315,8.82,78.83,18.21,1348.08,76.58,1.214,9,9,High
20,307,315,8.89,79.56,18.15,1331.39,74.66,1.214,8,8,High
20,308,315,9.1,79.57,17.83,1338.12,76.03,1.214,7,7,High
20,309,315,9.17,79.09,17.99,1342.91,75.89,1.214,6,6,High
20,310,315,9.09,80.3,18.45,1344.59,75.39,1.214,5,5,High
20,311,315,9.09,80.44,18.17,1328.62,75.72,1.214,4,4,High
20,312,315,9.37,80.53,18.89,1333.62,76.17,1.214,3,3,High
20,313,315,9.48,80.68,18.78,1329.16,76.55,1.214,2,2,High
20,314,315,9.28,81.5,18.54,1342.69,76.08,1.214,1,1,High
20,315,315,9.34,82.38,18.51,1331.57,76.37,1.214,0,0,High
21,1,263,1.39,45.66,12.06,1474.73,55.21,1.152,262,130,Low
21,2,263,1.46,45.43,11.91,1476.13,54.59,1.152,261,130,Low
21,3,263,1.48,45.54,12.06,1481.08,54.6,1.152,260,130,Low
21,4,263,1.38,45.6,11.99,1478.47,54.31,1.152,259,130,Low
21,5,263,1.71,44.95,11.93,1486.16,54.76,1.152,258,130,Low
21,6,263,1.55,45.73,12.02,1482.71,55.05,1.152,257,130,Low
21,7,263,1.44,45.46,12.24,1485.22,54.65,1.152,256,130,Low
21,8,263,1.63,44.2,11.77,1471.31,54.98,1.152,255,130,Low
21,9,263,1.5,44.14,11.9,1477.75,55.65,1.152,254,130,Low
21,10,263,1.55,44.55,11.67,1472.24,56.13,1.152,253,130,Low
21,11,263,1.5,45.73,12.13,1483.81,54.92,1.152,252,130,Low
21,12,263,1.39,44.07,12.23,1469.56,54.3,1.152,251,130,Low
21,13,263,1.59,44.64,12.14,1479.47,55.42,1.152,250,130,Low
21,14,263,1.53,43.91,12.31,1475.96,55.34,1.152,249,130,Low
21,15,263,1.52,45.25,11.45,1477.5,56.13,1.152,248,130,Low
21,16,263,1.63,44.43,12.37,1486.63,55.31,1.152,247,130,Low
21,17,263,1.49,45.36,11.96,1488.11,55.08,1.152,246,130,Low
21,18,263,1.58,44.53,12.48,1487.43,54.7,1.152,245,130,Low
21,19,263,1.78,44.74,11.62,1472.88,55.22,1.152,244,130,Low
21,20,263,1.55,44.74,12.05,1474.57,54.96,1.152,243,130,Low
21,21,263,1.49,44.97,11.73,1474.61,54.84,1.152,242,130,Low
21,22,263,1.36,44.67,12.31,1487.89,54.8,1.152,241,130,Low
21,23,263,1.53,46.12,12.22,1480.15,54.86,1.152,240,130,Low
21,24,263,1.79,45.65,11.69,1469.44,55.43,1.152,239,130,Low
21,25,263,1.48,46.26,11.61,1471.48,55.14,1.152,238,130,Low
21,26,263,1.39,46.09,12.17,1487.65,53.42,1.152,237,130,Low
21,27,263,1.32,45.77,11.69,1485.85,54.42,1.152,236,130,Low
21,28,263,1.8,44.9,12.0,1485.26,55.37,1.152,235,130,Low
21,29,263,1.51,47.74,11.91,1471.43,55.77,1.152,234,130,Low
21,30,263,1.56,44.7,11.9,1481.11,55.79,1.152,233,130,Low
21,31,263,1.64,43.77,12.01,1477.4,55.53,1.152,232,130,Low
21,32,263,1.4,45.06,12.15,1479.22,55.3,1.152,231,130,Low
21,33,263,1.76,46.03,11.66,1487.6,55.74,1.152,230,130,Low
21,34,263,1.42,45.15,11.94,1484.44,54.67,1.152,229,130,Low
21,35,263,1.53,45.98,11.89,1476.52,55.8,1.152,228,130,Low
21,36,263,1.48,47.65,11.96,1467.87,55.75,1.152,227,130,Low
21,37,263,1.57,45.64,12.25,1490.93,55.88,1.152,226,130,Low
21,38,263,1.48,46.2,12.12,1472.14,54.84,1.152,225,130,Low
21,39,263,1.8,44.78,12.29,1477.99,55.54,1.152,224,130,Low
21,40,263,1.44,45.12,11.61,1489.88,55.39,1.152,223,130,Low
21,41,263,1.42,45.15,12.23,1477.13,54.44,1.152,222,130,Low
21,42,263,1.4,45.77,12.24,1463.3,54.77,1.152,221,130,Low
21,43,263,1.5,45.3,12.23,1485.11,54.91,1.152,220,130,Low
21,44,263,1.46,44.74,12.42,1477.35,55.75,1.152,219,130,Low
21,45,263,1.64,47.15,11.68,1475.79,54.94,1.152,218,130,Low
21,46,263,1.76,45.23,12.25,1463.9,55.08,1.152,217,130,Low
21,47,263,1.72,46.26,11.97,1472.23,54.97,1.152,216,130,Low
21,48,263,1.58,46.83,11.95,1480.89,56.02,1.152,215,130,Low
21,49,263,1.58,44.62,11.96,1478.86,55.44,1.152,214,130,Low
21,50,263,1.57,46.29,11.77,1474.97,55.23,1.152,213,130,Low
21,51,263,1.62,44.78,12.13,1476.59,55.06,1.152,212,130,Low
21,52,263,1.64,46.06,12.28,1475.71,55.62,1.152,211,130,Low
21,53,263,1.94,46.3,12.5,1474.78,56.01,1.152,210,130,Low
21,54,263,1.74,44.95,12.12,1476.09,55.19,1.152,209,130,Low
21,55,263,1.55,46.18,12.14,1482.5,54.45,1.152,208,130,Low
21,56,263,1.74,45.24,12.39,1478.11,55.43,1.152,207,130,Low
21,57,263,1.54,45.6,11.63,1475.37,55.38,1.152,206,130,Low
21,58,263,1.62,45.82,12.12,1481.22,55.59,1.152,205,130,Low
21,59,263,1.85,45.38,12.25,1481.44,55.54,1.152,204,130,Low
21,60,263,1.72,47.04,12.27,1476.69,55.94,1.152,203,130,Low
21,61,263,1.56,45.87,11.99,1480.91,55.29,1.152,202,130,Low
21,62,263,1.77,45.79,12.29,1482.23,54.56,1.152,201,130,Low
21,63,263,1.85,45.07,12.23,1481.03,55.97,1.152,200,130,Low
21,64,263,2.0,45.51,12.24,1474.7,54.79,1.152,199,130,Low
21,65,263,1.77,44.41,12.37,1470.16,56.25,1.152,198,130,Low
21,66,263,1.6,46.39,12.39,1487.82,55.66,1.152,197,130,Low
21,67,263,1.52,47.24,12.67,1469.29,56.21,1.152,196,130,Low
21,68,263,1.72,45.19,12.45,1479.53,56.72,1.152,195,130,Low
21,69,263,1.74,45.41,12.1,1462.83,55.71,1.152,194,130,Low
21,70,263,1.72,46.69,12.51,1479.04,56.19,1.152,193,130,Low
21,71,263,1.93,48.2,12.43,1468.27,55.61,1.152,192,130,Low
21,72,263,1.83,45.73,11.77,1465.73,56.08,1.152,191,130,Low
21,73,263,1.83,45.95,12.56,1462.72,55.96,1.152,190,130,Low
21,74,263,1.87,47.47,12.54,1473.32,54.91,1.152,189,130,Low
21,75,263,1.68,46.95,12.26,1473.74,56.76,1.152,188,130,Low
21,76,263,1.74,47.07,12.02,1480.01,57.52,1.152,187,130,Low
21,77,263,2.16,47.72,12.41,1473.93,56.02,1.152,186,130,Low
21,78,263,1.92,48.48,11.99,1471.33,55.18,1.152,185,130,Low
21,79,263,1.85,46.27,12.33,1467.04,55.89,1.152,184,130,Low
21,80,263,1.82,45.76,12.35,1482.21,55.13,1.152,183,130,Low
21,81,263,1.59,47.04,12.25,1471.98,56.16,1.152,182,130,Low
21,82,263,1.8,46.24,12.36,1463.25,55.57,1.152,181,130,Low
21,83,263,1.85,47.24,12.72,1470.64,55.72,1.152,180,130,Low
21,84,263,1.98,45.96,12.12,1469.58,56.15,1.152,179,130,Low
21,85,263,1.92,45.57,12.41,1473.76,55.78,1.152,178,130,Low
21,86,263,2.12,46.63,12.38,1471.1,56.44,1.152,177,130,Low
21,87,263,1.85,47.24,12.2,1465.14,57.01,1.152,176,130,Low
21,88,263,1.82,46.91,11.99,1466.59,55.77,1.152,175,130,Low
21,89,263,2.17,46.7,12.08,1456.66,56.22,1.152,174,130,Low
21,90,263,1.96,47.43,12.27,1466.44,55.92,1.152,173,130,Low
21,91,263,1.76,48.9,12.36,1471.49,56.82,1.152,172,130,Low
21,92,263,2.21,47.4,11.77,1477.45,56.27,1.152,171,130,Low
21,93,263,1.94,48.08,12.05,1468.1,56.43,1.152,170,130,Low
21,94,263,2.14,47.11,12.17,1462.98,56.62,1.152,169,130,Low
21,95,263,1.94,47.78,12.79,1467.55,56.22,1.152,168,130,Low
21,96,263,1.95,48.98,13.22,1474.47,57.87,1.152,167,130,Low
21,97,263,2.0,47.76,12.35,1476.82,55.72,1.152,166,130,Low
21,98,263,2.2,46.79,12.42,1469.15,56.6,1.152,165,130,Low
21,99,263,2.15,48.19,12.82,1465.96,57.11,1.152,164,130,Low
21,100,263,2.12,49.32,12.52,1466.77,56.78,1.152,163,130,Low
21,101,263,2.23,48.95,12.68,1467.67,56.34,1.152,162,130,Low
21,102,263,2.21,49.48,12.61,1475.04,56.62,1.152,161,130,Low
21,103,263,2.34,49.66,12.6,1459.42,57.06,1.152,160,130,Low
21,104,263,2.22,46.92,12.55,1462.61,57.8,1.152,159,130,Low
21,105,263,2.23,49.39,12.53,1467.25,55.73,1.152,158,130,Low
21,106,263,2.15,49.08,12.34,1480.35,56.22,1.152,157,130,Low
21,107,263,2.34,48.24,12.46,1456.15,56.53,1.152,156,130,Low
21,108,263,2.17,49.3,12.68,1459.45,57.05,1.152,155,130,Low
21,109,263,2.18,48.39,12.77,1457.16,56.85,1.152,154,130,Low
21,110,263,2.24,48.69,13.21,1469.7,57.84,1.152,153,130,Low
21,111,263,2.26,48.84,12.79,1460.31,57.67,1.152,152,130,Low
21,112,263,2.49,47.44,12.91,1461.79,57.59,1.152,151,130,Low
21,113,263,2.24,49.49,12.93,1454.74,57.68,1.152,150,130,Low
21,114,263,2.33,48.9,12.48,1457.73,57.79,1.152,149,130,Low
21,115,263,2.34,49.31,12.74,1458.96,57.37,1.152,148,130,Low
21,116,263,2.62,49.5,13.48,1475.8,57.12,1.152,147,130,Low
21,117,263,2.46,49.82,12.86,1461.72,56.91,1.152,146,130,Low
21,118,263,2.57,48.74,12.81,1460.77,56.88,1.152,145,130,Low
21,119,263,2.65,52.5,12.82,1460.67,58.02,1.152,144,130,Low
21,120,263,2.6,49.46,12.75,1456.44,58.32,1.152,143,130,Low
21,121,263,2.72,49.5,12.86,1464.39,58.81,1.152,142,130,Low
21,122,263,2.39,50.44,12.85,1448.86,58.89,1.152,141,130,Low
21,123,263,2.48,51.55,13.26,1457.1,58.37,1.152,140,130,Low
21,124,263,2.73,50.53,12.96,1467.37,58.59,1.152,139,130,Low
21,125,263,2.64,49.45,13.21,1463.37,58.12,1.152,138,130,Low
21,126,263,2.85,51.32,13.45,1456.46,58.1,1.152,137,130,Low
21,127,263,2.58,49.1,13.32,1453.79,57.05,1.152,136,130,Low
21,128,263,2.71,50.78,12.92,1458.95,59.19,1.152,135,130,Low
21,129,263,2.72,50.57,13.31,1461.72,58.22,1.152,134,130,Low
21,130,263,2.79,51.36,13.61,1456.18,58.71,1.152,133,130,Low
21,131,263,2.91,51.91,13.13,1468.01,58.46,1.152,132,130,Low
21,132,263,2.84,50.34,12.83,1454.25,59.07,1.152,131,130,Low
21,133,263,3.06,50.36,13.05,1460.83,59.34,1.152,130,130,Low
21,134,263,2.91,51.62,13.29,1450.96,59.77,1.152,129,129,Low
21,135,263,2.96,51.15,13.41,1457.88,58.29,1.152,128,128,Low
21,136,263,2.85,51.87,13.48,1457.44,58.7,1.152,127,127,Low
21,137,263,2.99,53.13,12.84,1464.67,58.27,1.152,126,126,Low
21,138,263,3.03,51.8,12.62,1468.46,59.26,1.152,125,125,Low
21,139,263,3.25,50.99,13.11,1451.28,58.84,1.152,124,124,Low
21,140,263,3.12,53.02,13.13,1445.11,59.14,1.152,123,123,Low
21,141,263,3.18,52.65,13.43,1445.07,59.57,1.152,122,122,Low
21,142,263,3.02,52.05,13.55,1440.76,59.38,1.152,121,121,Low
21,143,263,3.03,52.59,13.16,1438.37,59.22,1.152,120,120,Low
21,144,263,3.21,52.24,13.55,1459.39,58.71,1.152,119,119,Low
21,145,263,3.17,53.28,13.69,1453.99,59.99,1.152,118,118,Low
21,146,263,3.14,51.95,13.27,1438.7,59.97,1.152,117,117,Low
21,147,263,3.31,53.39,13.64,1448.94,59.21,1.152,116,116,Low
21,148,263,3.26,53.95,13.62,1446.23,60.04,1.152,115,115,Low
21,149,263,3.38,53.62,13.18,1452.73,59.61,1.152,114,114,Low
21,150,263,3.49,54.24,13.28,1448.04,60.84,1.152,113,113,Low
21,151,263,3.46,54.46,13.58,1439.88,61.41,1.152,112,112,Low
21,152,263,3.5,53.05,13.31,1453.06,60.15,1.152,111,111,Low
21,153,263,3.35,54.03,13.72,1431.89,59.34,1.152,110,110,Low
21,154,263,3.31,53.81,13.83,1455.47,60.28,1.152,109,109,Low
21,155,263,3.35,53.52,13.72,1441.22,61.85,1.152,108,108,Low
21,156,263,3.58,53.49,13.94,1432.91,61.18,1.152,107,107,Low
21,157,263,3.6,54.93,13.36,1443.91,60.94,1.152,106,106,Low
21,158,263,3.65,54.15,13.88,1444.57,59.9,1.152,105,105,Low
21,159,263,3.5,54.63,13.92,1438.62,61.32,1.152,104,104,Low
21,160,263,3.65,55.42,13.4,1440.34,61.97,1.152,103,103,Low
21,161,263,3.57,55.11,13.91,1437.14,60.41,1.152,102,102,Low
21,162,263,3.98,55.48,13.91,1445.54,61.18,1.152,101,101,Low
21,163,263,3.64,54.39,14.25,1440.77,60.6,1.152,100,100,Low
21,164,263,3.8,54.58,14.02,1446.28,61.21,1.152,99,99,Low
21,165,263,3.89,56.1,13.69,1440.0,62.07,1.152,98,98,Low
21,166,263,3.97,55.47,14.21,1435.41,61.85,1.152,97,97,Low
21,167,263,4.06,55.82,13.72,1430.11,62.18,1.152,96,96,Low
21,168,263,3.78,55.62,13.85,1424.89,62.21,1.152,95,95,Low
21,169,263,3.96,56.67,13.93,1434.4,62.6,1.152,94,94,Low
21,170,263,3.87,55.35,14.29,1430.24,62.03,1.152,93,93,Low
21,171,263,3.94,57.11,14.5,1426.01,62.41,1.152,92,92,Low
21,172,263,4.19,57.97,13.97,1423.03,62.58,1.152,91,91,Low
21,173,263,3.95,57.0,14.21,1426.3,63.08,1.152,90,90,Low
21,174,263,4.3,57.77,14.54,1430.9,62.44,1.152,89,89,Low
21,175,263,4.25,57.78,14.16,1427.63,63.64,1.152,88,88,Low
21,176,263,4.35,56.33,14.48,1434.19,63.4,1.152,87,87,Low
21,177,263,4.29,56.98,14.0,1430.7,62.61,1.152,86,86,Low
21,178,263,4.41,57.95,14.58,1426.74,62.99,1.152,85,85,Low
21,179,263,4.32,57.94,14.26,1418.99,63.09,1.152,84,84,Low
21,180,263,4.42,58.72,13.95,1428.41,62.45,1.152,83,83,Low
21,181,263,4.32,57.84,14.46,1414.48,63.57,1.152,82,82,Low
21,182,263,4.45,58.73,14.55,1424.71,63.47,1.152,81,81,Low
21,183,263,4.47,58.76,14.16,1411.58,63.66,1.152,80,80,Low
21,184,263,4.56,59.17,14.54,1418.82,63.88,1.152,79,79,Low
21,185,263,4.6,58.24,14.76,1432.95,63.19,1.152,78,78,Low
21,186,263,4.71,59.84,14.58,1427.75,63.28,1.152,77,77,Low
21,187,263,4.85,58.24,14.79,1426.34,63.75,1.152,76,76,Low
21,188,263,4.76,58.81,15.0,1423.32,64.49,1.152,75,75,Low
21,189,263,4.88,58.75,14.79,1413.17,64.86,1.152,74,74,Low
21,190,263,4.95,60.59,13.9,1426.16,64.75,1.152,73,73,Low
21,191,263,4.63,58.78,15.45,1406.12,64.1,1.152,72,72,Low
21,192,263,4.68,61.04,15.11,1410.3,65.04,1.152,71,71,Low
21,193,263,4.76,59.45,14.85,1423.71,64.49,1.152,70,70,Low
21,194,263,4.95,61.29,15.27,1419.3,64.2,1.152,69,69,Low
21,195,263,5.24,60.7,15.28,1414.8,64.4,1.152,68,68,Low
21,196,263,5.21,61.45,14.97,1420.6,64.68,1.152,67,67,Low
21,197,263,5.17,63.32,15.0,1422.29,65.38,1.152,66,66,Low
21,198,263,5.12,62.32,15.0,1409.2,65.53,1.152,65,65,Low
21,199,263,5.03,61.34,15.35,1407.64,66.64,1.152,64,64,Low
21,200,263,4.81,62.22,14.69,1402.32,66.41,1.152,63,63,Low
21,201,263,5.38,62.73,15.25,1404.23,65.46,1.152,62,62,Low
21,202,263,5.43,61.88,15.21,1398.52,63.94,1.152,61,61,Low
21,203,263,5.35,62.04,14.99,1406.36,65.92,1.152,60,60,Low
21,204,263,5.53,64.56,14.93,1413.1,66.09,1.152,59,59,Low
21,205,263,5.52,64.31,15.62,1415.52,65.13,1.152,58,58,Low
21,206,263,5.5,64.29,15.41,1400.64,66.47,1.152,57,57,Low
21,207,263,5.78,64.66,15.18,1403.0,66.75,1.152,56,56,Low
21,208,263,5.77,64.58,15.41,1395.82,66.88,1.152,55,55,Low
21,209,263,5.58,62.73,15.52,1395.16,66.3,1.152,54,54,Low
21,210,263,5.87,64.45,15.53,1392.8,67.43,1.152,53,53,Low
21,211,263,5.64,65.01,15.9,1405.24,67.19,1.152,52,52,Low
21,212,263,5.95,65.27,15.46,1399.2,66.28,1.152,51,51,Low
21,213,263,6.14,66.18,15.54,1406.45,67.8,1.152,50,50,Low
21,214,263,5.98,66.86,15.83,1403.46,67.63,1.152,49,49,Low
21,215,263,5.93,64.67,16.0,1395.27,67.62,1.152,48,48,Low
21,216,263,6.08,66.94,15.91,1392.95,67.78,1.152,47,47,Low
21,217,263,6.13,66.02,15.83,1396.66,68.44,1.152,46,46,Low
21,218,263,6.28,66.1,15.86,1386.33,68.51,1.152,45,45,Low
21,219,263,6.23,67.61,15.93,1392.29,68.24,1.152,44,44,Low
21,220,263,6.18,66.55,16.04,1392.04,68.4,1.152,43,43,Low
21,221,263,6.23,66.46,16.26,1384.73,68.49,1.152,42,42,Low
21,222,263,6.32,67.92,16.22,1395.27,69.6,1.152,41,41,Low
21,223,263,6.33,68.98,16.08,1389.38,68.82,1.152,40,40,Medium
21,224,263,6.45,69.31,16.02,1378.69,69.21,1.152,39,39,Medium
21,225,263,6.56,67.98,16.76,1383.11,68.73,1.152,38,38,Medium
21,226,263,6.47,68.89,16.57,1388.12,70.56,1.152,37,37,Medium
21,227,263,6.58,69.31,16.31,1382.04,69.08,1.152,36,36,Medium
21,228,263,6.74,68.67,16.47,1381.74,69.86,1.152,35,35,Medium
21,229,263,6.7,69.58,16.58,1375.18,70.41,1.152,34,34,Medium
21,230,263,6.81,69.69,16.51,1374.02,70.87,1.152,33,33,Medium
21,231,263,6.73,69.52,16.46,1387.8,70.0,1.152,32,32,Medium
21,232,263,6.97,70.75,16.83,1380.17,70.68,1.152,31,31,Medium
21,233,263,7.07,70.05,16.51,1378.04,69.63,1.152,30,30,Medium
21,234,263,7.08,70.89,16.88,1379.41,70.59,1.152,29,29,Medium
21,235,263,7.43,69.55,16.92,1360.77,70.28,1.152,28,28,Medium
21,236,263,7.24,74.08,16.65,1371.51,70.56,1.152,27,27,Medium
21,237,263,7.46,71.49,17.37,1376.83,70.9,1.152,26,26,Medium
21,238,263,7.33,72.58,16.48,1370.84,70.83,1.152,25,25,Medium
21,239,263,7.45,72.81,17.3,1372.43,71.18,1.152,24,24,Medium
21,240,263,7.5,72.78,17.08,1365.64,72.27,1.152,23,23,Medium
21,241,263,7.52,71.31,16.88,1379.33,71.28,1.152,22,22,Medium
21,242,263,7.75,73.37,16.85,1365.78,72.34,1.152,21,21,Medium
21,243,263,7.64,73.82,17.36,1361.8,71.4,1.152,20,20,Medium
21,244,263,7.62,73.7,17.42,1370.97,70.97,1.152,19,19,Medium
21,245,263,7.85,74.26,17.15,1370.67,72.33,1.152,18,18,Medium
21,246,263,8.01,74.26,17.4,1373.88,71.91,1.152,17,17,Medium
21,247,263,7.86,75.9,17.67,1353.64,72.96,1.152,16,16,Medium
21,248,263,8.05,75.11,17.19,1370.15,71.94,1.152,15,15,High
21,249,263,7.89,73.75,17.34,1365.21,73.24,1.152,14,14,High
21,250,263,8.1,75.83,17.87,1363.79,72.41,1.152,13,13,High
21,251,263,8.18,75.48,17.8,1361.53,72.79,1.152,12,12,High
21,252,263,8.09,77.56,17.02,1364.93,74.12,1.152,11,11,High
21,253,263,8.49,74.59,17.15,1352.43,73.42,1.152,10,10,High
21,254,263,8.48,76.64,17.73,1343.05,74.29,1.152,9,9,High
21,255,263,8.47,76.94,17.99,1349.36,73.91,1.152,8,8,High
21,256,263,8.53,76.29,18.1,1343.47,75.06,1.152,7,7,High
21,257,263,8.47,75.68,18.22,1345.8,74.08,1.152,6,6,High
21,258,263,8.53,77.13,17.98,1354.23,75.0,1.152,5,5,High
21,259,263,8.62,80.11,18.22,1345.39,74.37,1.152,4,4,High
21,260,263,8.99,78.0,18.36,1343.3,74.67,1.152,3,3,High
21,261,263,8.72,79.39,18.59,1351.31,76.08,1.152,2,2,High
21,262,263,8.91,80.11,18.5,1349.14,74.73,1.152,1,1,High
21,263,263,8.81,80.1,17.92,1339.11,76.0,1.152,0,0,High
22,1,269,1.26,45.65,12.1,1470.99,53.95,1.145,268,130,Low
22,2,269,1.52,44.73,11.85,1483.63,54.28,1.145,267,130,Low
22,3,269,1.47,45.57,11.51,1478.54,55.49,1.145,266,130,Low
22,4,269,1.41,44.69,12.26,1479.67,55.77,1.145,265,130,Low
22,5,269,1.43,46.57,12.03,1479.37,55.03,1.145,264,130,Low
22,6,269,1.32,44.22,12.27,1478.79,54.54,1.145,263,130,Low
22,7,269,1.59,45.69,11.62,1487.82,54.88,1.145,262,130,Low
22,8,269,1.28,44.26,12.49,1485.94,55.78,1.145,261,130,Low
22,9,269,1.46,45.56,12.03,1482.67,55.46,1.145,260,130,Low
22,10,269,1.65,45.86,12.14,1488.34,55.54,1.145,259,130,Low
22,11,269,1.62,44.79,12.05,1491.85,55.16,1.145,258,130,Low
22,12,269,1.57,44.56,12.08,1478.49,55.2,1.145,257,130,Low
22,13,269,1.37,45.34,12.27,1460.96,54.85,1.145,256,130,Low
22,14,269,1.76,45.39,12.05,1475.96,54.69,1.145,255,130,Low
22,15,269,1.39,44.62,11.73,1486.69,56.03,1.145,254,130,Low
22,16,269,1.48,46.36,11.79,1479.27,55.29,1.145,253,130,Low
22,17,269,1.59,44.79,11.6,1474.11,55.41,1.145,252,130,Low
22,18,269,1.44,44.13,12.39,1477.14,55.84,1.145,251,130,Low
22,19,269,1.53,45.58,12.19,1481.05,54.23,1.145,250,130,Low
22,20,269,1.49,45.26,12.42,1468.91,55.3,1.145,249,130,Low
22,21,269,1.55,43.94,11.74,1473.16,53.91,1.145,248,130,Low
22,22,269,1.44,47.02,11.69,1478.33,54.93,1.145,247,130,Low
22,23,269,1.3,43.56,12.15,1472.87,55.43,1.145,246,130,Low
22,24,269,1.48,44.62,11.99,1481.54,55.44,1.145,245,130,Low
22,25,269,1.55,44.43,12.01,1469.89,54.92,1.145,244,130,Low
22,26,269,1.61,46.29,11.84,1486.13,55.47,1.145,243,130,Low
22,27,269,1.61,45.01,11.55,1482.59,55.47,1.145,242,130,Low
22,28,269,1.63,45.58,11.92,1472.62,55.42,1.145,241,130,Low
22,29,269,1.49,44.96,12.34,1481.12,55.07,1.145,240,130,Low
22,30,269,1.52,45.59,11.92,1483.61,55.49,1.145,239,130,Low
22,31,269,1.5,45.49,11.87,1492.32,54.7,1.145,238,130,Low
22,32,269,1.66,44.88,11.91,1482.05,56.31,1.145,237,130,Low
22,33,269,1.54,45.02,11.53,1489.13,54.27,1.145,236,130,Low
22,34,269,1.75,45.62,12.28,1478.67,54.78,1.145,235,130,Low
22,35,269,1.51,47.06,12.07,1477.68,54.87,1.145,234,130,Low
22,36,269,1.7,46.58,11.92,1466.52,54.6,1.145,233,130,Low
22,37,269,1.45,45.49,11.85,1468.43,54.96,1.145,232,130,Low
22,38,269,1.69,45.46,12.22,1488.8,55.98,1.145,231,130,Low
22,39,269,1.5,44.93,12.03,1480.26,55.8,1.145,230,130,Low
22,40,269,1.48,46.32,12.53,1476.2,55.46,1.145,229,130,Low
22,41,269,1.44,44.57,11.95,1484.23,56.22,1.145,228,130,Low
22,42,269,1.48,44.0,12.49,1467.79,54.02,1.145,227,130,Low
22,43,269,1.55,44.51,12.02,1481.99,54.85,1.145,226,130,Low
22,44,269,1.56,44.96,11.7,1475.23,55.65,1.145,225,130,Low
22,45,269,1.66,45.26,12.4,1479.95,54.62,1.145,224,130,Low
22,46,269,1.71,44.46,11.88,1474.4,55.79,1.145,223,130,Low
22,47,269,1.58,45.54,11.93,1478.5,55.6,1.145,222,130,Low
22,48,269,1.65,46.31,12.2,1479.2,55.6,1.145,221,130,Low
22,49,269,1.58,45.1,12.06,1484.43,56.82,1.145,220,130,Low
22,50,269,1.7,46.76,11.83,1482.24,55.72,1.145,219,130,Low
22,51,269,1.53,46.07,12.22,1475.57,54.78,1.145,218,130,Low
22,52,269,1.57,46.0,12.43,1491.15,55.4,1.145,217,130,Low
22,53,269,1.75,45.39,12.01,1469.11,55.76,1.145,216,130,Low
22,54,269,1.55,46.06,12.37,1477.95,55.75,1.145,215,130,Low
22,55,269,1.56,45.66,11.94,1474.89,55.48,1.145,214,130,Low
22,56,269,1.57,46.81,12.12,1478.86,55.1,1.145,213,130,Low
22,57,269,1.51,45.76,12.02,1483.9,55.02,1.145,212,130,Low
22,58,269,1.82,44.11,11.88,1479.43,55.25,1.145,211,130,Low
22,59,269,1.58,46.49,11.98,1488.75,55.58,1.145,210,130,Low
22,60,269,1.53,45.45,12.02,1475.71,55.86,1.145,209,130,Low
22,61,269,1.81,47.37,12.34,1473.47,55.91,1.145,208,130,Low
22,62,269,1.67,45.73,11.99,1469.34,54.94,1.145,207,130,Low
22,63,269,1.64,46.08,11.91,1478.7,55.12,1.145,206,130,Low
22,64,269,1.73,46.22,12.26,1472.55,55.59,1.145,205,130,Low
22,65,269,1.7,45.89,12.36,1469.59,55.67,1.145,204,130,Low
22,66,269,1.65,45.98,12.44,1478.47,55.12,1.145,203,130,Low
22,67,269,1.68,46.0,12.2,1473.51,56.12,1.145,202,130,Low
22,68,269,1.94,45.7,12.28,1479.17,55.77,1.145,201,130,Low
22,69,269,1.94,46.98,12.15,1487.78,55.96,1.145,200,130,Low
22,70,269,1.61,46.15,12.36,1478.42,55.56,1.145,199,130,Low
22,71,269,1.87,44.98,12.33,1468.1,55.12,1.145,198,130,Low
22,72,269,1.91,45.23,12.32,1474.21,56.18,1.145,197,130,Low
22,73,269,1.63,47.78,12.25,1475.76,56.51,1.145,196,130,Low
22,74,269,1.88,47.82,12.45,1479.23,56.06,1.145,195,130,Low
22,75,269,1.73,44.85,12.17,1482.99,55.68,1.145,194,130,Low
22,76,269,1.71,46.06,12.69,1479.26,55.82,1.145,193,130,Low
22,77,269,1.92,45.01,12.59,1472.22,56.31,1.145,192,130,Low
22,78,269,1.8,47.15,12.4,1473.96,56.91,1.145,191,130,Low
22,79,269,1.9,47.33,12.42,1463.06,56.24,1.145,190,130,Low
22,80,269,1.83,47.54,12.29,1467.49,56.43,1.145,189,130,Low
22,81,269,1.96,46.0,12.26,1475.64,56.6,1.145,188,130,Low
22,82,269,1.94,45.91,12.49,1469.8,57.25,1.145,187,130,Low
22,83,269,1.81,48.41,12.6,1469.32,57.28,1.145,186,130,Low
22,84,269,1.96,47.28,12.43,1474.44,56.56,1.145,185,130,Low
22,85,269,1.91,47.4,12.15,1478.73,55.59,1.145,184,130,Low
22,86,269,2.14,47.78,12.37,1461.75,56.19,1.145,183,130,Low
22,87,269,2.02,46.47,12.44,1463.45,56.04,1.145,182,130,Low
22,88,269,1.97,47.82,12.9,1470.81,56.49,1.145,181,130,Low
22,89,269,2.03,47.6,12.31,1473.13,56.65,1.145,180,130,Low
22,90,269,1.84,46.67,12.39,1470.43,55.88,1.145,179,130,Low
22,91,269,1.91,47.01,12.09,1470.1,57.33,1.145,178,130,Low
22,92,269,1.99,46.65,12.27,1469.85,56.66,1.145,177,130,Low
22,93,269,2.1,49.32,12.85,1477.21,56.39,1.145,176,130,Low
22,94,269,2.05,47.07,12.65,1476.56,57.21,1.145,175,130,Low
22,95,269,1.98,48.12,12.22,1462.12,56.84,1.145,174,130,Low
22,96,269,2.13,47.6,12.6,1465.79,56.99,1.145,173,130,Low
22,97,269,2.07,48.35,12.88,1460.32,56.85,1.145,172,130,Low
22,98,269,2.11,49.21,12.63,1465.17,57.58,1.145,171,130,Low
22,99,269,1.95,47.74,12.64,1472.66,56.64,1.145,170,130,Low
22,100,269,2.19,48.23,12.18,1472.23,56.1,1.145,169,130,Low
22,101,269,2.28,48.53,12.6,1468.83,56.33,1.145,168,130,Low
22,102,269,2.29,48.56,12.54,1458.16,55.86,1.145,167,130,Low
22,103,269,2.4,46.97,12.5,1476.71,56.28,1.145,166,130,Low
22,104,269,2.38,47.24,12.12,1467.26,56.95,1.145,165,130,Low
22,105,269,2.2,46.52,12.89,1464.92,56.68,1.145,164,130,Low
22,106,269,2.21,49.2,12.58,1466.53,57.71,1.145,163,130,Low
22,107,269,2.23,48.2,13.0,1461.54,56.33,1.145,162,130,Low
22,108,269,2.05,49.76,12.62,1465.86,57.85,1.145,161,130,Low
22,109,269,2.28,48.23,12.5,1456.67,57.41,1.145,160,130,Low
22,110,269,2.23,48.99,13.04,1460.52,56.77,1.145,159,130,Low
22,111,269,2.49,48.97,12.4,1470.35,57.3,1.145,158,130,Low
22,112,269,2.26,49.64,12.92,1468.05,57.81,1.145,157,130,Low
22,113,269,2.32,48.02,12.9,1456.84,57.69,1.145,156,130,Low
22,114,269,2.22,50.18,12.67,1472.75,56.9,1.145,155,130,Low
22,115,269,2.13,49.29,12.78,1464.76,58.0,1.145,154,130,Low
22,116,269,2.3,48.72,12.68,1467.73,56.83,1.145,153,130,Low
22,117,269,2.47,49.08,12.07,1462.59,58.02,1.145,152,130,Low
22,118,269,2.61,48.42,12.53,1463.27,56.83,1.145,151,130,Low
22,119,269,2.23,50.16,12.65,1464.13,57.66,1.145,150,130,Low
22,120,269,2.51,48.8,12.66,1453.96,58.0,1.145,149,130,Low
22,121,269,2.6,49.45,13.13,1464.19,57.62,1.145,148,130,Low
22,122,269,2.39,49.87,12.71,1455.79,58.14,1.145,147,130,Low
22,123,269,2.77,50.25,12.68,1459.98,58.1,1.145,146,130,Low
22,124,269,2.73,50.9,13.0,1455.49,57.4,1.145,145,130,Low
22,125,269,2.46,49.25,13.07,1453.97,56.45,1.145,144,130,Low
22,126,269,2.71,50.86,13.02,1470.44,58.55,1.145,143,130,Low
22,127,269,2.51,49.96,12.95,1465.63,58.76,1.145,142,130,Low
22,128,269,2.51,48.25,13.04,1464.09,58.22,1.145,141,130,Low
22,129,269,2.71,50.12,13.01,1456.65,58.71,1.145,140,130,Low
22,130,269,2.94,50.51,13.33,1458.1,58.78,1.145,139,130,Low
22,131,269,2.74,49.72,13.28,1448.76,57.7,1.145,138,130,Low
22,132,269,2.8,51.5,13.34,1460.57,58.46,1.145,137,130,Low
22,133,269,2.79,51.21,12.94,1448.37,58.67,1.145,136,130,Low
22,134,269,3.0,50.43,13.31,1461.58,60.0,1.145,135,130,Low
22,135,269,2.63,51.68,13.35,1447.03,59.96,1.145,134,130,Low
22,136,269,2.96,50.72,13.34,1447.34,59.25,1.145,133,130,Low
22,137,269,2.9,51.88,13.55,1445.73,59.11,1.145,132,130,Low
22,138,269,2.91,52.21,13.42,1444.77,59.12,1.145,131,130,Low
22,139,269,2.83,51.79,13.1,1453.55,59.26,1.145,130,130,Low
22,140,269,3.09,52.73,13.29,1440.92,59.96,1.145,129,129,Low
22,141,269,3.1,52.27,12.97,1457.16,58.79,1.145,128,128,Low
22,142,269,2.99,50.62,13.27,1454.05,58.81,1.145,127,127,Low
22,143,269,3.1,51.26,13.15,1450.94,59.73,1.145,126,126,Low
22,144,269,2.99,52.09,13.49,1441.19,57.92,1.145,125,125,Low
22,145,269,3.11,53.15,13.16,1450.12,59.19,1.145,124,124,Low
22,146,269,3.13,52.61,13.1,1447.61,60.05,1.145,123,123,Low
22,147,269,3.13,52.62,13.99,1442.73,59.17,1.145,122,122,Low
22,148,269,3.24,52.27,13.89,1458.82,59.66,1.145,121,121,Low
22,149,269,3.1,53.19,13.86,1447.31,59.11,1.145,120,120,Low
22,150,269,3.45,54.11,13.28,1455.16,59.11,1.145,119,119,Low
22,151,269,3.21,52.98,13.62,1452.65,60.28,1.145,118,118,Low
22,152,269,3.29,54.15,13.95,1452.09,59.5,1.145,117,117,Low
22,153,269,3.49,53.44,13.57,1443.82,60.59,1.145,116,116,Low
22,154,269,3.41,53.84,13.66,1459.6,60.32,1.145,115,115,Low
22,155,269,3.74,53.16,13.78,1443.28,59.93,1.145,114,114,Low
22,156,269,3.41,54.05,13.88,1432.82,59.49,1.145,113,113,Low
22,157,269,3.4,53.56,13.4,1446.57,60.17,1.145,112,112,Low
22,158,269,3.37,56.4,14.08,1435.46,61.51,1.145,111,111,Low
22,159,269,3.37,54.3,13.88,1448.39,60.38,1.145,110,110,Low
22,160,269,3.25,54.29,13.67,1434.37,59.54,1.145,109,109,Low
22,161,269,3.53,54.39,13.54,1444.61,60.73,1.145,108,108,Low
22,162,269,3.49,55.1,14.18,1447.63,60.02,1.145,107,107,Low
22,163,269,3.69,54.95,13.83,1436.15,61.1,1.145,106,106,Low
22,164,269,3.72,55.76,14.09,1424.58,60.96,1.145,105,105,Low
22,165,269,3.67,55.88,13.55,1449.03,61.46,1.145,104,104,Low
22,166,269,3.92,56.46,13.55,1438.0,60.69,1.145,103,103,Low
22,167,269,3.76,55.75,13.83,1454.16,60.26,1.145,102,102,Low
22,168,269,3.65,57.63,14.24,1439.77,61.25,1.145,101,101,Low
22,169,269,4.05,56.16,13.8,1435.18,62.23,1.145,100,100,Low
22,170,269,3.98,55.71,13.63,1441.75,61.84,1.145,99,99,Low
22,171,269,4.02,56.77,14.43,1447.7,61.24,1.145,98,98,Low
22,172,269,4.06,56.0,13.96,1431.09,61.4,1.145,97,97,Low
22,173,269,3.9,55.1,13.92,1437.46,62.69,1.145,96,96,Low
22,174,269,4.12,57.63,14.18,1427.99,62.28,1.145,95,95,Low
22,175,269,4.21,56.9,14.48,1430.71,62.02,1.145,94,94,Low
22,176,269,4.26,55.85,14.1,1438.7,61.65,1.145,93,93,Low
22,177,269,4.09,57.37,14.05,1423.6,63.45,1.145,92,92,Low
22,178,269,4.12,56.55,14.49,1438.81,61.69,1.145,91,91,Low
22,179,269,3.95,57.3,13.89,1433.8,62.02,1.145,90,90,Low
22,180,269,4.2,56.37,13.76,1412.72,63.05,1.145,89,89,Low
22,181,269,4.23,57.14,13.81,1454.75,62.56,1.145,88,88,Low
22,182,269,4.24,58.26,14.4,1421.98,62.25,1.145,87,87,Low
22,183,269,4.3,57.54,14.58,1435.29,61.79,1.145,86,86,Low
22,184,269,4.42,57.26,14.33,1427.16,61.96,1.145,85,85,Low
22,185,269,4.5,57.83,14.73,1434.89,63.65,1.145,84,84,Low
22,186,269,4.67,59.27,14.84,1418.94,63.18,1.145,83,83,Low
22,187,269,4.52,57.3,14.17,1423.15,63.12,1.145,82,82,Low
22,188,269,4.69,60.03,14.18,1418.88,63.68,1.145,81,81,Low
22,189,269,4.58,58.68,14.02,1419.6,64.22,1.145,80,80,Low
22,190,269,4.51,59.96,14.76,1422.52,63.38,1.145,79,79,Low
22,191,269,4.96,59.1,14.49,1419.02,63.73,1.145,78,78,Low
22,192,269,4.71,60.41,14.44,1424.09,63.83,1.145,77,77,Low
22,193,269,4.93,60.25,14.44,1416.43,64.19,1.145,76,76,Low
22,194,269,4.87,59.78,14.81,1420.29,64.53,1.145,75,75,Low
22,195,269,4.76,59.82,14.37,1420.72,64.25,1.145,74,74,Low
22,196,269,4.88,58.39,14.78,1427.14,64.39,1.145,73,73,Low
22,197,269,4.99,60.75,14.85,1423.14,63.81,1.145,72,72,Low
22,198,269,4.69,62.35,14.81,1422.63,64.33,1.145,71,71,Low
22,199,269,5.04,61.37,14.67,1412.1,64.44,1.145,70,70,Low
22,200,269,5.3,60.12,15.04,1419.08,65.06,1.145,69,69,Low
22,201,269,5.23,62.23,15.33,1408.74,64.3,1.145,68,68,Low
22,202,269,5.14,61.42,15.26,1416.88,65.3,1.145,67,67,Low
22,203,269,5.2,62.06,14.81,1410.72,65.53,1.145,66,66,Low
22,204,269,5.37,61.86,15.08,1417.31,65.0,1.145,65,65,Low
22,205,269,5.31,62.79,15.26,1401.39,65.59,1.145,64,64,Low
22,206,269,5.2,61.44,15.33,1422.02,66.01,1.145,63,63,Low
22,207,269,5.42,63.15,15.22,1415.0,65.07,1.145,62,62,Low
22,208,269,5.5,62.96,15.46,1401.78,66.58,1.145,61,61,Low
22,209,269,5.36,63.48,15.78,1405.87,65.37,1.145,60,60,Low
22,210,269,5.34,63.31,14.94,1406.44,66.12,1.145,59,59,Low
22,211,269,5.47,64.25,16.24,1399.74,66.3,1.145,58,58,Low
22,212,269,5.71,63.27,15.79,1414.45,65.72,1.145,57,57,Low
22,213,269,5.78,64.34,15.72,1401.34,66.62,1.145,56,56,Low
22,214,269,5.64,64.6,15.48,1409.71,66.82,1.145,55,55,Low
22,215,269,5.59,64.92,15.39,1404.47,67.12,1.145,54,54,Low
22,216,269,5.71,66.0,15.75,1405.0,67.88,1.145,53,53,Low
22,217,269,5.52,65.13,15.7,1404.92,67.08,1.145,52,52,Low
22,218,269,6.02,65.08,15.79,1394.41,66.51,1.145,51,51,Low
22,219,269,5.92,65.61,15.81,1387.8,68.72,1.145,50,50,Low
22,220,269,6.13,65.22,15.15,1397.03,67.23,1.145,49,49,Low
22,221,269,6.06,64.63,15.78,1396.42,68.48,1.145,48,48,Low
22,222,269,6.01,67.0,15.8,1388.46,68.28,1.145,47,47,Low
22,223,269,6.14,66.0,16.0,1389.27,68.13,1.145,46,46,Low
22,224,269,6.53,66.23,16.04,1392.97,67.34,1.145,45,45,Low
22,225,269,6.26,66.83,16.36,1387.31,68.7,1.145,44,44,Low
22,226,269,6.3,67.57,16.6,1390.04,69.22,1.145,43,43,Low
22,227,269,6.7,67.67,15.62,1386.73,68.24,1.145,42,42,Low
22,228,269,6.28,66.44,16.03,1382.24,68.12,1.145,41,41,Low
22,229,269,6.51,69.03,15.64,1390.53,69.23,1.145,40,40,Medium
22,230,269,6.65,68.98,15.93,1384.96,69.62,1.145,39,39,Medium
22,231,269,6.63,69.01,16.22,1381.49,69.61,1.145,38,38,Medium
22,232,269,6.65,69.13,16.71,1384.76,68.64,1.145,37,37,Medium
22,233,269,6.67,68.57,16.45,1379.14,69.07,1.145,36,36,Medium
22,234,269,6.79,69.95,16.18,1387.35,70.05,1.145,35,35,Medium
22,235,269,6.85,69.28,16.97,1384.12,69.92,1.145,34,34,Medium
22,236,269,6.91,69.8,16.3,1379.09,68.79,1.145,33,33,Medium
22,237,269,6.88,69.83,16.42,1382.05,70.09,1.145,32,32,Medium
22,238,269,7.21,69.89,16.48,1379.43,70.56,1.145,31,31,Medium
22,239,269,7.1,71.08,16.64,1372.12,72.02,1.145,30,30,Medium
22,240,269,7.03,71.27,17.13,1380.76,71.19,1.145,29,29,Medium
22,241,269,7.02,70.2,16.63,1387.38,70.75,1.145,28,28,Medium
22,242,269,7.3,71.98,17.2,1367.44,70.51,1.145,27,27,Medium
22,243,269,7.55,71.67,16.97,1371.77,70.56,1.145,26,26,Medium
22,244,269,7.45,70.75,16.98,1358.31,71.52,1.145,25,25,Medium
22,245,269,7.49,72.38,17.18,1380.3,71.79,1.145,24,24,Medium
22,246,269,7.53,72.72,16.97,1371.6,70.88,1.145,23,23,Medium
22,247,269,7.48,71.15,17.26,1368.79,71.19,1.145,22,22,Medium
22,248,269,7.62,74.08,16.88,1364.58,71.66,1.145,21,21,Medium
22,249,269,7.49,73.78,16.86,1361.31,72.39,1.145,20,20,Medium
22,250,269,8.05,73.46,17.04,1370.27,72.05,1.145,19,19,Medium
22,251,269,7.75,73.56,17.6,1359.85,71.86,1.145,18,18,Medium
22,252,269,7.81,72.97,17.44,1365.2,72.36,1.145,17,17,Medium
22,253,269,7.93,74.2,16.65,1368.43,72.85,1.145,16,16,Medium
22,254,269,8.08,75.32,17.41,1363.22,72.23,1.145,15,15,High
22,255,269,8.08,75.14,17.52,1362.3,74.31,1.145,14,14,High
22,256,269,7.83,74.77,17.14,1355.97,73.9,1.145,13,13,High
22,257,269,8.35,77.09,17.23,1343.67,72.81,1.145,12,12,High
22,258,269,8.2,75.61,17.35,1353.97,73.81,1.145,11,11,High
22,259,269,8.14,75.47,17.65,1355.98,73.28,1.145,10,10,High
22,260,269,8.2,75.14,18.2,1366.66,73.49,1.145,9,9,High
22,261,269,8.42,76.86,17.77,1347.86,74.07,1.145,8,8,High
22,262,269,8.56,77.37,17.5,1348.83,74.51,1.145,7,7,High
22,263,269,8.39,78.21,17.87,1351.7,73.7,1.145,6,6,High
22,264,269,8.62,77.41,17.83,1350.16,75.72,1.145,5,5,High
22,265,269,8.67,76.93,17.91,1354.12,75.27,1.145,4,4,High
22,266,269,8.83,78.6,17.91,1348.23,75.94,1.145,3,3,High
22,267,269,8.85,78.98,18.01,1337.5,74.31,1.145,2,2,High
22,268,269,8.91,77.35,18.35,1343.48,75.93,1.145,1,1,High
22,269,269,8.86,79.97,18.29,1333.27,76.28,1.145,0,0,High
23,1,174,1.43,44.51,12.14,1482.62,55.25,1.054,173,130,Low
23,2,174,1.38,44.63,11.87,1476.29,55.46,1.054,172,130,Low
23,3,174,1.4,45.33,12.01,1483.21,55.35,1.054,171,130,Low
23,4,174,1.3,46.23,12.0,1476.04,55.09,1.054,170,130,Low
23,5,174,1.4,46.08,12.08,1476.15,53.53,1.054,169,130,Low
23,6,174,1.5,46.27,12.51,1479.27,54.62,1.054,168,130,Low
23,7,174,1.56,44.55,11.69,1472.46,55.57,1.054,167,130,Low
23,8,174,1.51,45.39,12.12,1472.75,55.08,1.054,166,130,Low
23,9,174,1.41,46.17,11.72,1476.86,55.8,1.054,165,130,Low
23,10,174,1.47,46.53,11.76,1492.75,55.28,1.054,164,130,Low
23,11,174,1.41,44.88,11.76,1480.64,54.61,1.054,163,130,Low
23,12,174,1.44,46.24,11.66,1486.52,55.26,1.054,162,130,Low
23,13,174,1.43,43.45,11.93,1478.65,54.29,1.054,161,130,Low
23,14,174,1.73,45.4,11.99,1475.77,54.38,1.054,160,130,Low
23,15,174,1.5,45.77,12.27,1489.28,53.25,1.054,159,130,Low
23,16,174,1.58,45.53,12.2,1482.51,55.96,1.054,158,130,Low
23,17,174,1.49,44.35,11.85,1483.54,55.92,1.054,157,130,Low
23,18,174,1.75,44.46,11.79,1476.67,56.2,1.054,156,130,Low
23,19,174,1.39,43.28,12.12,1477.01,55.5,1.054,155,130,Low
23,20,174,1.61,44.48,11.81,1474.5,55.25,1.054,154,130,Low
23,21,174,1.42,45.26,12.01,1467.26,55.0,1.054,153,130,Low
23,22,174,1.43,44.78,11.91,1471.78,54.73,1.054,152,130,Low
23,23,174,1.79,44.42,12.13,1471.32,55.01,1.054,151,130,Low
23,24,174,1.59,46.07,11.86,1476.08,55.27,1.054,150,130,Low
23,25,174,1.7,45.39,12.48,1467.98,55.56,1.054,149,130,Low
23,26,174,1.52,47.06,11.78,1482.18,55.16,1.054,148,130,Low
23,27,174,1.43,45.76,12.43,1477.3,55.44,1.054,147,130,Low
23,28,174,1.51,46.03,12.26,1467.51,56.24,1.054,146,130,Low
23,29,174,1.45,47.32,12.16,1473.17,55.65,1.054,145,130,Low
23,30,174,1.7,45.84,11.99,1481.35,55.7,1.054,144,130,Low
23,31,174,1.46,45.28,11.94,1477.35,55.14,1.054,143,130,Low
23,32,174,1.74,47.42,11.92,1475.26,54.21,1.054,142,130,Low
23,33,174,1.61,45.4,12.14,1483.15,54.8,1.054,141,130,Low
23,34,174,1.75,45.46,12.56,1478.71,54.83,1.054,140,130,Low
23,35,174,1.56,44.6,11.94,1474.52,56.34,1.054,139,130,Low
23,36,174,1.6,46.14,12.31,1480.69,54.85,1.054,138,130,Low
23,37,174,1.79,45.44,12.23,1476.13,56.06,1.054,137,130,Low
23,38,174,1.48,44.08,12.41,1474.46,55.45,1.054,136,130,Low
23,39,174,1.78,44.35,12.62,1478.17,54.59,1.054,135,130,Low
23,40,174,1.59,44.84,11.98,1478.16,55.61,1.054,134,130,Low
23,41,174,1.72,46.6,12.06,1472.68,55.52,1.054,133,130,Low
23,42,174,1.87,46.08,11.98,1475.05,55.5,1.054,132,130,Low
23,43,174,1.75,45.29,11.93,1479.14,55.12,1.054,131,130,Low
23,44,174,1.75,45.05,12.03,1472.97,55.66,1.054,130,130,Low
23,45,174,1.49,46.82,12.28,1478.12,56.21,1.054,129,129,Low
23,46,174,1.5,47.14,11.96,1471.17,56.2,1.054,128,128,Low
23,47,174,1.75,46.41,12.31,1482.0,56.44,1.054,127,127,Low
23,48,174,1.78,45.61,11.84,1466.33,55.84,1.054,126,126,Low
23,49,174,1.79,46.22,12.05,1484.44,55.34,1.054,125,125,Low
23,50,174,1.84,46.07,12.67,1475.61,55.62,1.054,124,124,Low
23,51,174,1.75,46.71,12.14,1475.75,56.06,1.054,123,123,Low
23,52,174,1.62,47.3,12.15,1471.19,56.08,1.054,122,122,Low
23,53,174,1.98,45.66,12.56,1468.73,55.55,1.054,121,121,Low
23,54,174,1.9,46.73,12.58,1473.01,55.73,1.054,120,120,Low
23,55,174,1.8,46.63,12.52,1475.28,55.77,1.054,119,119,Low
23,56,174,1.95,46.03,12.46,1464.5,56.7,1.054,118,118,Low
23,57,174,1.99,47.41,12.5,1463.21,55.92,1.054,117,117,Low
23,58,174,1.93,46.81,12.14,1482.35,56.16,1.054,116,116,Low
23,59,174,2.12,48.75,12.24,1478.3,56.39,1.054,115,115,Low
23,60,174,2.06,47.25,12.48,1466.81,55.95,1.054,114,114,Low
23,61,174,2.24,48.19,12.7,1461.86,55.98,1.054,113,113,Low
23,62,174,2.01,47.67,12.4,1478.3,55.4,1.054,112,112,Low
23,63,174,1.97,47.92,12.55,1461.3,55.6,1.054,111,111,Low
23,64,174,1.9,48.44,12.28,1480.44,55.84,1.054,110,110,Low
23,65,174,2.13,48.6,12.82,1455.67,55.8,1.054,109,109,Low
23,66,174,2.12,47.49,12.34,1465.32,55.8,1.054,108,108,Low
23,67,174,2.33,48.4,12.51,1469.42,56.03,1.054,107,107,Low
23,68,174,2.18,47.93,12.41,1464.95,56.99,1.054,106,106,Low
23,69,174,2.2,49.41,12.91,1473.98,57.49,1.054,105,105,Low
23,70,174,2.33,47.93,12.65,1472.41,57.66,1.054,104,104,Low
23,71,174,2.02,48.35,12.78,1480.43,57.27,1.054,103,103,Low
23,72,174,2.15,49.22,12.97,1466.14,56.3,1.054,102,102,Low
23,73,174,2.31,47.53,12.77,1468.54,56.89,1.054,101,101,Low
23,74,174,2.19,49.51,13.13,1455.69,56.08,1.054,100,100,Low
23,75,174,2.43,47.97,12.43,1460.23,58.32,1.054,99,99,Low
23,76,174,2.44,49.48,13.46,1460.16,58.36,1.054,98,98,Low
23,77,174,2.61,50.46,12.87,1464.31,58.49,1.054,97,97,Low
23,78,174,2.45,49.13,12.68,1469.55,58.92,1.054,96,96,Low
23,79,174,2.42,49.68,12.64,1456.13,57.65,1.054,95,95,Low
23,80,174,2.66,49.67,12.53,1459.32,58.25,1.054,94,94,Low
23,81,174,2.7,50.47,12.4,1476.59,57.44,1.054,93,93,Low
23,82,174,2.4,50.91,13.32,1461.52,57.09,1.054,92,92,Low
23,83,174,2.61,51.51,12.99,1460.42,57.91,1.054,91,91,Low
23,84,174,2.53,49.53,12.96,1454.03,58.04,1.054,90,90,Low
23,85,174,2.69,49.29,12.87,1459.08,57.42,1.054,89,89,Low
23,86,174,2.64,49.92,13.42,1460.14,57.73,1.054,88,88,Low
23,87,174,2.75,52.17,13.08,1451.89,57.93,1.054,87,87,Low
23,88,174,2.67,49.81,12.78,1447.81,58.25,1.054,86,86,Low
23,89,174,2.74,50.09,13.04,1459.28,58.95,1.054,85,85,Low
23,90,174,2.8,51.14,13.18,1462.6,59.08,1.054,84,84,Low
23,91,174,2.85,51.32,13.06,1450.52,60.72,1.054,83,83,Low
23,92,174,3.03,50.46,13.19,1463.2,57.76,1.054,82,82,Low
23,93,174,2.99,52.21,12.98,1450.54,58.59,1.054,81,81,Low
23,94,174,2.96,52.73,12.99,1455.14,59.81,1.054,80,80,Low
23,95,174,3.16,52.76,13.43,1449.02,59.08,1.054,79,79,Low
23,96,174,3.08,52.42,13.2,1448.5,59.6,1.054,78,78,Low
23,97,174,2.99,53.9,13.01,1445.37,58.94,1.054,77,77,Low
23,98,174,2.93,51.44,12.96,1451.44,60.35,1.054,76,76,Low
23,99,174,3.36,52.14,13.56,1454.67,59.5,1.054,75,75,Low
23,100,174,3.38,54.35,13.54,1449.01,59.92,1.054,74,74,Low
23,101,174,3.16,53.77,13.6,1444.91,60.31,1.054,73,73,Low
23,102,174,3.25,52.96,13.52,1457.68,61.1,1.054,72,72,Low
23,103,174,3.23,52.14,13.37,1456.15,59.96,1.054,71,71,Low
23,104,174,3.49,53.2,13.42,1444.26,61.21,1.054,70,70,Low
23,105,174,3.43,53.4,13.4,1446.36,60.98,1.054,69,69,Low
23,106,174,3.3,54.54,13.59,1445.89,60.06,1.054,68,68,Low
23,107,174,3.53,54.62,13.45,1436.06,60.38,1.054,67,67,Low
23,108,174,3.55,54.44,13.71,1440.75,59.79,1.054,66,66,Low
23,109,174,3.67,55.39,13.84,1435.29,61.52,1.054,65,65,Low
23,110,174,3.58,53.83,14.03,1439.3,61.53,1.054,64,64,Low
23,111,174,3.55,55.08,14.3,1444.73,61.81,1.054,63,63,Low
23,112,174,3.76,55.83,13.88,1448.78,62.2,1.054,62,62,Low
23,113,174,3.79,55.88,13.72,1450.53,60.47,1.054,61,61,Low
23,114,174,3.74,55.34,14.35,1442.58,61.32,1.054,60,60,Low
23,115,174,4.13,55.2,14.46,1432.4,62.74,1.054,59,59,Low
23,116,174,3.91,57.52,13.86,1436.41,61.78,1.054,58,58,Low
23,117,174,4.04,56.89,14.09,1431.07,62.5,1.054,57,57,Low
23,118,174,4.13,57.01,14.58,1431.18,62.54,1.054,56,56,Low
23,119,174,4.07,56.97,14.43,1422.18,62.08,1.054,55,55,Low
23,120,174,4.47,56.84,14.17,1424.81,62.78,1.054,54,54,Low
23,121,174,4.28,57.99,14.35,1421.42,62.02,1.054,53,53,Low
23,122,174,4.25,57.74,14.3,1426.23,63.96,1.054,52,52,Low
23,123,174,4.43,58.5,14.27,1422.5,63.19,1.054,51,51,Low
23,124,174,4.43,58.38,14.39,1422.49,63.06,1.054,50,50,Low
23,125,174,4.51,58.37,14.59,1429.75,63.36,1.054,49,49,Low
23,126,174,4.69,58.87,13.93,1429.98,62.84,1.054,48,48,Low
23,127,174,4.88,59.38,14.37,1417.65,63.55,1.054,47,47,Low
23,128,174,4.57,60.06,14.34,1414.42,63.4,1.054,46,46,Low
23,129,174,4.89,60.31,15.18,1430.04,64.74,1.054,45,45,Low
23,130,174,4.71,60.31,15.09,1414.92,64.33,1.054,44,44,Low
23,131,174,4.78,61.37,14.96,1423.37,64.49,1.054,43,43,Low
23,132,174,4.86,62.14,14.78,1415.82,64.66,1.054,42,42,Low
23,133,174,5.05,61.33,14.54,1427.34,65.42,1.054,41,41,Low
23,134,174,4.97,61.43,14.52,1426.46,64.81,1.054,40,40,Medium
23,135,174,5.12,63.06,14.83,1417.91,65.36,1.054,39,39,Medium
23,136,174,5.43,61.92,14.95,1411.81,66.02,1.054,38,38,Medium
23,137,174,5.22,62.89,14.66,1408.55,65.04,1.054,37,37,Medium
23,138,174,5.38,61.31,15.39,1414.91,66.04,1.054,36,36,Medium
23,139,174,5.57,62.76,14.99,1413.48,65.84,1.054,35,35,Medium
23,140,174,5.59,63.1,15.41,1398.89,66.05,1.054,34,34,Medium
23,141,174,5.67,63.03,15.8,1404.39,66.73,1.054,33,33,Medium
23,142,174,5.44,65.41,15.75,1407.63,66.21,1.054,32,32,Medium
23,143,174,5.49,63.45,15.79,1411.23,66.87,1.054,31,31,Medium
23,144,174,5.72,64.16,15.59,1398.9,67.51,1.054,30,30,Medium
23,145,174,5.64,64.95,15.41,1397.33,67.76,1.054,29,29,Medium
23,146,174,5.58,65.35,15.91,1404.63,67.42,1.054,28,28,Medium
23,147,174,5.92,66.01,15.94,1400.99,67.59,1.054,27,27,Medium
23,148,174,5.84,65.94,15.68,1389.63,68.05,1.054,26,26,Medium
23,149,174,6.02,66.42,15.97,1389.7,68.69,1.054,25,25,Medium
23,150,174,5.93,67.56,16.29,1406.16,68.42,1.054,24,24,Medium
23,151,174,6.32,69.21,15.98,1384.29,69.27,1.054,23,23,Medium
23,152,174,6.43,68.12,16.16,1393.44,68.41,1.054,22,22,Medium
23,153,174,6.35,67.31,15.99,1382.28,69.17,1.054,21,21,Medium
23,154,174,6.6,68.95,16.6,1393.24,68.67,1.054,20,20,Medium
23,155,174,6.73,68.15,16.18,1392.64,69.39,1.054,19,19,Medium
23,156,174,6.7,69.5,16.44,1394.49,68.23,1.054,18,18,Medium
23,157,174,6.6,69.51,16.41,1368.45,69.98,1.054,17,17,Medium
23,158,174,6.88,70.08,16.71,1374.23,69.45,1.054,16,16,Medium
23,159,174,7.13,69.91,16.49,1375.19,70.55,1.054,15,15,High
23,160,174,7.19,71.68,16.22,1380.62,70.62,1.054,14,14,High
23,161,174,7.02,70.72,17.11,1382.89,71.18,1.054,13,13,High
23,162,174,7.29,71.46,16.79,1365.38,70.97,1.054,12,12,High
23,163,174,7.39,71.09,16.91,1370.91,71.68,1.054,11,11,High
23,164,174,7.35,71.07,16.64,1364.94,71.91,1.054,10,10,High
23,165,174,7.57,72.19,16.99,1369.86,71.8,1.054,9,9,High
23,166,174,7.61,70.95,17.43,1367.81,71.85,1.054,8,8,High
23,167,174,7.72,73.59,16.67,1362.94,72.12,1.054,7,7,High
23,168,174,7.91,74.01,16.99,1365.93,71.99,1.054,6,6,High
23,169,174,7.68,73.62,16.85,1367.77,72.35,1.054,5,5,High
23,170,174,7.97,73.72,17.12,1371.79,72.91,1.054,4,4,High
23,171,174,7.94,74.5,17.83,1364.79,72.91,1.054,3,3,High
23,172,174,7.79,75.89,17.11,1362.06,74.5,1.054,2,2,High
23,173,174,8.47,77.44,17.93,1348.9,74.08,1.054,1,1,High
23,174,174,8.44,76.65,17.83,1335.11,73.86,1.054,0,0,High
24,1,210,1.79,45.75,12.23,1487.63,55.0,1.118,209,130,Low
24,2,210,1.55,44.22,12.4,1485.9,54.73,1.118,208,130,Low
24,3,210,1.71,44.45,12.2,1485.83,55.48,1.118,207,130,Low
24,4,210,1.35,43.97,12.0,1481.56,55.46,1.118,206,130,Low
24,5,210,1.49,42.72,11.77,1480.58,53.84,1.118,205,130,Low
24,6,210,1.47,46.99,11.98,1475.59,55.41,1.118,204,130,Low
24,7,210,1.37,44.74,12.01,1468.24,55.36,1.118,203,130,Low
24,8,210,1.5,45.01,11.89,1484.16,54.93,1.118,202,130,Low
24,9,210,1.36,45.24,12.03,1473.35,54.8,1.118,201,130,Low
24,10,210,1.69,44.23,12.02,1480.53,54.34,1.118,200,130,Low
24,11,210,1.33,45.49,12.0,1476.44,54.75,1.118,199,130,Low
24,12,210,1.4,46.86,11.99,1474.62,54.62,1.118,198,130,Low
24,13,210,1.55,44.0,11.8,1477.66,54.29,1.118,197,130,Low
24,14,210,1.44,45.79,11.98,1478.56,54.89,1.118,196,130,Low
24,15,210,1.68,44.18,11.73,1476.15,54.28,1.118,195,130,Low
24,16,210,1.61,45.7,11.84,1480.84,55.25,1.118,194,130,Low
24,17,210,1.51,43.69,12.4,1475.01,54.31,1.118,193,130,Low
24,18,210,1.16,46.33,12.02,1476.75,55.38,1.118,192,130,Low
24,19,210,1.38,45.55,12.13,1476.68,54.62,1.118,191,130,Low
24,20,210,1.43,44.55,12.31,1487.15,55.5,1.118,190,130,Low
24,21,210,1.38,45.03,11.77,1478.8,55.14,1.118,189,130,Low
24,22,210,1.66,45.78,12.16,1477.46,56.19,1.118,188,130,Low
24,23,210,1.47,45.33,12.07,1475.41,55.35,1.118,187,130,Low
24,24,210,1.59,44.39,12.18,1488.89,55.34,1.118,186,130,Low
24,25,210,1.47,46.64,12.22,1484.42,55.49,1.118,185,130,Low
24,26,210,1.53,44.23,11.92,1477.25,55.07,1.118,184,130,Low
24,27,210,1.54,45.68,12.07,1473.65,54.7,1.118,183,130,Low
24,28,210,1.55,44.37,11.66,1473.76,54.76,1.118,182,130,Low
24,29,210,1.79,44.52,11.99,1479.29,55.49,1.118,181,130,Low
24,30,210,1.61,45.66,12.03,1480.58,54.66,1.118,180,130,Low
24,31,210,1.8,45.83,11.85,1478.88,55.21,1.118,179,130,Low
24,32,210,1.57,45.11,11.98,1469.84,53.72,1.118,178,130,Low
24,33,210,1.48,45.93,12.04,1483.5,54.0,1.118,177,130,Low
24,34,210,1.55,45.9,11.83,1474.18,54.92,1.118,176,130,Low
24,35,210,1.55,45.33,11.76,1468.57,55.28,1.118,175,130,Low
24,36,210,1.5,45.12,12.48,1475.22,54.83,1.118,174,130,Low
24,37,210,1.4,45.92,12.0,1462.84,54.77,1.118,173,130,Low
24,38,210,1.63,44.53,12.58,1484.39,55.06,1.118,172,130,Low
24,39,210,1.61,45.5,11.96,1487.65,55.59,1.118,171,130,Low
24,40,210,1.45,46.68,11.91,1478.97,55.51,1.118,170,130,Low
24,41,210,1.75,44.8,11.98,1472.4,55.1,1.118,169,130,Low
24,42,210,1.75,43.98,11.95,1473.7,55.3,1.118,168,130,Low
24,43,210,1.43,46.4,12.18,1477.39,56.38,1.118,167,130,Low
24,44,210,1.97,45.63,11.97,1471.09,54.05,1.118,166,130,Low
24,45,210,1.66,46.33,11.88,1477.23,55.82,1.118,165,130,Low
24,46,210,1.52,45.25,12.15,1475.16,55.71,1.118,164,130,Low
24,47,210,1.8,46.02,11.68,1480.24,55.17,1.118,163,130,Low
24,48,210,1.53,45.39,11.84,1477.14,54.85,1.118,162,130,Low
24,49,210,1.77,47.14,12.19,1479.97,56.35,1.118,161,130,Low
24,50,210,1.88,45.07,12.21,1479.21,55.96,1.118,160,130,Low
24,51,210,1.69,45.22,12.39,1467.49,54.55,1.118,159,130,Low
24,52,210,1.6,45.59,12.21,1476.94,55.95,1.118,158,130,Low
24,53,210,1.89,46.9,11.97,1476.55,55.58,1.118,157,130,Low
24,54,210,1.59,46.72,12.07,1466.49,55.86,1.118,156,130,Low
24,55,210,1.81,46.48,12.5,1470.5,55.4,1.118,155,130,Low
24,56,210,1.68,47.47,12.19,1473.82,55.42,1.118,154,130,Low
24,57,210,1.88,45.96,12.11,1487.46,55.8,1.118,153,130,Low
24,58,210,1.82,45.99,11.94,1474.63,55.84,1.118,152,130,Low
24,59,210,1.95,46.43,12.51,1465.61,55.88,1.118,151,130,Low
24,60,210,2.13,45.83,12.6,1476.44,55.86,1.118,150,130,Low
24,61,210,1.94,45.51,12.49,1478.54,56.39,1.118,149,130,Low
24,62,210,1.92,47.02,11.9,1472.28,56.56,1.118,148,130,Low
24,63,210,1.93,46.21,12.23,1474.41,55.58,1.118,147,130,Low
24,64,210,1.88,46.66,12.28,1479.03,54.96,1.118,146,130,Low
24,65,210,1.83,47.91,12.34,1475.12,56.19,1.118,145,130,Low
24,66,210,1.74,47.01,12.36,1472.2,56.19,1.118,144,130,Low
24,67,210,1.83,48.3,11.92,1460.92,56.18,1.118,143,130,Low
24,68,210,1.79,48.21,12.1,1476.98,55.38,1.118,142,130,Low
24,69,210,1.86,48.09,12.71,1463.74,55.2,1.118,141,130,Low
24,70,210,2.13,46.78,12.46,1473.55,56.81,1.118,140,130,Low
24,71,210,2.01,47.58,12.22,1462.53,55.65,1.118,139,130,Low
24,72,210,1.99,47.96,12.08,1464.51,56.47,1.118,138,130,Low
24,73,210,2.02,47.95,12.36,1473.33,55.85,1.118,137,130,Low
24,74,210,1.81,49.11,12.23,1467.11,57.33,1.118,136,130,Low
24,75,210,2.26,48.53,12.4,1465.17,56.59,1.118,135,130,Low
24,76,210,2.08,47.88,12.79,1468.8,56.08,1.118,134,130,Low
24,77,210,2.02,47.28,12.28,1466.34,57.44,1.118,133,130,Low
24,78,210,2.24,48.5,12.36,1461.83,57.0,1.118,132,130,Low
24,79,210,2.18,47.55,12.42,1465.04,57.14,1.118,131,130,Low
24,80,210,2.05,47.8,12.04,1466.23,57.01,1.118,130,130,Low
24,81,210,2.12,46.72,12.55,1465.57,57.66,1.118,129,129,Low
24,82,210,2.17,49.35,12.52,1463.59,56.73,1.118,128,128,Low
24,83,210,2.24,48.29,12.48,1461.49,57.09,1.118,127,127,Low
24,84,210,2.26,48.31,12.53,1463.91,56.47,1.118,126,126,Low
24,85,210,2.27,49.05,12.91,1463.99,56.6,1.118,125,125,Low
24,86,210,2.15,48.97,12.57,1466.6,56.98,1.118,124,124,Low
24,87,210,2.2,48.12,12.2,1469.18,57.24,1.118,123,123,Low
24,88,210,2.27,49.31,12.65,1457.42,57.3,1.118,122,122,Low
24,89,210,2.3,49.77,12.58,1463.54,57.85,1.118,121,121,Low
24,90,210,2.43,48.32,12.62,1459.36,57.61,1.118,120,120,Low
24,91,210,2.37,49.27,12.77,1466.32,56.58,1.118,119,119,Low
24,92,210,2.49,50.53,12.96,1470.07,57.17,1.118,118,118,Low
24,93,210,2.53,49.56,12.75,1477.42,57.01,1.118,117,117,Low
24,94,210,2.6,48.24,12.68,1457.57,58.02,1.118,116,116,Low
24,95,210,2.63,49.51,12.82,1456.24,58.14,1.118,115,115,Low
24,96,210,2.6,49.08,13.02,1454.67,58.52,1.118,114,114,Low
24,97,210,2.57,48.99,12.91,1465.68,58.31,1.118,113,113,Low
24,98,210,2.62,49.14,12.77,1469.8,58.06,1.118,112,112,Low
24,99,210,2.71,50.05,13.2,1454.8,58.06,1.118,111,111,Low
24,100,210,2.74,51.33,13.0,1467.53,58.37,1.118,110,110,Low
24,101,210,2.71,50.03,12.93,1452.19,58.42,1.118,109,109,Low
24,102,210,2.67,50.7,12.89,1458.48,59.73,1.118,108,108,Low
24,103,210,2.72,51.14,13.16,1449.97,58.7,1.118,107,107,Low
24,104,210,2.58,51.62,12.95,1453.8,58.1,1.118,106,106,Low
24,105,210,2.58,50.88,13.01,1464.29,58.72,1.118,105,105,Low
24,106,210,2.67,52.05,13.04,1458.53,58.9,1.118,104,104,Low
24,107,210,2.78,49.83,12.81,1452.11,59.25,1.118,103,103,Low
24,108,210,2.94,51.94,12.79,1444.83,58.88,1.118,102,102,Low
24,109,210,2.72,52.24,13.22,1460.48,59.08,1.118,101,101,Low
24,110,210,2.92,51.49,13.0,1463.36,58.27,1.118,100,100,Low
24,111,210,3.01,51.09,12.85,1461.73,58.07,1.118,99,99,Low
24,112,210,2.92,52.39,13.68,1451.8,58.28,1.118,98,98,Low
24,113,210,3.02,52.48,13.16,1448.21,59.9,1.118,97,97,Low
24,114,210,3.2,52.1,13.53,1450.59,58.16,1.118,96,96,Low
24,115,210,3.2,51.48,12.87,1452.72,59.77,1.118,95,95,Low
24,116,210,3.18,53.16,13.53,1453.86,59.67,1.118,94,94,Low
24,117,210,3.25,51.51,13.28,1456.26,60.78,1.118,93,93,Low
24,118,210,3.39,52.89,13.24,1446.45,60.11,1.118,92,92,Low
24,119,210,3.22,53.15,13.95,1452.31,60.71,1.118,91,91,Low
24,120,210,2.99,53.47,13.73,1448.81,59.73,1.118,90,90,Low
24,121,210,3.46,52.68,13.47,1449.17,59.87,1.118,89,89,Low
24,122,210,3.31,52.87,13.93,1439.14,60.03,1.118,88,88,Low
24,123,210,3.33,53.54,13.71,1437.68,60.97,1.118,87,87,Low
24,124,210,3.33,54.0,14.08,1446.2,61.63,1.118,86,86,Low
24,125,210,3.43,54.37,13.03,1439.75,61.33,1.118,85,85,Low
24,126,210,3.59,54.7,13.76,1442.05,60.08,1.118,84,84,Low
24,127,210,3.63,53.36,13.76,1447.19,60.43,1.118,83,83,Low
24,128,210,3.56,55.1,13.55,1440.31,60.05,1.118,82,82,Low
24,129,210,3.75,55.27,13.93,1436.0,61.5,1.118,81,81,Low
24,130,210,3.78,55.04,13.48,1440.25,60.62,1.118,80,80,Low
24,131,210,3.57,55.91,13.89,1439.6,61.43,1.118,79,79,Low
24,132,210,3.64,54.21,14.09,1432.63,61.55,1.118,78,78,Low
24,133,210,3.81,55.81,14.02,1436.91,60.6,1.118,77,77,Low
24,134,210,3.69,56.25,13.47,1437.05,61.93,1.118,76,76,Low
24,135,210,3.76,54.78,13.77,1428.3,62.16,1.118,75,75,Low
24,136,210,4.0,55.73,13.99,1434.68,61.82,1.118,74,74,Low
24,137,210,4.14,57.13,14.14,1438.88,61.73,1.118,73,73,Low
24,138,210,4.14,56.95,13.9,1434.1,62.52,1.118,72,72,Low
24,139,210,4.05,56.16,14.89,1431.73,61.57,1.118,71,71,Low
24,140,210,3.96,58.12,14.48,1430.11,63.06,1.118,70,70,Low
24,141,210,4.29,56.05,14.35,1437.83,62.51,1.118,69,69,Low
24,142,210,4.29,58.4,14.7,1432.51,63.04,1.118,68,68,Low
24,143,210,4.35,56.74,14.61,1432.4,61.75,1.118,67,67,Low
24,144,210,4.47,57.77,14.4,1431.79,62.98,1.118,66,66,Low
24,145,210,4.56,58.74,14.75,1419.84,62.85,1.118,65,65,Low
24,146,210,4.31,58.72,14.4,1423.44,63.27,1.118,64,64,Low
24,147,210,4.52,57.49,14.3,1418.77,62.98,1.118,63,63,Low
24,148,210,4.68,60.41,14.4,1418.1,64.04,1.118,62,62,Low
24,149,210,4.63,59.87,14.77,1432.63,63.62,1.118,61,61,Low
24,150,210,4.57,59.15,14.53,1420.95,64.29,1.118,60,60,Low
24,151,210,4.65,60.79,14.81,1420.29,63.59,1.118,59,59,Low
24,152,210,4.63,60.36,15.47,1423.53,64.09,1.118,58,58,Low
24,153,210,4.86,61.36,14.81,1417.97,63.32,1.118,57,57,Low
24,154,210,4.67,60.74,14.83,1408.79,63.87,1.118,56,56,Low
24,155,210,4.97,60.26,14.61,1423.67,64.55,1.118,55,55,Low
24,156,210,5.0,60.75,14.81,1409.7,64.74,1.118,54,54,Low
24,157,210,4.96,62.06,15.17,1415.95,65.12,1.118,53,53,Low
24,158,210,5.14,60.77,14.86,1417.4,65.2,1.118,52,52,Low
24,159,210,5.18,61.97,15.17,1416.51,65.4,1.118,51,51,Low
24,160,210,5.04,62.27,15.28,1414.69,65.77,1.118,50,50,Low
24,161,210,5.37,62.73,15.33,1414.17,65.71,1.118,49,49,Low
24,162,210,5.01,62.1,15.57,1409.62,65.75,1.118,48,48,Low
24,163,210,5.45,63.3,15.3,1406.86,65.67,1.118,47,47,Low
24,164,210,5.47,62.14,15.23,1410.93,66.19,1.118,46,46,Low
24,165,210,5.54,63.14,15.3,1397.26,66.05,1.118,45,45,Low
24,166,210,5.72,64.35,15.03,1406.3,65.93,1.118,44,44,Low
24,167,210,5.66,63.7,15.43,1407.48,67.1,1.118,43,43,Low
24,168,210,5.46,64.21,15.75,1414.48,65.87,1.118,42,42,Low
24,169,210,5.83,64.76,15.68,1401.36,66.52,1.118,41,41,Low
24,170,210,5.75,65.82,15.53,1388.65,67.21,1.118,40,40,Medium
24,171,210,5.83,64.15,15.88,1395.01,67.58,1.118,39,39,Medium
24,172,210,5.84,66.15,15.49,1398.72,67.04,1.118,38,38,Medium
24,173,210,5.98,65.12,15.89,1392.3,66.93,1.118,37,37,Medium
24,174,210,5.82,65.93,15.89,1390.76,68.75,1.118,36,36,Medium
24,175,210,6.13,65.94,15.69,1395.26,68.78,1.118,35,35,Medium
24,176,210,6.03,66.48,16.1,1393.92,67.88,1.118,34,34,Medium
24,177,210,6.21,67.03,15.56,1399.45,68.8,1.118,33,33,Medium
24,178,210,6.32,67.54,15.96,1395.13,67.87,1.118,32,32,Medium
24,179,210,6.58,66.8,15.83,1384.86,68.13,1.118,31,31,Medium
24,180,210,6.45,67.67,16.0,1389.97,68.45,1.118,30,30,Medium
24,181,210,6.36,67.07,16.02,1387.38,68.69,1.118,29,29,Medium
24,182,210,6.49,68.03,16.51,1395.83,68.59,1.118,28,28,Medium
24,183,210,6.49,67.09,16.9,1381.06,69.24,1.118,27,27,Medium
24,184,210,6.68,69.86,15.99,1386.28,69.33,1.118,26,26,Medium
24,185,210,6.87,69.07,16.27,1380.02,68.72,1.118,25,25,Medium
24,186,210,6.76,68.95,17.04,1374.59,70.87,1.118,24,24,Medium
24,187,210,6.97,70.02,16.89,1374.64,70.12,1.118,23,23,Medium
24,188,210,6.95,71.12,16.54,1379.42,70.51,1.118,22,22,Medium
24,189,210,7.05,69.38,16.99,1383.0,71.12,1.118,21,21,Medium
24,190,210,6.99,71.06,16.76,1373.87,71.33,1.118,20,20,Medium
24,191,210,7.3,71.82,16.77,1379.25,70.17,1.118,19,19,Medium
24,192,210,7.33,72.37,16.8,1370.71,72.26,1.118,18,18,Medium
24,193,210,7.18,72.52,16.82,1366.35,71.51,1.118,17,17,Medium
24,194,210,7.48,72.86,17.02,1364.98,71.98,1.118,16,16,Medium
24,195,210,7.39,71.36,17.21,1366.02,71.58,1.118,15,15,High
24,196,210,7.5,71.74,16.74,1365.97,71.37,1.118,14,14,High
24,197,210,7.8,74.12,17.51,1359.41,72.08,1.118,13,13,High
24,198,210,8.01,73.68,16.84,1366.76,71.87,1.118,12,12,High
24,199,210,7.95,74.38,17.25,1360.36,73.37,1.118,11,11,High
24,200,210,8.07,74.59,17.44,1365.29,73.05,1.118,10,10,High
24,201,210,8.03,74.02,17.53,1354.19,74.37,1.118,9,9,High
24,202,210,8.1,75.95,17.58,1352.15,73.81,1.118,8,8,High
24,203,210,8.39,76.3,17.82,1350.92,72.69,1.118,7,7,High
24,204,210,8.15,75.24,17.34,1364.85,73.05,1.118,6,6,High
24,205,210,8.32,76.34,17.69,1351.2,72.46,1.118,5,5,High
24,206,210,8.49,77.16,18.01,1363.34,74.78,1.118,4,4,High
24,207,210,8.65,76.67,18.0,1351.61,73.95,1.118,3,3,High
24,208,210,8.38,77.05,17.91,1334.81,74.53,1.118,2,2,High
24,209,210,8.73,77.72,18.47,1348.21,74.75,1.118,1,1,High
24,210,210,8.85,78.51,18.44,1337.03,75.48,1.118,0,0,High
25,1,152,1.28,45.38,12.01,1488.72,55.43,0.987,151,130,Low
25,2,152,1.66,44.62,11.72,1469.21,55.67,0.987,150,130,Low
25,3,152,1.63,45.2,12.05,1470.84,55.34,0.987,149,130,Low
25,4,152,1.41,44.67,12.22,1485.59,54.77,0.987,148,130,Low
25,5,152,1.46,44.22,12.46,1487.22,54.75,0.987,147,130,Low
25,6,152,1.43,44.42,12.04,1481.04,54.74,0.987,146,130,Low
25,7,152,1.76,45.87,12.04,1490.69,54.8,0.987,145,130,Low
25,8,152,1.43,45.79,11.83,1479.8,53.54,0.987,144,130,Low
25,9,152,1.49,44.05,12.2,1476.18,54.39,0.987,143,130,Low
25,10,152,1.47,46.01,12.19,1481.71,55.22,0.987,142,130,Low
25,11,152,1.49,44.02,12.11,1485.52,54.06,0.987,141,130,Low
25,12,152,1.49,46.86,11.62,1480.44,54.15,0.987,140,130,Low
25,13,152,1.43,44.77,11.82,1476.2,54.78,0.987,139,130,Low
25,14,152,1.35,46.01,11.9,1475.74,56.2,0.987,138,130,Low
25,15,152,1.7,44.73,12.41,1473.12,54.44,0.987,137,130,Low
25,16,152,1.51,45.44,11.88,1480.18,55.05,0.987,136,130,Low
25,17,152,1.37,44.73,12.67,1471.3,55.71,0.987,135,130,Low
25,18,152,1.31,46.1,12.12,1472.23,55.35,0.987,134,130,Low
25,19,152,1.4,45.18,11.8,1484.04,54.89,0.987,133,130,Low
25,20,152,1.6,45.45,11.66,1476.73,55.61,0.987,132,130,Low
25,21,152,1.51,45.7,11.99,1474.82,55.54,0.987,131,130,Low
25,22,152,1.57,44.67,12.23,1483.58,55.41,0.987,130,130,Low
25,23,152,1.6,44.58,12.23,1482.02,54.43,0.987,129,129,Low
25,24,152,1.56,46.7,12.19,1480.28,54.7,0.987,128,128,Low
25,25,152,1.76,45.02,12.39,1474.59,55.48,0.987,127,127,Low
25,26,152,1.66,45.27,12.57,1484.78,54.39,0.987,126,126,Low
25,27,152,1.8,44.74,11.84,1472.91,54.92,0.987,125,125,Low
25,28,152,1.59,42.89,11.84,1477.81,55.81,0.987,124,124,Low
25,29,152,1.7,45.41,12.3,1475.93,54.67,0.987,123,123,Low
25,30,152,1.72,44.74,11.86,1479.08,55.39,0.987,122,122,Low
25,31,152,1.73,45.49,12.09,1483.56,54.15,0.987,121,121,Low
25,32,152,1.7,45.82,11.97,1471.17,54.64,0.987,120,120,Low
25,33,152,1.47,46.62,12.05,1477.15,55.29,0.987,119,119,Low
25,34,152,1.6,46.99,11.96,1483.29,57.12,0.987,118,118,Low
25,35,152,1.72,47.1,12.36,1476.7,55.7,0.987,117,117,Low
25,36,152,1.59,46.99,12.33,1481.54,55.8,0.987,116,116,Low
25,37,152,1.5,45.99,12.28,1476.99,56.96,0.987,115,115,Low
25,38,152,1.62,47.96,11.64,1490.45,55.97,0.987,114,114,Low
25,39,152,1.65,45.8,12.28,1472.7,55.3,0.987,113,113,Low
25,40,152,1.6,47.03,12.04,1487.3,54.83,0.987,112,112,Low
25,41,152,1.7,46.07,12.27,1483.43,54.77,0.987,111,111,Low
25,42,152,1.87,45.65,12.37,1473.01,55.58,0.987,110,110,Low
25,43,152,1.71,45.68,12.24,1476.48,56.39,0.987,109,109,Low
25,44,152,1.81,46.05,12.48,1486.63,55.94,0.987,108,108,Low
25,45,152,1.62,47.72,12.12,1459.0,55.79,0.987,107,107,Low
25,46,152,1.69,48.5,12.56,1474.97,56.68,0.987,106,106,Low
25,47,152,1.81,46.79,12.28,1463.85,56.49,0.987,105,105,Low
25,48,152,1.96,46.58,12.42,1485.74,55.78,0.987,104,104,Low
25,49,152,2.16,47.4,12.18,1475.94,55.58,0.987,103,103,Low
25,50,152,1.79,46.0,12.0,1463.58,56.23,0.987,102,102,Low
25,51,152,1.9,48.45,12.52,1470.42,55.47,0.987,101,101,Low
25,52,152,1.9,48.13,12.46,1472.92,56.59,0.987,100,100,Low
25,53,152,1.86,47.34,12.55,1453.82,55.88,0.987,99,99,Low
25,54,152,1.84,48.3,12.42,1470.17,57.03,0.987,98,98,Low
25,55,152,2.19,48.13,12.61,1472.99,56.52,0.987,97,97,Low
25,56,152,2.24,48.71,12.49,1471.78,56.64,0.987,96,96,Low
25,57,152,1.89,47.94,12.1,1467.29,56.58,0.987,95,95,Low
25,58,152,2.22,47.12,12.53,1470.89,54.91,0.987,94,94,Low
25,59,152,2.16,47.31,12.15,1470.85,57.11,0.987,93,93,Low
25,60,152,2.02,48.9,13.01,1469.4,56.33,0.987,92,92,Low
25,61,152,2.04,47.85,12.43,1457.8,56.32,0.987,91,91,Low
25,62,152,2.43,48.39,12.45,1458.41,57.31,0.987,90,90,Low
25,63,152,2.14,47.54,12.9,1465.16,56.41,0.987,89,89,Low
25,64,152,2.27,48.53,12.39,1466.91,56.78,0.987,88,88,Low
25,65,152,2.49,47.56,12.65,1470.81,57.48,0.987,87,87,Low
25,66,152,2.36,48.25,12.28,1465.18,57.61,0.987,86,86,Low
25,67,152,2.58,48.71,12.66,1467.7,58.22,0.987,85,85,Low
25,68,152,2.19,49.07,13.23,1465.26,56.39,0.987,84,84,Low
25,69,152,2.47,48.38,12.97,1455.73,56.7,0.987,83,83,Low
25,70,152,2.68,50.49,12.95,1468.84,57.49,0.987,82,82,Low
25,71,152,2.48,48.51,12.63,1464.97,57.38,0.987,81,81,Low
25,72,152,2.27,49.01,12.97,1462.07,57.54,0.987,80,80,Low
25,73,152,2.42,49.71,12.68,1459.75,58.27,0.987,79,79,Low
25,74,152,2.6,49.56,12.47,1457.66,58.61,0.987,78,78,Low
25,75,152,2.57,49.1,13.26,1455.02,57.44,0.987,77,77,Low
25,76,152,2.64,50.47,12.49,1447.49,58.09,0.987,76,76,Low
25,77,152,2.83,49.28,12.85,1456.82,58.42,0.987,75,75,Low
25,78,152,2.72,50.59,13.17,1457.82,56.56,0.987,74,74,Low
25,79,152,2.75,48.27,12.91,1449.83,58.89,0.987,73,73,Low
25,80,152,2.72,50.73,13.11,1450.37,59.54,0.987,72,72,Low
25,81,152,2.87,50.84,12.95,1455.21,58.21,0.987,71,71,Low
25,82,152,2.93,51.71,13.31,1455.8,59.16,0.987,70,70,Low
25,83,152,2.85,50.67,12.81,1446.23,58.45,0.987,69,69,Low
25,84,152,2.75,51.73,13.54,1455.11,59.38,0.987,68,68,Low
25,85,152,3.13,52.01,13.5,1442.09,58.87,0.987,67,67,Low
25,86,152,2.92,51.11,13.45,1453.33,58.85,0.987,66,66,Low
25,87,152,3.26,52.07,13.28,1443.21,59.55,0.987,65,65,Low
25,88,152,2.85,52.5,13.51,1453.72,59.39,0.987,64,64,Low
25,89,152,3.26,52.56,12.89,1457.84,59.7,0.987,63,63,Low
25,90,152,3.38,53.13,13.53,1449.53,59.47,0.987,62,62,Low
25,91,152,3.34,54.1,13.89,1449.92,59.65,0.987,61,61,Low
25,92,152,3.32,53.44,13.67,1439.51,59.76,0.987,60,60,Low
25,93,152,3.54,54.31,13.33,1441.19,60.22,0.987,59,59,Low
25,94,152,3.38,52.81,13.74,1444.43,61.24,0.987,58,58,Low
25,95,152,3.66,54.39,13.65,1437.75,60.07,0.987,57,57,Low
25,96,152,3.53,55.25,13.6,1440.79,60.4,0.987,56,56,Low
25,97,152,3.56,56.31,14.05,1444.94,61.64,0.987,55,55,Low
25,98,152,3.79,55.47,14.04,1438.35,61.56,0.987,54,54,Low
25,99,152,3.63,54.23,14.05,1429.18,60.93,0.987,53,53,Low
25,100,152,3.76,56.53,13.65,1440.32,61.58,0.987,52,52,Low
25,101,152,3.89,56.44,13.85,1434.14,61.9,0.987,51,51,Low
25,102,152,3.88,55.97,14.23,1431.64,61.72,0.987,50,50,Low
25,103,152,4.05,56.09,14.23,1435.52,61.66,0.987,49,49,Low
25,104,152,3.97,55.67,14.5,1426.03,61.68,0.987,48,48,Low
25,105,152,4.26,57.27,13.5,1446.76,61.41,0.987,47,47,Low
25,106,152,4.07,58.18,14.41,1435.33,63.2,0.987,46,46,Low
25,107,152,4.23,57.76,14.1,1445.7,61.4,0.987,45,45,Low
25,108,152,4.1,57.81,14.39,1434.57,62.4,0.987,44,44,Low
25,109,152,4.43,57.66,14.54,1421.07,61.75,0.987,43,43,Low
25,110,152,4.28,58.01,14.64,1435.91,62.77,0.987,42,42,Low
25,111,152,4.4,59.32,14.58,1423.29,63.5,0.987,41,41,Low
25,112,152,4.51,59.09,14.78,1417.25,63.26,0.987,40,40,Medium
25,113,152,4.52,58.79,14.47,1433.98,62.83,0.987,39,39,Medium
25,114,152,4.52,59.8,14.27,1423.24,64.67,0.987,38,38,Medium
25,115,152,4.91,60.1,14.52,1418.38,63.95,0.987,37,37,Medium
25,116,152,4.86,61.3,14.83,1409.08,63.12,0.987,36,36,Medium
25,117,152,4.69,60.57,14.75,1415.7,64.09,0.987,35,35,Medium
25,118,152,4.95,60.48,14.79,1426.51,65.07,0.987,34,34,Medium
25,119,152,4.91,61.15,15.05,1409.44,66.1,0.987,33,33,Medium
25,120,152,5.26,60.87,14.74,1417.8,64.86,0.987,32,32,Medium
25,121,152,5.1,63.26,14.94,1420.9,64.68,0.987,31,31,Medium
25,122,152,5.21,61.61,15.14,1406.65,64.89,0.987,30,30,Medium
25,123,152,5.45,61.14,15.06,1416.27,64.75,0.987,29,29,Medium
25,124,152,5.42,62.38,15.77,1415.37,65.88,0.987,28,28,Medium
25,125,152,5.47,64.52,15.47,1406.21,65.64,0.987,27,27,Medium
25,126,152,5.56,62.95,15.4,1388.48,67.55,0.987,26,26,Medium
25,127,152,5.57,64.2,15.66,1398.79,67.41,0.987,25,25,Medium
25,128,152,5.84,64.57,15.77,1395.94,67.0,0.987,24,24,Medium
25,129,152,6.0,64.44,15.21,1398.84,66.7,0.987,23,23,Medium
25,130,152,5.92,64.78,16.07,1395.97,66.79,0.987,22,22,Medium
25,131,152,6.03,64.66,15.49,1402.66,66.97,0.987,21,21,Medium
25,132,152,5.89,66.4,15.71,1397.6,67.43,0.987,20,20,Medium
25,133,152,6.18,66.02,15.97,1393.95,66.5,0.987,19,19,Medium
25,134,152,6.22,66.42,15.91,1385.82,67.4,0.987,18,18,Medium
25,135,152,6.18,66.57,16.24,1396.07,68.33,0.987,17,17,Medium
25,136,152,6.14,68.57,16.09,1390.47,67.43,0.987,16,16,Medium
25,137,152,6.32,67.59,16.37,1398.79,67.96,0.987,15,15,High
25,138,152,6.51,68.15,16.07,1380.72,69.93,0.987,14,14,High
25,139,152,6.71,69.46,16.1,1379.39,69.9,0.987,13,13,High
25,140,152,6.67,69.41,16.84,1370.58,69.17,0.987,12,12,High
25,141,152,6.8,69.29,16.42,1379.15,70.56,0.987,11,11,High
25,142,152,7.06,70.2,16.37,1380.95,70.71,0.987,10,10,High
25,143,152,7.0,70.07,16.07,1373.56,70.36,0.987,9,9,High
25,144,152,7.13,72.25,16.7,1380.12,70.41,0.987,8,8,High
25,145,152,7.43,71.13,16.99,1374.28,70.28,0.987,7,7,High
25,146,152,7.09,72.11,16.94,1376.83,71.12,0.987,6,6,High
25,147,152,7.58,71.04,17.19,1378.2,71.72,0.987,5,5,High
25,148,152,7.51,71.86,17.09,1359.51,72.27,0.987,4,4,High
25,149,152,7.59,72.77,17.15,1369.25,71.78,0.987,3,3,High
25,150,152,7.73,74.46,17.18,1360.83,71.31,0.987,2,2,High
25,151,152,7.96,73.11,17.08,1368.56,72.83,0.987,1,1,High
25,152,152,7.97,75.58,17.32,1365.31,72.79,0.987,0,0,High
26,1,302,1.48,45.02,11.94,1495.23,55.38,1.187,301,130,Low
26,2,302,1.43,44.23,11.73,1476.49,54.8,1.187,300,130,Low
26,3,302,1.57,45.72,11.98,1482.26,55.66,1.187,299,130,Low
26,4,302,1.55,45.09,12.09,1476.05,54.46,1.187,298,130,Low
26,5,302,1.51,44.45,12.18,1473.63,55.42,1.187,297,130,Low
26,6,302,1.57,45.52,11.99,1478.06,55.39,1.187,296,130,Low
26,7,302,1.34,44.91,12.11,1480.73,55.8,1.187,295,130,Low
26,8,302,1.52,45.19,11.56,1482.72,55.44,1.187,294,130,Low
26,9,302,1.36,44.25,12.15,1479.18,55.84,1.187,293,130,Low
26,10,302,1.72,43.81,11.78,1472.56,54.62,1.187,292,130,Low
26,11,302,1.49,44.95,11.97,1482.46,55.18,1.187,291,130,Low
26,12,302,1.59,45.81,12.01,1480.01,54.85,1.187,290,130,Low
26,13,302,1.45,44.3,11.94,1470.22,55.31,1.187,289,130,Low
26,14,302,1.58,44.06,12.23,1484.67,54.64,1.187,288,130,Low
26,15,302,1.48,45.21,12.25,1482.53,55.14,1.187,287,130,Low
26,16,302,1.43,45.18,11.93,1479.45,55.4,1.187,286,130,Low
26,17,302,1.49,43.71,11.89,1474.66,54.23,1.187,285,130,Low
26,18,302,1.63,45.61,12.18,1466.97,56.16,1.187,284,130,Low
26,19,302,1.46,44.53,11.72,1483.71,55.15,1.187,283,130,Low
26,20,302,1.38,45.18,11.95,1476.1,54.4,1.187,282,130,Low
26,21,302,1.56,44.69,12.03,1473.94,55.0,1.187,281,130,Low
26,22,302,1.24,46.46,12.26,1467.45,55.2,1.187,280,130,Low
26,23,302,1.85,45.82,11.89,1479.71,54.35,1.187,279,130,Low
26,24,302,1.57,44.16,12.53,1472.79,55.47,1.187,278,130,Low
26,25,302,1.48,45.03,12.22,1495.88,55.13,1.187,277,130,Low
26,26,302,1.55,45.5,12.04,1486.75,56.22,1.187,276,130,Low
26,27,302,1.43,44.75,12.01,1478.09,54.96,1.187,275,130,Low
26,28,302,1.46,45.13,12.03,1481.09,55.17,1.187,274,130,Low
26,29,302,1.85,44.92,12.05,1468.29,54.89,1.187,273,130,Low
26,30,302,1.28,44.94,11.8,1489.43,54.96,1.187,272,130,Low
26,31,302,1.38,45.49,12.26,1475.49,55.6,1.187,271,130,Low
26,32,302,1.44,46.22,11.84,1468.65,54.93,1.187,270,130,Low
26,33,302,1.82,44.6,12.31,1481.48,54.94,1.187,269,130,Low
26,34,302,1.52,44.72,12.13,1482.38,55.8,1.187,268,130,Low
26,35,302,1.43,45.61,11.79,1483.34,55.38,1.187,267,130,Low
26,36,302,1.61,45.36,12.08,1484.57,53.64,1.187,266,130,Low
26,37,302,1.49,44.81,12.02,1467.64,55.5,1.187,265,130,Low
26,38,302,1.52,46.21,12.11,1474.4,56.42,1.187,264,130,Low
26,39,302,1.43,44.85,12.23,1485.83,55.97,1.187,263,130,Low
26,40,302,1.63,46.05,12.37,1480.58,55.93,1.187,262,130,Low
26,41,302,1.67,45.1,12.18,1467.81,55.83,1.187,261,130,Low
26,42,302,1.7,46.46,11.82,1484.93,55.48,1.187,260,130,Low
26,43,302,1.46,45.05,12.14,1478.01,54.84,1.187,259,130,Low
26,44,302,1.58,44.31,11.62,1476.02,55.7,1.187,258,130,Low
26,45,302,1.51,45.4,11.67,1473.14,55.86,1.187,257,130,Low
26,46,302,1.59,46.18,12.2,1481.8,54.45,1.187,256,130,Low
26,47,302,1.54,44.17,11.89,1490.74,56.27,1.187,255,130,Low
26,48,302,1.68,45.76,12.18,1482.87,54.97,1.187,254,130,Low
26,49,302,1.52,45.87,11.88,1469.29,54.17,1.187,253,130,Low
26,50,302,1.44,45.55,12.36,1475.88,54.6,1.187,252,130,Low
26,51,302,1.58,45.17,12.16,1485.43,55.29,1.187,251,130,Low
26,52,302,1.63,44.96,12.14,1463.0,55.16,1.187,250,130,Low
26,53,302,1.85,45.72,12.08,1484.75,54.54,1.187,249,130,Low
26,54,302,1.52,45.15,11.69,1476.5,55.56,1.187,248,130,Low
26,55,302,1.67,45.06,11.66,1481.41,55.26,1.187,247,130,Low
26,56,302,1.71,44.89,11.9,1483.68,55.96,1.187,246,130,Low
26,57,302,1.45,44.72,12.08,1482.82,55.77,1.187,245,130,Low
26,58,302,1.55,44.84,12.18,1489.7,56.0,1.187,244,130,Low
26,59,302,1.52,46.67,12.08,1472.45,55.13,1.187,243,130,Low
26,60,302,1.69,46.38,11.59,1474.45,55.12,1.187,242,130,Low
26,61,302,1.54,45.33,12.52,1465.56,55.14,1.187,241,130,Low
26,62,302,1.57,46.17,12.04,1481.63,54.8,1.187,240,130,Low
26,63,302,1.85,46.97,12.13,1483.31,55.84,1.187,239,130,Low
26,64,302,1.73,43.95,11.95,1470.55,55.59,1.187,238,130,Low
26,65,302,1.67,45.83,11.92,1483.66,55.25,1.187,237,130,Low
26,66,302,1.63,45.66,12.22,1467.88,56.38,1.187,236,130,Low
26,67,302,1.65,46.27,11.99,1470.35,55.72,1.187,235,130,Low
26,68,302,1.64,44.98,11.51,1479.07,56.02,1.187,234,130,Low
26,69,302,1.53,45.72,11.84,1491.23,55.28,1.187,233,130,Low
26,70,302,1.88,46.06,12.31,1483.21,53.9,1.187,232,130,Low
26,71,302,1.7,45.45,12.27,1466.19,55.46,1.187,231,130,Low
26,72,302,1.79,46.0,12.18,1468.42,55.53,1.187,230,130,Low
26,73,302,1.64,45.06,11.97,1471.76,56.56,1.187,229,130,Low
26,74,302,1.69,45.68,12.25,1459.4,55.78,1.187,228,130,Low
26,75,302,1.87,46.19,12.25,1474.95,55.14,1.187,227,130,Low
26,76,302,1.59,46.52,12.51,1467.29,56.39,1.187,226,130,Low
26,77,302,1.67,45.88,12.45,1474.57,56.45,1.187,225,130,Low
26,78,302,1.68,45.48,12.38,1461.94,56.33,1.187,224,130,Low
26,79,302,1.9,46.74,12.25,1469.03,55.83,1.187,223,130,Low
26,80,302,1.74,45.76,12.65,1473.23,55.67,1.187,222,130,Low
26,81,302,1.7,45.44,11.79,1476.73,55.91,1.187,221,130,Low
26,82,302,1.79,46.12,12.18,1470.94,55.13,1.187,220,130,Low
26,83,302,1.72,46.43,12.15,1469.84,55.42,1.187,219,130,Low
26,84,302,1.87,45.63,11.89,1476.02,56.79,1.187,218,130,Low
26,85,302,1.7,47.29,11.94,1473.81,55.13,1.187,217,130,Low
26,86,302,1.88,46.79,12.52,1470.19,55.53,1.187,216,130,Low
26,87,302,1.63,47.26,12.3,1472.21,55.81,1.187,215,130,Low
26,88,302,2.08,45.47,12.47,1476.01,55.64,1.187,214,130,Low
26,89,302,1.89,46.91,12.21,1464.17,56.78,1.187,213,130,Low
26,90,302,1.89,45.74,11.57,1466.24,55.96,1.187,212,130,Low
26,91,302,1.79,47.38,12.55,1474.99,56.14,1.187,211,130,Low
26,92,302,1.89,46.94,12.08,1470.33,55.97,1.187,210,130,Low
26,93,302,1.91,47.65,12.68,1464.64,56.66,1.187,209,130,Low
26,94,302,1.97,47.27,12.25,1463.4,56.62,1.187,208,130,Low
26,95,302,1.89,47.12,12.26,1472.22,56.04,1.187,207,130,Low
26,96,302,1.96,47.66,12.17,1466.02,56.06,1.187,206,130,Low
26,97,302,2.09,46.95,12.37,1461.02,55.33,1.187,205,130,Low
26,98,302,2.06,46.73,12.27,1463.96,55.57,1.187,204,130,Low
26,99,302,1.82,48.07,12.5,1470.89,56.73,1.187,203,130,Low
26,100,302,2.03,47.21,12.2,1467.04,56.15,1.187,202,130,Low
26,101,302,1.98,47.78,12.71,1476.24,55.76,1.187,201,130,Low
26,102,302,1.95,45.94,12.34,1464.64,56.74,1.187,200,130,Low
26,103,302,2.09,46.54,12.84,1463.36,56.02,1.187,199,130,Low
26,104,302,2.15,47.42,12.44,1469.81,56.26,1.187,198,130,Low
26,105,302,2.04,46.83,12.5,1481.67,55.88,1.187,197,130,Low
26,106,302,1.91,48.84,12.53,1472.2,57.3,1.187,196,130,Low
26,107,302,2.04,47.61,12.67,1482.14,56.81,1.187,195,130,Low
26,108,302,1.98,48.22,12.46,1476.38,57.06,1.187,194,130,Low
26,109,302,2.03,47.78,12.58,1462.86,57.0,1.187,193,130,Low
26,110,302,2.3,46.65,12.68,1473.28,57.08,1.187,192,130,Low
26,111,302,2.12,49.42,12.68,1479.94,56.38,1.187,191,130,Low
26,112,302,2.03,47.53,12.67,1467.43,57.26,1.187,190,130,Low
26,113,302,2.2,48.45,12.27,1476.83,57.05,1.187,189,130,Low
26,114,302,2.18,47.39,12.1,1457.37,57.26,1.187,188,130,Low
26,115,302,2.14,48.61,12.5,1462.98,57.88,1.187,187,130,Low
26,116,302,1.95,46.82,12.44,1470.27,56.36,1.187,186,130,Low
26,117,302,2.32,47.94,12.49,1474.59,56.78,1.187,185,130,Low
26,118,302,2.44,47.69,12.38,1466.57,56.39,1.187,184,130,Low
26,119,302,2.56,48.18,12.38,1469.63,56.58,1.187,183,130,Low
26,120,302,2.18,48.29,12.51,1468.86,56.64,1.187,182,130,Low
26,121,302,2.24,48.38,12.37,1466.83,56.72,1.187,181,130,Low
26,122,302,2.33,49.84,12.47,1466.32,57.45,1.187,180,130,Low
26,123,302,2.32,49.01,12.55,1467.68,57.03,1.187,179,130,Low
26,124,302,2.36,50.19,12.64,1462.69,56.08,1.187,178,130,Low
26,125,302,2.49,49.43,13.07,1466.76,56.88,1.187,177,130,Low
26,126,302,2.43,48.31,12.62,1467.1,57.51,1.187,176,130,Low
26,127,302,2.55,48.88,12.83,1459.41,58.53,1.187,175,130,Low
26,128,302,2.79,48.6,12.38,1461.86,56.5,1.187,174,130,Low
26,129,302,2.47,48.61,12.66,1462.91,56.89,1.187,173,130,Low
26,130,302,2.57,50.16,12.96,1459.07,57.87,1.187,172,130,Low
26,131,302,2.47,50.32,12.94,1460.01,57.23,1.187,171,130,Low
26,132,302,2.5,49.42,12.94,1444.07,58.08,1.187,170,130,Low
26,133,302,2.52,47.58,12.75,1461.33,58.21,1.187,169,130,Low
26,134,302,2.46,49.95,13.0,1468.05,59.2,1.187,168,130,Low
26,135,302,2.6,50.07,12.69,1463.43,58.12,1.187,167,130,Low
26,136,302,2.35,49.95,13.09,1462.87,57.78,1.187,166,130,Low
26,137,302,2.58,49.92,13.34,1464.86,57.66,1.187,165,130,Low
26,138,302,2.67,50.16,13.12,1458.71,57.54,1.187,164,130,Low
26,139,302,2.5,49.31,12.93,1457.79,57.12,1.187,163,130,Low
26,140,302,2.55,49.83,12.95,1459.93,58.54,1.187,162,130,Low
26,141,302,2.57,50.59,13.02,1462.42,58.62,1.187,161,130,Low
26,142,302,2.64,51.22,13.3,1453.49,56.76,1.187,160,130,Low
26,143,302,2.69,48.78,13.05,1460.65,57.77,1.187,159,130,Low
26,144,302,2.46,50.83,12.87,1453.52,58.49,1.187,158,130,Low
26,145,302,2.53,50.29,13.02,1456.56,57.44,1.187,157,130,Low
26,146,302,2.73,49.42,13.34,1459.61,58.63,1.187,156,130,Low
26,147,302,2.79,51.17,13.35,1450.76,58.77,1.187,155,130,Low
26,148,302,2.8,51.17,13.52,1449.38,58.15,1.187,154,130,Low
26,149,302,2.91,50.81,13.0,1466.05,58.38,1.187,153,130,Low
26,150,302,3.01,51.2,13.0,1459.18,58.84,1.187,152,130,Low
26,151,302,2.7,51.43,13.09,1465.09,58.85,1.187,151,130,Low
26,152,302,2.78,51.45,13.09,1451.91,59.22,1.187,150,130,Low
26,153,302,2.93,52.49,13.48,1455.02,58.74,1.187,149,130,Low
26,154,302,2.93,51.8,13.45,1455.33,58.41,1.187,148,130,Low
26,155,302,2.86,51.87,12.87,1452.67,59.32,1.187,147,130,Low
26,156,302,2.95,51.6,12.85,1458.84,58.94,1.187,146,130,Low
26,157,302,3.02,52.42,13.45,1446.04,59.69,1.187,145,130,Low
26,158,302,3.04,51.95,13.03,1457.08,60.0,1.187,144,130,Low
26,159,302,3.08,51.22,12.94,1445.31,59.03,1.187,143,130,Low
26,160,302,2.99,52.72,13.25,1445.44,59.18,1.187,142,130,Low
26,161,302,3.12,50.61,13.55,1450.59,59.94,1.187,141,130,Low
26,162,302,3.28,52.84,13.2,1450.48,59.21,1.187,140,130,Low
26,163,302,3.1,51.87,13.88,1453.66,59.38,1.187,139,130,Low
26,164,302,3.01,52.17,13.89,1442.6,60.35,1.187,138,130,Low
26,165,302,3.15,52.04,14.17,1436.89,59.98,1.187,137,130,Low
26,166,302,3.05,52.86,13.38,1439.01,60.02,1.187,136,130,Low
26,167,302,3.41,53.77,13.47,1449.83,59.0,1.187,135,130,Low
26,168,302,3.16,52.96,13.71,1451.45,59.83,1.187,134,130,Low
26,169,302,3.22,53.86,13.4,1438.78,59.43,1.187,133,130,Low
26,170,302,3.56,53.58,14.02,1439.67,59.32,1.187,132,130,Low
26,171,302,3.38,52.69,13.45,1443.67,60.34,1.187,131,130,Low
26,172,302,3.5,53.61,13.64,1445.01,60.97,1.187,130,130,Low
26,173,302,3.41,52.11,13.6,1445.54,60.23,1.187,129,129,Low
26,174,302,3.44,54.49,14.16,1442.26,59.63,1.187,128,128,Low
26,175,302,3.27,53.74,13.71,1437.15,60.35,1.187,127,127,Low
26,176,302,3.55,53.61,14.16,1440.55,60.46,1.187,126,126,Low
26,177,302,3.59,55.75,14.21,1430.49,60.96,1.187,125,125,Low
26,178,302,3.76,54.68,13.32,1440.52,59.59,1.187,124,124,Low
26,179,302,3.52,53.99,13.77,1448.36,60.46,1.187,123,123,Low
26,180,302,3.76,54.35,13.61,1441.62,60.61,1.187,122,122,Low
26,181,302,3.66,55.11,13.47,1445.11,60.71,1.187,121,121,Low
26,182,302,3.76,55.4,13.71,1430.97,61.6,1.187,120,120,Low
26,183,302,3.62,53.12,14.06,1435.25,61.38,1.187,119,119,Low
26,184,302,3.71,56.09,13.7,1439.16,61.63,1.187,118,118,Low
26,185,302,3.8,56.49,13.57,1433.17,61.67,1.187,117,117,Low
26,186,302,3.88,55.15,13.89,1442.46,61.23,1.187,116,116,Low
26,187,302,3.88,55.88,14.12,1436.47,60.31,1.187,115,115,Low
26,188,302,3.87,55.36,14.27,1452.81,62.08,1.187,114,114,Low
26,189,302,3.85,55.97,13.96,1437.16,61.56,1.187,113,113,Low
26,190,302,3.78,55.99,14.22,1438.44,61.83,1.187,112,112,Low
26,191,302,4.04,54.77,14.07,1425.75,61.98,1.187,111,111,Low
26,192,302,4.16,56.87,13.81,1432.77,60.72,1.187,110,110,Low
26,193,302,4.23,57.36,14.28,1445.64,61.71,1.187,109,109,Low
26,194,302,3.93,57.25,14.36,1430.63,62.76,1.187,108,108,Low
26,195,302,3.96,57.38,14.24,1428.45,62.6,1.187,107,107,Low
26,196,302,3.97,57.6,13.75,1422.85,61.65,1.187,106,106,Low
26,197,302,4.11,57.28,14.23,1422.61,62.25,1.187,105,105,Low
26,198,302,4.24,57.71,14.82,1438.31,63.03,1.187,104,104,Low
26,199,302,4.24,56.98,14.62,1433.41,61.77,1.187,103,103,Low
26,200,302,4.2,57.67,14.28,1432.97,61.61,1.187,102,102,Low
26,201,302,4.45,58.42,14.56,1426.69,62.02,1.187,101,101,Low
26,202,302,4.52,56.61,14.42,1428.37,63.28,1.187,100,100,Low
26,203,302,4.33,57.06,14.76,1440.2,63.3,1.187,99,99,Low
26,204,302,4.43,58.33,15.07,1437.49,62.34,1.187,98,98,Low
26,205,302,4.54,59.84,14.7,1418.8,63.26,1.187,97,97,Low
26,206,302,4.53,60.48,14.41,1413.45,62.58,1.187,96,96,Low
26,207,302,4.42,59.39,14.44,1423.57,63.56,1.187,95,95,Low
26,208,302,4.41,59.64,14.39,1417.21,64.49,1.187,94,94,Low
26,209,302,4.44,57.89,14.7,1424.25,64.06,1.187,93,93,Low
26,210,302,4.64,59.56,14.65,1418.0,63.73,1.187,92,92,Low
26,211,302,4.68,59.79,14.56,1421.61,65.08,1.187,91,91,Low
26,212,302,4.51,60.38,14.94,1416.22,63.58,1.187,90,90,Low
26,213,302,4.61,60.09,15.18,1430.14,63.37,1.187,89,89,Low
26,214,302,4.77,62.46,14.98,1419.97,64.03,1.187,88,88,Low
26,215,302,4.77,60.79,14.76,1424.33,65.58,1.187,87,87,Low
26,216,302,4.94,60.28,14.62,1422.09,65.29,1.187,86,86,Low
26,217,302,5.01,60.63,14.82,1410.02,64.41,1.187,85,85,Low
26,218,302,4.75,60.77,14.78,1414.48,65.56,1.187,84,84,Low
26,219,302,4.9,61.28,14.69,1409.55,64.34,1.187,83,83,Low
26,220,302,5.05,60.38,15.43,1405.8,63.82,1.187,82,82,Low
26,221,302,4.94,60.45,15.04,1408.88,64.8,1.187,81,81,Low
26,222,302,5.2,60.81,14.9,1415.88,64.84,1.187,80,80,Low
26,223,302,5.14,60.95,15.24,1406.45,64.99,1.187,79,79,Low
26,224,302,4.92,62.88,14.76,1411.95,65.46,1.187,78,78,Low
26,225,302,5.02,61.84,14.87,1407.45,65.3,1.187,77,77,Low
26,226,302,5.33,62.13,15.1,1407.37,65.6,1.187,76,76,Low
26,227,302,5.24,62.79,14.97,1416.83,65.95,1.187,75,75,Low
26,228,302,5.14,62.25,15.4,1414.15,66.13,1.187,74,74,Low
26,229,302,5.3,62.49,14.67,1416.37,65.84,1.187,73,73,Low
26,230,302,5.25,63.37,15.78,1403.38,65.18,1.187,72,72,Low
26,231,302,5.59,63.0,15.79,1408.51,65.7,1.187,71,71,Low
26,232,302,5.51,62.56,14.67,1407.8,66.96,1.187,70,70,Low
26,233,302,5.53,65.01,15.23,1403.47,67.01,1.187,69,69,Low
26,234,302,5.55,63.63,15.14,1414.28,66.69,1.187,68,68,Low
26,235,302,5.73,63.15,15.98,1396.92,65.59,1.187,67,67,Low
26,236,302,5.46,64.05,15.49,1405.65,66.31,1.187,66,66,Low
26,237,302,5.76,63.38,15.8,1391.31,66.89,1.187,65,65,Low
26,238,302,5.78,65.66,15.82,1401.61,67.19,1.187,64,64,Low
26,239,302,5.85,64.27,15.42,1399.58,66.0,1.187,63,63,Low
26,240,302,5.68,63.73,15.83,1408.32,66.96,1.187,62,62,Low
26,241,302,5.71,65.47,15.78,1387.41,67.35,1.187,61,61,Low
26,242,302,5.94,65.23,16.22,1389.68,67.34,1.187,60,60,Low
26,243,302,5.89,66.21,15.74,1393.39,67.77,1.187,59,59,Low
26,244,302,6.09,65.92,16.25,1397.3,67.42,1.187,58,58,Low
26,245,302,5.98,65.46,15.99,1401.84,67.7,1.187,57,57,Low
26,246,302,6.22,66.52,15.77,1393.93,67.52,1.187,56,56,Low
26,247,302,6.03,66.55,15.93,1394.6,68.06,1.187,55,55,Low
26,248,302,6.17,65.31,15.98,1394.82,68.24,1.187,54,54,Low
26,249,302,6.25,66.64,16.54,1379.57,67.19,1.187,53,53,Low
26,250,302,6.33,68.4,16.23,1389.84,68.35,1.187,52,52,Low
26,251,302,6.36,65.64,16.17,1378.87,69.67,1.187,51,51,Low
26,252,302,6.46,67.7,16.13,1397.97,68.54,1.187,50,50,Low
26,253,302,6.59,68.39,15.61,1392.5,69.54,1.187,49,49,Low
26,254,302,6.57,67.93,16.09,1388.74,69.32,1.187,48,48,Low
26,255,302,6.3,67.93,15.9,1383.9,69.49,1.187,47,47,Low
26,256,302,6.45,70.29,16.13,1375.6,69.17,1.187,46,46,Low
26,257,302,6.69,69.53,16.54,1385.06,69.26,1.187,45,45,Low
26,258,302,6.7,70.08,16.58,1388.3,70.0,1.187,44,44,Low
26,259,302,6.79,70.04,16.57,1381.48,69.91,1.187,43,43,Low
26,260,302,6.77,67.73,16.16,1377.72,70.98,1.187,42,42,Low
26,261,302,6.84,69.62,16.42,1385.75,68.9,1.187,41,41,Low
26,262,302,7.0,70.76,16.45,1372.66,69.69,1.187,40,40,Medium
26,263,302,6.85,69.71,16.35,1379.08,70.5,1.187,39,39,Medium
26,264,302,7.11,70.17,16.87,1380.53,70.17,1.187,38,38,Medium
26,265,302,6.88,69.62,16.58,1379.47,70.75,1.187,37,37,Medium
26,266,302,7.02,70.42,17.01,1382.45,71.89,1.187,36,36,Medium
26,267,302,7.29,72.01,16.47,1369.76,71.65,1.187,35,35,Medium
26,268,302,7.0,71.75,16.8,1370.92,72.07,1.187,34,34,Medium
26,269,302,7.22,72.56,16.72,1376.29,71.13,1.187,33,33,Medium
26,270,302,7.48,71.07,16.69,1377.93,72.09,1.187,32,32,Medium
26,271,302,7.59,71.38,16.64,1372.87,71.04,1.187,31,31,Medium
26,272,302,7.45,73.54,16.75,1376.7,72.83,1.187,30,30,Medium
26,273,302,7.48,73.26,16.89,1364.54,71.98,1.187,29,29,Medium
26,274,302,7.21,73.83,16.89,1366.62,71.8,1.187,28,28,Medium
26,275,302,7.62,73.68,16.88,1360.0,72.74,1.187,27,27,Medium
26,276,302,7.75,71.79,17.06,1360.91,72.73,1.187,26,26,Medium
26,277,302,7.75,73.88,17.27,1362.68,70.83,1.187,25,25,Medium
26,278,302,7.86,75.14,17.13,1366.28,72.4,1.187,24,24,Medium
26,279,302,7.67,75.02,17.33,1363.52,72.6,1.187,23,23,Medium
26,280,302,7.93,75.58,17.11,1359.31,72.99,1.187,22,22,Medium
26,281,302,7.99,75.14,17.21,1357.38,73.38,1.187,21,21,Medium
26,282,302,8.05,76.53,17.53,1351.97,72.78,1.187,20,20,Medium
26,283,302,7.92,74.0,17.41,1346.97,73.26,1.187,19,19,Medium
26,284,302,8.09,75.92,17.64,1360.86,73.79,1.187,18,18,Medium
26,285,302,8.2,76.5,17.26,1362.83,73.9,1.187,17,17,Medium
26,286,302,8.05,75.78,18.06,1349.98,73.11,1.187,16,16,Medium
26,287,302,8.28,75.7,17.46,1354.51,73.6,1.187,15,15,High
26,288,302,8.36,76.71,17.74,1361.6,72.76,1.187,14,14,High
26,289,302,8.57,75.18,17.72,1363.93,72.32,1.187,13,13,High
26,290,302,8.48,76.4,17.58,1352.39,74.8,1.187,12,12,High
26,291,302,8.68,77.03,17.77,1343.45,75.22,1.187,11,11,High
26,292,302,8.52,78.03,17.92,1358.48,75.59,1.187,10,10,High
26,293,302,8.39,77.82,18.2,1345.09,75.35,1.187,9,9,High
26,294,302,8.57,78.24,18.22,1346.47,75.81,1.187,8,8,High
26,295,302,8.67,77.98,18.14,1347.42,77.01,1.187,7,7,High
26,296,302,8.74,78.27,18.77,1344.94,75.44,1.187,6,6,High
26,297,302,8.82,78.64,18.64,1350.75,77.28,1.187,5,5,High
26,298,302,8.99,80.28,18.33,1343.96,74.86,1.187,4,4,High
26,299,302,8.94,77.94,18.15,1335.42,74.77,1.187,3,3,High
26,300,302,8.74,80.4,18.03,1344.89,76.22,1.187,2,2,High
26,301,302,9.16,81.04,18.27,1331.3,76.52,1.187,1,1,High
26,302,302,9.19,79.78,18.23,1337.77,76.99,1.187,0,0,High
27,1,191,1.62,45.59,12.68,1485.51,54.71,1.129,190,130,Low
27,2,191,1.59,45.62,12.13,1488.3,55.08,1.129,189,130,Low
27,3,191,1.45,44.18,11.98,1460.88,55.32,1.129,188,130,Low
27,4,191,1.37,44.88,11.59,1490.87,55.12,1.129,187,130,Low
27,5,191,1.48,44.91,12.08,1480.29,55.71,1.129,186,130,Low
27,6,191,1.55,44.27,12.03,1482.51,54.63,1.129,185,130,Low
27,7,191,1.5,47.08,12.13,1475.47,54.4,1.129,184,130,Low
27,8,191,1.53,43.96,11.4,1475.2,55.26,1.129,183,130,Low
27,9,191,1.63,45.15,11.78,1494.99,53.95,1.129,182,130,Low
27,10,191,1.5,44.46,11.65,1484.28,54.08,1.129,181,130,Low
27,11,191,1.71,45.25,11.88,1473.1,54.53,1.129,180,130,Low
27,12,191,1.39,44.09,11.89,1479.41,55.12,1.129,179,130,Low
27,13,191,1.35,45.78,12.45,1484.02,55.52,1.129,178,130,Low
27,14,191,1.44,45.14,11.65,1474.32,55.68,1.129,177,130,Low
27,15,191,1.81,44.52,11.59,1486.74,54.48,1.129,176,130,Low
27,16,191,1.38,46.58,11.99,1481.57,54.64,1.129,175,130,Low
27,17,191,1.48,45.09,12.24,1474.4,54.99,1.129,174,130,Low
27,18,191,1.5,45.5,11.93,1484.88,55.19,1.129,173,130,Low
27,19,191,1.32,45.62,12.41,1482.0,55.23,1.129,172,130,Low
27,20,191,1.65,44.8,11.84,1481.7,55.91,1.129,171,130,Low
27,21,191,1.6,44.7,12.4,1474.27,54.99,1.129,170,130,Low
27,22,191,1.64,44.5,11.81,1478.69,54.51,1.129,169,130,Low
27,23,191,1.35,45.6,12.03,1480.41,54.84,1.129,168,130,Low
27,24,191,1.46,43.47,11.99,1480.58,53.98,1.129,167,130,Low
27,25,191,1.33,44.14,11.94,1476.28,54.39,1.129,166,130,Low
27,26,191,1.73,46.19,12.07,1492.17,55.21,1.129,165,130,Low
27,27,191,1.6,45.07,12.13,1483.55,56.23,1.129,164,130,Low
27,28,191,1.62,44.64,12.01,1482.67,54.88,1.129,163,130,Low
27,29,191,1.64,44.65,11.48,1483.86,55.69,1.129,162,130,Low
27,30,191,1.57,46.17,11.94,1476.33,55.82,1.129,161,130,Low
27,31,191,1.65,45.19,11.79,1479.16,55.47,1.129,160,130,Low
27,32,191,1.61,43.42,11.88,1475.72,55.73,1.129,159,130,Low
27,33,191,1.49,44.38,11.82,1475.89,55.5,1.129,158,130,Low
27,34,191,1.69,45.32,12.48,1472.4,54.6,1.129,157,130,Low
27,35,191,1.63,45.1,12.31,1477.3,55.3,1.129,156,130,Low
27,36,191,1.7,45.93,11.76,1476.12,54.77,1.129,155,130,Low
27,37,191,1.83,44.8,12.39,1483.12,54.51,1.129,154,130,Low
27,38,191,1.76,46.15,12.47,1482.89,55.3,1.129,153,130,Low
27,39,191,1.66,45.37,12.07,1478.47,55.43,1.129,152,130,Low
27,40,191,1.78,46.36,12.44,1466.34,55.55,1.129,151,130,Low
27,41,191,1.47,45.5,11.83,1478.47,54.52,1.129,150,130,Low
27,42,191,1.65,46.6,11.85,1474.38,55.08,1.129,149,130,Low
27,43,191,1.58,45.63,11.98,1474.2,55.28,1.129,148,130,Low
27,44,191,1.56,45.94,12.2,1471.14,56.31,1.129,147,130,Low
27,45,191,1.75,45.23,11.81,1480.56,54.3,1.129,146,130,Low
27,46,191,1.85,46.14,11.98,1479.26,54.8,1.129,145,130,Low
27,47,191,1.72,46.02,12.48,1462.7,55.14,1.129,144,130,Low
27,48,191,1.79,45.48,12.0,1488.98,56.33,1.129,143,130,Low
27,49,191,1.63,45.8,12.11,1473.65,56.76,1.129,142,130,Low
27,50,191,1.83,45.46,12.21,1474.04,55.96,1.129,141,130,Low
27,51,191,1.92,45.71,11.94,1469.5,56.24,1.129,140,130,Low
27,52,191,1.8,46.13,12.29,1471.39,56.43,1.129,139,130,Low
27,53,191,1.71,46.08,12.15,1470.41,55.34,1.129,138,130,Low
27,54,191,1.86,46.53,11.94,1464.55,54.5,1.129,137,130,Low
27,55,191,1.82,45.43,12.3,1469.96,55.16,1.129,136,130,Low
27,56,191,1.97,46.64,12.03,1475.06,57.15,1.129,135,130,Low
27,57,191,1.83,45.47,12.24,1462.53,56.73,1.129,134,130,Low
27,58,191,1.94,47.4,12.75,1479.43,55.1,1.129,133,130,Low
27,59,191,2.01,47.42,12.66,1480.23,56.38,1.129,132,130,Low
27,60,191,1.98,47.12,12.45,1470.92,56.06,1.129,131,130,Low
27,61,191,1.88,46.44,12.64,1468.92,57.11,1.129,130,130,Low
27,62,191,1.82,47.11,12.52,1466.08,56.02,1.129,129,129,Low
27,63,191,1.82,48.34,12.7,1468.79,56.67,1.129,128,128,Low
27,64,191,2.08,47.25,12.6,1477.52,57.76,1.129,127,127,Low
27,65,191,1.93,46.85,12.35,1474.97,56.71,1.129,126,126,Low
27,66,191,2.01,46.64,12.6,1470.64,56.14,1.129,125,125,Low
27,67,191,2.09,47.76,12.53,1466.02,56.74,1.129,124,124,Low
27,68,191,1.92,47.54,12.21,1479.34,57.62,1.129,123,123,Low
27,69,191,2.27,47.37,11.82,1460.21,57.41,1.129,122,122,Low
27,70,191,2.07,47.3,12.18,1476.43,58.19,1.129,121,121,Low
27,71,191,2.13,47.45,12.46,1477.81,56.2,1.129,120,120,Low
27,72,191,2.12,48.11,12.5,1465.4,56.44,1.129,119,119,Low
27,73,191,2.18,47.11,12.47,1466.72,57.0,1.129,118,118,Low
27,74,191,2.06,47.84,12.67,1463.63,56.16,1.129,117,117,Low
27,75,191,2.0,49.47,12.6,1464.08,56.71,1.129,116,116,Low
27,76,191,2.19,47.86,12.65,1473.07,57.48,1.129,115,115,Low
27,77,191,2.19,49.41,12.65,1463.4,56.39,1.129,114,114,Low
27,78,191,2.33,50.1,12.94,1454.06,56.8,1.129,113,113,Low
27,79,191,2.37,49.25,12.73,1465.35,56.7,1.129,112,112,Low
27,80,191,2.24,48.43,12.95,1457.7,57.52,1.129,111,111,Low
27,81,191,2.54,50.14,12.8,1460.86,56.9,1.129,110,110,Low
27,82,191,2.28,50.48,12.78,1456.1,57.86,1.129,109,109,Low
27,83,191,2.23,48.35,13.36,1459.33,57.64,1.129,108,108,Low
27,84,191,2.49,48.59,12.68,1471.59,57.32,1.129,107,107,Low
27,85,191,2.53,49.3,12.93,1464.63,57.58,1.129,106,106,Low
27,86,191,2.77,50.34,12.88,1464.26,58.64,1.129,105,105,Low
27,87,191,2.61,49.53,12.84,1464.15,58.96,1.129,104,104,Low
27,88,191,2.52,50.4,12.8,1454.63,57.67,1.129,103,103,Low
27,89,191,2.68,50.32,12.97,1462.28,59.03,1.129,102,102,Low
27,90,191,2.52,49.79,13.27,1458.58,57.86,1.129,101,101,Low
27,91,191,2.64,50.55,13.13,1463.81,57.89,1.129,100,100,Low
27,92,191,2.79,50.45,12.27,1448.29,57.97,1.129,99,99,Low
27,93,191,2.69,51.08,12.73,1465.03,59.41,1.129,98,98,Low
27,94,191,2.71,50.8,13.02,1474.42,58.42,1.129,97,97,Low
27,95,191,2.73,51.73,13.06,1457.49,58.5,1.129,96,96,Low
27,96,191,2.58,52.46,12.96,1464.73,59.01,1.129,95,95,Low
27,97,191,2.79,51.12,13.39,1452.26,57.69,1.129,94,94,Low
27,98,191,2.99,51.05,13.08,1448.57,59.37,1.129,93,93,Low
27,99,191,2.9,50.81,13.83,1454.28,59.26,1.129,92,92,Low
27,100,191,3.0,50.34,13.15,1460.47,59.55,1.129,91,91,Low
27,101,191,2.99,52.11,13.22,1457.31,59.25,1.129,90,90,Low
27,102,191,2.91,52.86,13.74,1459.8,60.38,1.129,89,89,Low
27,103,191,3.08,52.37,13.45,1449.27,59.2,1.129,88,88,Low
27,104,191,3.09,52.69,13.38,1460.09,59.6,1.129,87,87,Low
27,105,191,3.09,53.21,13.54,1451.05,60.17,1.129,86,86,Low
27,106,191,3.04,52.9,13.29,1445.34,58.26,1.129,85,85,Low
27,107,191,3.19,53.09,13.16,1451.99,57.96,1.129,84,84,Low
27,108,191,3.39,53.69,13.59,1450.22,59.9,1.129,83,83,Low
27,109,191,3.34,51.59,13.57,1445.43,60.0,1.129,82,82,Low
27,110,191,3.5,53.51,13.7,1445.81,59.5,1.129,81,81,Low
27,111,191,3.61,52.96,13.5,1440.7,60.95,1.129,80,80,Low
27,112,191,3.56,54.5,13.95,1448.73,61.39,1.129,79,79,Low
27,113,191,3.53,53.87,13.98,1442.01,62.49,1.129,78,78,Low
27,114,191,3.42,53.86,13.53,1445.57,61.02,1.129,77,77,Low
27,115,191,3.6,54.1,13.76,1438.65,60.0,1.129,76,76,Low
27,116,191,3.34,54.92,14.16,1442.63,61.44,1.129,75,75,Low
27,117,191,3.52,56.33,13.56,1437.23,60.73,1.129,74,74,Low
27,118,191,3.8,55.75,14.02,1438.43,61.77,1.129,73,73,Low
27,119,191,3.63,55.53,14.01,1438.62,61.26,1.129,72,72,Low
27,120,191,3.86,56.61,13.88,1430.24,62.06,1.129,71,71,Low
27,121,191,3.8,56.61,13.76,1440.06,60.43,1.129,70,70,Low
27,122,191,3.92,56.74,14.04,1437.48,60.88,1.129,69,69,Low
27,123,191,4.13,55.31,13.72,1433.3,61.33,1.129,68,68,Low
27,124,191,3.9,57.65,13.9,1428.29,62.36,1.129,67,67,Low
27,125,191,4.17,56.35,14.24,1430.79,61.86,1.129,66,66,Low
27,126,191,4.05,56.85,13.85,1427.44,61.44,1.129,65,65,Low
27,127,191,4.13,55.93,14.38,1428.02,62.08,1.129,64,64,Low
27,128,191,4.41,57.29,14.07,1432.32,63.52,1.129,63,63,Low
27,129,191,4.2,57.48,14.3,1439.09,63.04,1.129,62,62,Low
27,130,191,4.36,58.22,14.18,1427.26,62.58,1.129,61,61,Low
27,131,191,4.41,57.91,14.5,1431.85,63.33,1.129,60,60,Low
27,132,191,4.45,58.63,14.59,1423.05,63.79,1.129,59,59,Low
27,133,191,4.52,57.3,14.36,1424.57,63.48,1.129,58,58,Low
27,134,191,4.29,60.61,14.81,1424.13,63.14,1.129,57,57,Low
27,135,191,4.39,58.89,14.92,1432.14,63.58,1.129,56,56,Low
27,136,191,4.75,59.42,15.09,1428.53,64.08,1.129,55,55,Low
27,137,191,4.67,59.0,15.09,1438.92,63.58,1.129,54,54,Low
27,138,191,4.93,59.85,14.5,1423.25,65.08,1.129,53,53,Low
27,139,191,5.02,61.44,14.7,1422.32,63.52,1.129,52,52,Low
27,140,191,4.75,59.96,14.74,1426.22,64.37,1.129,51,51,Low
27,141,191,4.89,60.57,15.0,1416.16,64.4,1.129,50,50,Low
27,142,191,4.96,60.76,14.8,1416.37,64.72,1.129,49,49,Low
27,143,191,5.07,61.56,14.96,1419.04,63.79,1.129,48,48,Low
27,144,191,5.24,62.99,14.9,1421.2,65.16,1.129,47,47,Low
27,145,191,5.13,61.41,15.28,1423.93,64.99,1.129,46,46,Low
27,146,191,5.27,62.87,15.04,1414.01,65.39,1.129,45,45,Low
27,147,191,5.33,61.76,15.06,1407.61,65.35,1.129,44,44,Low
27,148,191,5.21,63.65,15.29,1400.88,65.1,1.129,43,43,Low
27,149,191,5.62,61.34,15.66,1398.2,65.12,1.129,42,42,Low
27,150,191,5.3,62.88,15.26,1392.78,66.78,1.129,41,41,Low
27,151,191,5.88,63.74,15.31,1400.05,67.11,1.129,40,40,Medium
27,152,191,5.65,64.21,15.47,1400.7,66.93,1.129,39,39,Medium
27,153,191,5.65,63.63,15.82,1399.79,66.48,1.129,38,38,Medium
27,154,191,5.58,65.05,15.26,1389.97,66.18,1.129,37,37,Medium
27,155,191,5.86,63.55,16.0,1400.31,66.62,1.129,36,36,Medium
27,156,191,5.71,64.84,15.83,1401.53,67.69,1.129,35,35,Medium
27,157,191,6.04,64.57,15.41,1409.85,66.4,1.129,34,34,Medium
27,158,191,6.04,66.59,16.23,1393.28,67.82,1.129,33,33,Medium
27,159,191,5.98,64.82,16.14,1401.58,67.57,1.129,32,32,Medium
27,160,191,6.27,64.27,15.96,1395.21,68.12,1.129,31,31,Medium
27,161,191,6.28,65.94,16.37,1392.34,67.78,1.129,30,30,Medium
27,162,191,6.17,66.28,15.91,1393.41,68.85,1.129,29,29,Medium
27,163,191,6.5,67.58,16.04,1398.81,67.35,1.129,28,28,Medium
27,164,191,6.62,68.88,16.24,1385.85,69.5,1.129,27,27,Medium
27,165,191,6.57,66.81,16.39,1383.02,68.86,1.129,26,26,Medium
27,166,191,6.63,69.42,16.59,1393.91,69.17,1.129,25,25,Medium
27,167,191,6.53,69.76,16.63,1389.9,69.63,1.129,24,24,Medium
27,168,191,7.16,69.28,16.42,1385.83,69.67,1.129,23,23,Medium
27,169,191,6.85,70.75,16.14,1387.34,69.13,1.129,22,22,Medium
27,170,191,6.92,68.89,16.5,1382.59,69.99,1.129,21,21,Medium
27,171,191,7.05,70.2,16.17,1382.34,70.88,1.129,20,20,Medium
27,172,191,7.22,71.35,17.31,1379.84,70.06,1.129,19,19,Medium
27,173,191,7.04,71.55,16.99,1374.63,70.82,1.129,18,18,Medium
27,174,191,7.49,71.19,16.81,1386.06,71.11,1.129,17,17,Medium
27,175,191,7.25,72.77,16.5,1368.76,71.39,1.129,16,16,Medium
27,176,191,7.47,71.68,17.05,1366.12,71.11,1.129,15,15,High
27,177,191,7.66,73.36,17.24,1363.12,72.56,1.129,14,14,High
27,178,191,7.6,72.9,17.29,1367.44,71.61,1.129,13,13,High
27,179,191,8.06,74.81,17.06,1357.47,71.78,1.129,12,12,High
27,180,191,7.59,74.11,17.2,1362.84,72.48,1.129,11,11,High
27,181,191,8.02,74.74,17.32,1357.7,72.86,1.129,10,10,High
27,182,191,7.94,75.85,17.55,1363.17,73.3,1.129,9,9,High
27,183,191,8.26,74.2,17.7,1364.42,72.69,1.129,8,8,High
27,184,191,8.1,76.34,17.94,1359.46,72.3,1.129,7,7,High
27,185,191,8.29,77.09,17.6,1351.3,74.22,1.129,6,6,High
27,186,191,8.49,77.36,17.77,1350.34,74.04,1.129,5,5,High
27,187,191,8.62,77.97,17.97,1354.08,74.78,1.129,4,4,High
27,188,191,8.32,77.31,17.87,1347.57,73.74,1.129,3,3,High
27,189,191,8.59,78.05,17.56,1349.49,74.2,1.129,2,2,High
27,190,191,8.42,78.49,17.78,1349.72,75.29,1.129,1,1,High
27,191,191,8.84,78.77,17.81,1355.89,75.35,1.129,0,0,High
28,1,288,1.53,45.55,12.34,1472.55,55.36,1.207,287,130,Low
28,2,288,1.31,45.51,11.83,1484.62,54.87,1.207,286,130,Low
28,3,288,1.41,43.74,11.91,1475.78,54.98,1.207,285,130,Low
28,4,288,1.59,44.98,11.99,1492.78,54.64,1.207,284,130,Low
28,5,288,1.63,44.49,11.52,1483.06,55.45,1.207,283,130,Low
28,6,288,1.38,45.58,11.88,1476.95,54.99,1.207,282,130,Low
28,7,288,1.28,45.09,11.8,1484.49,55.0,1.207,281,130,Low
28,8,288,1.73,44.85,12.05,1473.65,55.55,1.207,280,130,Low
28,9,288,1.46,47.2,12.06,1483.27,54.29,1.207,279,130,Low
28,10,288,1.19,44.52,11.79,1482.04,55.47,1.207,278,130,Low
28,11,288,1.57,45.35,11.85,1467.93,55.61,1.207,277,130,Low
28,12,288,1.52,43.93,12.26,1473.33,55.51,1.207,276,130,Low
28,13,288,1.38,46.06,11.5,1488.31,54.86,1.207,275,130,Low
28,14,288,1.69,43.82,11.51,1491.04,54.3,1.207,274,130,Low
28,15,288,1.62,45.23,11.9,1473.29,54.51,1.207,273,130,Low
28,16,288,1.78,44.63,11.92,1467.59,55.67,1.207,272,130,Low
28,17,288,1.44,44.07,11.99,1477.82,54.28,1.207,271,130,Low
28,18,288,1.42,45.47,12.03,1486.57,54.58,1.207,270,130,Low
28,19,288,1.31,44.92,12.1,1468.32,55.08,1.207,269,130,Low
28,20,288,1.57,46.28,12.02,1487.04,54.19,1.207,268,130,Low
28,21,288,1.56,45.51,11.9,1478.96,55.37,1.207,267,130,Low
28,22,288,1.53,45.41,11.98,1483.14,55.93,1.207,266,130,Low
28,23,288,1.55,45.64,11.77,1481.37,56.08,1.207,265,130,Low
28,24,288,1.59,44.12,11.74,1497.46,55.07,1.207,264,130,Low
28,25,288,1.41,45.13,12.02,1478.91,55.51,1.207,263,130,Low
28,26,288,1.43,44.56,11.96,1486.15,55.14,1.207,262,130,Low
28,27,288,1.55,44.62,12.05,1484.29,54.97,1.207,261,130,Low
28,28,288,1.86,45.67,12.03,1478.6,54.84,1.207,260,130,Low
28,29,288,1.51,45.63,12.24,1483.49,56.28,1.207,259,130,Low
28,30,288,1.34,44.46,12.08,1466.54,56.17,1.207,258,130,Low
28,31,288,1.57,45.76,11.88,1491.94,53.48,1.207,257,130,Low
28,32,288,1.41,46.7,12.12,1477.33,55.74,1.207,256,130,Low
28,33,288,1.27,45.01,12.15,1480.44,55.9,1.207,255,130,Low
28,34,288,1.57,44.75,11.81,1481.27,54.95,1.207,254,130,Low
28,35,288,1.53,45.7,12.0,1482.44,55.26,1.207,253,130,Low
28,36,288,1.42,45.14,12.02,1479.21,54.16,1.207,252,130,Low
28,37,288,1.56,45.86,11.81,1487.66,55.19,1.207,251,130,Low
28,38,288,1.5,44.2,11.72,1480.16,55.92,1.207,250,130,Low
28,39,288,1.49,43.95,12.27,1477.24,54.03,1.207,249,130,Low
28,40,288,1.58,42.84,12.08,1468.36,55.63,1.207,248,130,Low
28,41,288,1.71,45.61,12.08,1479.13,55.31,1.207,247,130,Low
28,42,288,1.26,44.32,11.82,1480.89,54.54,1.207,246,130,Low
28,43,288,1.92,44.02,12.09,1480.86,55.3,1.207,245,130,Low
28,44,288,1.42,46.32,11.77,1481.75,54.62,1.207,244,130,Low
28,45,288,1.74,45.21,12.15,1478.76,54.66,1.207,243,130,Low
28,46,288,1.68,44.6,12.23,1475.71,54.76,1.207,242,130,Low
28,47,288,1.55,45.38,12.12,1476.18,55.28,1.207,241,130,Low
28,48,288,1.58,45.95,11.68,1478.62,54.26,1.207,240,130,Low
28,49,288,1.72,44.94,11.75,1485.9,54.89,1.207,239,130,Low
28,50,288,1.51,45.33,12.32,1475.52,56.02,1.207,238,130,Low
28,51,288,1.5,43.91,11.86,1474.73,55.86,1.207,237,130,Low
28,52,288,1.71,45.96,12.39,1474.59,56.55,1.207,236,130,Low
28,53,288,1.79,46.66,11.89,1481.0,55.98,1.207,235,130,Low
28,54,288,1.77,45.45,12.23,1470.76,55.03,1.207,234,130,Low
28,55,288,1.69,46.05,12.22,1485.72,56.0,1.207,233,130,Low
28,56,288,1.61,45.93,12.13,1471.36,56.07,1.207,232,130,Low
28,57,288,1.54,46.74,11.93,1473.72,55.58,1.207,231,130,Low
28,58,288,1.61,45.62,12.21,1486.56,55.62,1.207,230,130,Low
28,59,288,1.61,45.94,12.11,1468.08,55.7,1.207,229,130,Low
28,60,288,1.62,44.37,12.33,1476.35,56.15,1.207,228,130,Low
28,61,288,1.74,46.22,11.93,1467.79,55.94,1.207,227,130,Low
28,62,288,1.66,45.29,12.35,1476.77,56.0,1.207,226,130,Low
28,63,288,1.71,45.43,11.97,1486.38,55.25,1.207,225,130,Low
28,64,288,1.54,45.84,12.24,1479.96,55.3,1.207,224,130,Low
28,65,288,1.52,45.69,12.37,1473.85,55.32,1.207,223,130,Low
28,66,288,1.66,46.44,12.0,1471.32,55.25,1.207,222,130,Low
28,67,288,1.74,45.17,12.25,1474.8,55.87,1.207,221,130,Low
28,68,288,1.8,45.23,12.04,1490.47,54.56,1.207,220,130,Low
28,69,288,1.71,44.92,12.31,1482.14,55.98,1.207,219,130,Low
28,70,288,1.62,47.27,12.36,1469.21,55.56,1.207,218,130,Low
28,71,288,1.71,46.54,12.38,1469.14,55.84,1.207,217,130,Low
28,72,288,1.52,45.35,12.0,1476.88,55.25,1.207,216,130,Low
28,73,288,1.73,46.36,12.72,1476.78,55.97,1.207,215,130,Low
28,74,288,1.74,45.38,11.88,1475.55,56.51,1.207,214,130,Low
28,75,288,1.78,46.65,11.61,1480.14,55.85,1.207,213,130,Low
28,76,288,1.63,47.63,11.95,1463.76,56.05,1.207,212,130,Low
28,77,288,1.76,45.49,12.27,1459.24,55.17,1.207,211,130,Low
28,78,288,1.71,46.47,11.85,1474.81,55.67,1.207,210,130,Low
28,79,288,1.81,46.36,11.78,1473.1,57.05,1.207,209,130,Low
28,80,288,1.74,47.0,12.44,1467.47,55.1,1.207,208,130,Low
28,81,288,1.89,47.02,12.22,1468.98,55.86,1.207,207,130,Low
28,82,288,1.63,46.34,12.5,1477.36,56.34,1.207,206,130,Low
28,83,288,1.76,46.51,12.54,1475.1,55.69,1.207,205,130,Low
28,84,288,1.85,47.27,12.2,1475.93,57.25,1.207,204,130,Low
28,85,288,1.84,48.31,12.0,1458.96,56.44,1.207,203,130,Low
28,86,288,1.84,47.29,12.34,1468.53,55.78,1.207,202,130,Low
28,87,288,1.66,47.16,11.97,1472.95,56.42,1.207,201,130,Low
28,88,288,1.85,46.45,12.41,1474.81,56.19,1.207,200,130,Low
28,89,288,1.81,45.73,12.35,1476.06,56.44,1.207,199,130,Low
28,90,288,1.88,48.59,12.27,1477.1,55.36,1.207,198,130,Low
28,91,288,1.87,47.87,12.54,1475.57,57.18,1.207,197,130,Low
28,92,288,1.95,46.28,12.08,1471.55,56.14,1.207,196,130,Low
28,93,288,2.19,47.55,12.34,1475.93,56.06,1.207,195,130,Low
28,94,288,1.85,48.38,12.37,1472.66,56.44,1.207,194,130,Low
28,95,288,2.17,46.98,12.36,1473.51,56.08,1.207,193,130,Low
28,96,288,1.86,46.83,12.0,1468.54,57.15,1.207,192,130,Low
28,97,288,2.01,47.05,12.36,1469.15,55.83,1.207,191,130,Low
28,98,288,2.21,47.83,12.79,1460.83,57.16,1.207,190,130,Low
28,99,288,1.79,47.42,12.76,1466.93,56.43,1.207,189,130,Low
28,100,288,2.14,48.84,12.94,1473.25,55.93,1.207,188,130,Low
28,101,288,2.16,47.48,12.62,1469.95,56.84,1.207,187,130,Low
28,102,288,2.06,47.49,12.49,1463.68,58.1,1.207,186,130,Low
28,103,288,2.05,47.72,12.44,1472.12,56.02,1.207,185,130,Low
28,104,288,2.26,47.95,12.8,1468.92,56.69,1.207,184,130,Low
28,105,288,2.03,48.02,12.61,1463.03,57.14,1.207,183,130,Low
28,106,288,2.07,47.81,12.58,1470.57,56.67,1.207,182,130,Low
28,107,288,2.18,47.94,12.23,1468.32,57.19,1.207,181,130,Low
28,108,288,2.1,46.89,12.72,1465.29,57.15,1.207,180,130,Low
28,109,288,2.16,48.74,12.36,1464.54,57.3,1.207,179,130,Low
28,110,288,2.17,49.14,12.68,1472.7,55.87,1.207,178,130,Low
28,111,288,2.11,49.5,12.65,1464.63,57.84,1.207,177,130,Low
28,112,288,2.33,48.95,13.1,1477.24,56.37,1.207,176,130,Low
28,113,288,2.06,48.56,12.99,1462.23,57.08,1.207,175,130,Low
28,114,288,2.48,47.97,12.99,1463.5,57.1,1.207,174,130,Low
28,115,288,2.16,47.63,12.47,1468.37,57.47,1.207,173,130,Low
28,116,288,2.31,48.85,12.45,1459.98,56.61,1.207,172,130,Low
28,117,288,2.3,48.02,12.87,1461.12,56.06,1.207,171,130,Low
28,118,288,2.38,49.7,12.68,1461.98,56.35,1.207,170,130,Low
28,119,288,2.24,49.26,12.84,1468.13,58.29,1.207,169,130,Low
28,120,288,2.23,48.86,12.59,1466.66,56.27,1.207,168,130,Low
28,121,288,2.43,48.5,12.77,1469.74,56.02,1.207,167,130,Low
28,122,288,2.26,49.33,13.5,1454.28,56.92,1.207,166,130,Low
28,123,288,2.52,48.76,12.7,1469.11,58.07,1.207,165,130,Low
28,124,288,2.5,48.0,12.93,1472.12,56.33,1.207,164,130,Low
28,125,288,2.55,49.23,12.76,1459.98,57.45,1.207,163,130,Low
28,126,288,2.5,50.25,13.08,1460.33,57.49,1.207,162,130,Low
28,127,288,2.47,50.11,12.76,1459.21,58.16,1.207,161,130,Low
28,128,288,2.55,50.36,13.09,1470.32,58.78,1.207,160,130,Low
28,129,288,2.58,49.02,13.23,1460.89,58.78,1.207,159,130,Low
28,130,288,2.62,51.33,12.91,1462.95,59.42,1.207,158,130,Low
28,131,288,2.82,49.6,12.93,1459.77,58.06,1.207,157,130,Low
28,132,288,2.51,50.42,12.98,1454.51,57.66,1.207,156,130,Low
28,133,288,2.61,49.95,13.11,1453.03,58.32,1.207,155,130,Low
28,134,288,2.63,49.52,12.73,1466.52,58.45,1.207,154,130,Low
28,135,288,2.67,51.12,13.2,1456.96,57.09,1.207,153,130,Low
28,136,288,2.62,50.36,12.77,1454.53,57.98,1.207,152,130,Low
28,137,288,2.76,50.38,13.06,1457.41,58.27,1.207,151,130,Low
28,138,288,2.76,49.81,13.17,1450.49,58.82,1.207,150,130,Low
28,139,288,2.83,51.07,13.03,1467.7,57.61,1.207,149,130,Low
28,140,288,3.01,50.42,12.94,1462.72,59.28,1.207,148,130,Low
28,141,288,2.77,50.71,13.03,1464.86,58.48,1.207,147,130,Low
28,142,288,2.94,51.2,13.4,1467.28,59.39,1.207,146,130,Low
28,143,288,2.96,51.21,12.81,1450.1,58.51,1.207,145,130,Low
28,144,288,2.57,51.02,13.28,1466.62,58.69,1.207,144,130,Low
28,145,288,2.8,51.7,13.42,1455.59,58.14,1.207,143,130,Low
28,146,288,2.75,52.45,13.29,1462.78,59.08,1.207,142,130,Low
28,147,288,2.75,51.87,13.63,1452.09,59.08,1.207,141,130,Low
28,148,288,2.93,52.25,13.34,1447.22,59.01,1.207,140,130,Low
28,149,288,3.13,51.66,13.3,1456.37,59.42,1.207,139,130,Low
28,150,288,3.2,52.24,13.13,1454.16,59.83,1.207,138,130,Low
28,151,288,3.16,52.69,13.56,1444.45,59.28,1.207,137,130,Low
28,152,288,3.13,51.87,13.4,1457.85,58.66,1.207,136,130,Low
28,153,288,2.94,52.26,13.2,1430.97,60.5,1.207,135,130,Low
28,154,288,3.21,52.85,13.91,1438.44,59.61,1.207,134,130,Low
28,155,288,3.06,52.39,13.25,1450.08,59.92,1.207,133,130,Low
28,156,288,3.11,52.38,13.82,1452.37,59.57,1.207,132,130,Low
28,157,288,3.36,53.37,13.23,1442.02,59.0,1.207,131,130,Low
28,158,288,3.54,52.68,13.19,1437.96,60.27,1.207,130,130,Low
28,159,288,3.28,53.6,13.45,1450.91,60.15,1.207,129,129,Low
28,160,288,3.31,53.09,13.5,1441.65,59.92,1.207,128,128,Low
28,161,288,3.24,54.02,13.26,1450.43,58.76,1.207,127,127,Low
28,162,288,3.06,53.04,13.42,1441.92,61.24,1.207,126,126,Low
28,163,288,3.37,54.15,13.62,1442.01,59.63,1.207,125,125,Low
28,164,288,3.4,54.73,13.25,1448.11,60.79,1.207,124,124,Low
28,165,288,3.52,54.03,13.85,1445.57,60.08,1.207,123,123,Low
28,166,288,3.52,55.61,14.04,1435.49,60.11,1.207,122,122,Low
28,167,288,3.48,54.27,13.55,1437.95,60.82,1.207,121,121,Low
28,168,288,3.56,54.82,13.61,1440.31,60.51,1.207,120,120,Low
28,169,288,3.65,53.22,13.42,1442.64,60.07,1.207,119,119,Low
28,170,288,3.97,54.97,13.47,1435.89,61.03,1.207,118,118,Low
28,171,288,3.84,54.91,13.82,1456.59,61.25,1.207,117,117,Low
28,172,288,3.87,54.36,13.17,1445.51,61.49,1.207,116,116,Low
28,173,288,3.56,54.58,14.06,1445.11,60.68,1.207,115,115,Low
28,174,288,3.66,56.01,13.56,1439.71,60.74,1.207,114,114,Low
28,175,288,4.12,55.69,13.81,1445.75,61.12,1.207,113,113,Low
28,176,288,3.66,54.18,14.16,1449.07,61.22,1.207,112,112,Low
28,177,288,4.04,55.96,13.91,1432.85,60.87,1.207,111,111,Low
28,178,288,3.8,55.86,13.93,1425.55,61.75,1.207,110,110,Low
28,179,288,3.79,56.22,14.19,1425.88,61.35,1.207,109,109,Low
28,180,288,4.06,57.73,13.88,1433.17,61.81,1.207,108,108,Low
28,181,288,3.77,57.58,14.23,1436.55,61.01,1.207,107,107,Low
28,182,288,3.91,57.23,14.01,1432.93,62.14,1.207,106,106,Low
28,183,288,4.2,56.63,14.2,1430.07,61.31,1.207,105,105,Low
28,184,288,3.97,56.37,13.18,1445.52,62.84,1.207,104,104,Low
28,185,288,3.77,56.11,14.32,1422.44,63.62,1.207,103,103,Low
28,186,288,4.28,56.51,13.96,1430.96,62.55,1.207,102,102,Low
28,187,288,4.26,56.79,14.37,1437.49,61.58,1.207,101,101,Low
28,188,288,4.3,56.1,14.6,1419.37,63.04,1.207,100,100,Low
28,189,288,4.2,57.91,14.4,1426.09,62.06,1.207,99,99,Low
28,190,288,4.26,58.62,14.52,1421.34,62.34,1.207,98,98,Low
28,191,288,4.27,59.64,14.26,1426.19,62.37,1.207,97,97,Low
28,192,288,4.45,58.27,14.07,1422.18,63.61,1.207,96,96,Low
28,193,288,4.74,59.57,14.27,1429.87,63.17,1.207,95,95,Low
28,194,288,4.32,59.45,14.71,1426.3,62.92,1.207,94,94,Low
28,195,288,4.47,57.06,14.05,1418.03,63.57,1.207,93,93,Low
28,196,288,4.44,60.42,14.53,1427.19,62.89,1.207,92,92,Low
28,197,288,4.56,58.94,14.81,1429.73,63.27,1.207,91,91,Low
28,198,288,4.54,59.12,14.78,1416.47,64.11,1.207,90,90,Low
28,199,288,4.55,59.45,14.84,1432.75,62.92,1.207,89,89,Low
28,200,288,4.75,57.48,14.92,1425.12,63.33,1.207,88,88,Low
28,201,288,4.8,60.07,14.54,1413.98,62.98,1.207,87,87,Low
28,202,288,4.76,59.24,14.0,1415.12,64.54,1.207,86,86,Low
28,203,288,5.02,58.8,14.7,1412.11,63.98,1.207,85,85,Low
28,204,288,4.79,60.03,15.07,1423.3,65.11,1.207,84,84,Low
28,205,288,5.04,60.08,14.82,1414.49,64.48,1.207,83,83,Low
28,206,288,4.77,61.45,15.01,1410.76,63.81,1.207,82,82,Low
28,207,288,4.67,61.0,15.21,1411.85,63.64,1.207,81,81,Low
28,208,288,4.93,60.62,14.63,1406.11,65.21,1.207,80,80,Low
28,209,288,5.0,61.82,14.34,1419.96,65.56,1.207,79,79,Low
28,210,288,4.84,60.37,14.83,1413.67,65.96,1.207,78,78,Low
28,211,288,5.14,61.85,15.0,1405.28,64.22,1.207,77,77,Low
28,212,288,5.29,61.81,15.28,1403.67,65.56,1.207,76,76,Low
28,213,288,5.15,62.66,15.17,1412.23,64.77,1.207,75,75,Low
28,214,288,5.4,62.13,15.22,1416.63,66.79,1.207,74,74,Low
28,215,288,5.29,62.6,15.53,1403.49,64.94,1.207,73,73,Low
28,216,288,5.27,63.46,15.69,1413.55,65.74,1.207,72,72,Low
28,217,288,5.37,64.09,15.15,1407.25,65.41,1.207,71,71,Low
28,218,288,5.33,62.68,15.68,1410.7,67.13,1.207,70,70,Low
28,219,288,5.35,62.93,15.29,1413.04,66.44,1.207,69,69,Low
28,220,288,5.43,63.55,15.62,1405.99,66.65,1.207,68,68,Low
28,221,288,5.44,63.33,15.28,1400.72,65.71,1.207,67,67,Low
28,222,288,5.61,62.81,15.43,1405.64,66.38,1.207,66,66,Low
28,223,288,5.56,63.27,15.48,1397.44,67.25,1.207,65,65,Low
28,224,288,5.83,63.88,15.47,1407.58,66.62,1.207,64,64,Low
28,225,288,5.57,66.07,15.82,1413.5,67.23,1.207,63,63,Low
28,226,288,5.81,64.39,15.95,1407.64,66.63,1.207,62,62,Low
28,227,288,5.84,64.52,15.3,1404.54,65.93,1.207,61,61,Low
28,228,288,5.95,64.46,15.7,1404.13,67.32,1.207,60,60,Low
28,229,288,5.76,65.12,16.16,1392.82,66.55,1.207,59,59,Low
28,230,288,5.98,66.73,16.12,1394.68,67.06,1.207,58,58,Low
28,231,288,5.88,65.93,16.03,1398.93,66.17,1.207,57,57,Low
28,232,288,6.05,66.1,16.01,1401.71,67.89,1.207,56,56,Low
28,233,288,6.08,65.55,15.72,1386.28,68.73,1.207,55,55,Low
28,234,288,6.0,66.46,15.81,1390.89,67.31,1.207,54,54,Low
28,235,288,6.14,66.39,16.36,1389.88,67.71,1.207,53,53,Low
28,236,288,6.37,66.74,15.98,1391.54,68.76,1.207,52,52,Low
28,237,288,6.27,67.08,16.18,1398.79,67.89,1.207,51,51,Low
28,238,288,6.52,67.22,15.95,1398.02,67.87,1.207,50,50,Low
28,239,288,6.43,66.52,15.71,1397.73,69.18,1.207,49,49,Low
28,240,288,6.55,69.04,16.56,1390.99,67.88,1.207,48,48,Low
28,241,288,6.62,68.21,16.42,1387.22,70.38,1.207,47,47,Low
28,242,288,6.54,68.17,16.31,1383.85,69.2,1.207,46,46,Low
28,243,288,6.66,70.16,16.17,1389.74,69.09,1.207,45,45,Low
28,244,288,6.74,69.1,16.61,1391.08,69.13,1.207,44,44,Low
28,245,288,6.76,68.95,16.23,1373.17,69.89,1.207,43,43,Low
28,246,288,6.73,67.08,16.76,1385.11,70.44,1.207,42,42,Low
28,247,288,6.91,69.07,16.58,1378.75,68.67,1.207,41,41,Low
28,248,288,6.88,69.23,16.54,1389.41,69.91,1.207,40,40,Medium
28,249,288,7.07,71.05,16.68,1376.65,70.37,1.207,39,39,Medium
28,250,288,7.01,69.59,16.8,1382.01,71.12,1.207,38,38,Medium
28,251,288,7.19,70.76,16.68,1376.41,70.59,1.207,37,37,Medium
28,252,288,7.32,71.7,16.45,1369.66,71.47,1.207,36,36,Medium
28,253,288,7.29,70.34,16.92,1373.3,71.31,1.207,35,35,Medium
28,254,288,7.24,71.54,16.73,1365.12,70.18,1.207,34,34,Medium
28,255,288,7.32,72.15,16.79,1371.57,71.16,1.207,33,33,Medium
28,256,288,7.44,71.64,16.3,1365.76,70.88,1.207,32,32,Medium
28,257,288,7.21,72.73,17.43,1369.48,71.39,1.207,31,31,Medium
28,258,288,7.36,72.16,16.87,1367.11,72.1,1.207,30,30,Medium
28,259,288,7.48,74.42,16.76,1362.25,71.83,1.207,29,29,Medium
28,260,288,7.5,73.75,16.82,1368.71,71.2,1.207,28,28,Medium
28,261,288,7.52,72.87,17.16,1369.27,72.03,1.207,27,27,Medium
28,262,288,7.6,73.52,17.53,1368.67,71.63,1.207,26,26,Medium
28,263,288,7.8,72.88,16.83,1367.03,72.76,1.207,25,25,Medium
28,264,288,7.95,73.69,17.8,1361.11,71.96,1.207,24,24,Medium
28,265,288,7.71,73.79,17.81,1372.36,73.63,1.207,23,23,Medium
28,266,288,7.97,75.31,17.66,1369.06,72.16,1.207,22,22,Medium
28,267,288,7.82,74.28,17.55,1360.97,72.06,1.207,21,21,Medium
28,268,288,8.1,75.31,17.18,1358.87,73.1,1.207,20,20,Medium
28,269,288,8.13,76.16,17.66,1353.24,72.85,1.207,19,19,Medium
28,270,288,8.25,76.78,17.86,1367.67,74.05,1.207,18,18,Medium
28,271,288,8.4,75.43,17.59,1354.01,73.55,1.207,17,17,Medium
28,272,288,8.23,75.6,17.35,1354.28,73.36,1.207,16,16,Medium
28,273,288,8.32,76.99,17.73,1345.2,74.2,1.207,15,15,High
28,274,288,8.31,77.47,18.24,1355.47,74.77,1.207,14,14,High
28,275,288,8.55,78.43,17.54,1352.79,74.87,1.207,13,13,High
28,276,288,8.5,76.66,17.75,1352.74,74.56,1.207,12,12,High
28,277,288,8.39,78.33,17.9,1344.93,74.74,1.207,11,11,High
28,278,288,8.6,78.58,17.83,1348.79,75.52,1.207,10,10,High
28,279,288,8.86,77.88,18.51,1352.46,75.04,1.207,9,9,High
28,280,288,8.77,78.86,18.36,1344.88,76.46,1.207,8,8,High
28,281,288,8.86,80.37,17.84,1346.75,74.56,1.207,7,7,High
28,282,288,9.03,79.39,18.26,1346.79,75.5,1.207,6,6,High
28,283,288,9.03,79.76,18.58,1338.61,75.66,1.207,5,5,High
28,284,288,9.22,78.48,18.04,1338.84,76.22,1.207,4,4,High
28,285,288,9.22,81.12,18.26,1336.0,77.32,1.207,3,3,High
28,286,288,9.25,79.38,18.27,1339.24,76.06,1.207,2,2,High
28,287,288,9.15,81.46,18.4,1327.74,76.89,1.207,1,1,High
28,288,288,9.45,81.97,18.85,1321.96,77.05,1.207,0,0,High
29,1,151,1.46,44.57,12.2,1477.17,54.77,0.957,150,130,Low
29,2,151,1.34,43.81,12.17,1474.93,55.7,0.957,149,130,Low
29,3,151,1.66,45.45,11.96,1484.77,54.85,0.957,148,130,Low
29,4,151,1.52,45.44,12.11,1487.93,54.19,0.957,147,130,Low
29,5,151,1.37,45.01,11.32,1480.5,54.48,0.957,146,130,Low
29,6,151,1.39,44.77,11.91,1481.93,54.71,0.957,145,130,Low
29,7,151,1.54,45.74,12.09,1480.4,55.56,0.957,144,130,Low
29,8,151,1.51,46.08,12.2,1476.11,54.86,0.957,143,130,Low
29,9,151,1.27,43.97,11.63,1474.05,55.11,0.957,142,130,Low
29,10,151,1.55,44.41,12.15,1485.24,55.43,0.957,141,130,Low
29,11,151,1.43,44.12,11.79,1490.69,54.43,0.957,140,130,Low
29,12,151,1.59,45.15,12.34,1484.14,55.4,0.957,139,130,Low
29,13,151,1.51,45.16,11.75,1479.84,54.6,0.957,138,130,Low
29,14,151,1.52,45.69,12.03,1472.22,54.61,0.957,137,130,Low
29,15,151,1.44,44.48,12.24,1467.68,55.94,0.957,136,130,Low
29,16,151,1.43,45.41,12.13,1471.86,55.57,0.957,135,130,Low
29,17,151,1.44,45.61,11.97,1475.34,56.35,0.957,134,130,Low
29,18,151,1.61,43.6,12.01,1471.46,55.05,0.957,133,130,Low
29,19,151,1.77,45.24,11.58,1482.63,55.64,0.957,132,130,Low
29,20,151,1.35,44.6,12.3,1483.64,53.48,0.957,131,130,Low
29,21,151,1.57,45.21,12.0,1486.04,54.3,0.957,130,130,Low
29,22,151,1.6,46.27,12.21,1483.92,54.13,0.957,129,129,Low
29,23,151,1.65,45.39,12.22,1479.71,54.83,0.957,128,128,Low
29,24,151,1.58,45.23,12.23,1479.31,55.18,0.957,127,127,Low
29,25,151,1.48,44.64,11.99,1473.08,55.49,0.957,126,126,Low
29,26,151,1.41,42.77,11.92,1479.88,54.93,0.957,125,125,Low
29,27,151,1.52,45.64,12.51,1475.05,55.92,0.957,124,124,Low
29,28,151,1.71,44.98,12.07,1469.96,55.96,0.957,123,123,Low
29,29,151,1.42,45.08,11.98,1478.03,54.7,0.957,122,122,Low
29,30,151,1.65,44.76,12.13,1474.07,56.0,0.957,121,121,Low
29,31,151,1.65,45.49,11.89,1483.74,55.72,0.957,120,120,Low
29,32,151,1.61,45.6,12.18,1468.6,55.47,0.957,119,119,Low
29,33,151,1.65,44.67,11.91,1481.4,56.57,0.957,118,118,Low
29,34,151,1.82,46.58,12.2,1469.15,56.47,0.957,117,117,Low
29,35,151,1.59,45.11,12.4,1484.41,55.71,0.957,116,116,Low
29,36,151,1.42,45.32,12.6,1491.23,55.96,0.957,115,115,Low
29,37,151,1.75,45.9,11.98,1475.42,56.44,0.957,114,114,Low
29,38,151,1.59,45.39,12.02,1476.77,55.82,0.957,113,113,Low
29,39,151,1.71,46.85,11.94,1478.32,54.98,0.957,112,112,Low
29,40,151,1.68,45.55,12.31,1475.12,55.05,0.957,111,111,Low
29,41,151,1.71,45.47,11.64,1479.69,55.02,0.957,110,110,Low
29,42,151,1.62,47.38,12.1,1465.88,55.19,0.957,109,109,Low
29,43,151,1.76,46.85,12.18,1478.65,56.58,0.957,108,108,Low
29,44,151,1.95,46.3,12.12,1482.09,57.26,0.957,107,107,Low
29,45,151,1.66,46.58,12.35,1484.19,56.51,0.957,106,106,Low
29,46,151,1.93,47.26,12.4,1479.82,55.64,0.957,105,105,Low
29,47,151,1.77,47.04,12.25,1475.31,55.5,0.957,104,104,Low
29,48,151,1.91,47.22,12.23,1468.53,55.41,0.957,103,103,Low
29,49,151,1.8,47.44,12.47,1477.26,55.53,0.957,102,102,Low
29,50,151,1.77,45.97,12.48,1468.29,56.02,0.957,101,101,Low
29,51,151,1.83,47.0,12.34,1470.7,56.25,0.957,100,100,Low
29,52,151,1.76,48.15,12.06,1469.61,57.48,0.957,99,99,Low
29,53,151,2.0,47.2,12.42,1473.48,56.69,0.957,98,98,Low
29,54,151,2.16,47.63,12.22,1470.6,55.83,0.957,97,97,Low
29,55,151,1.92,46.99,12.02,1476.82,56.5,0.957,96,96,Low
29,56,151,1.92,45.11,12.44,1468.16,57.26,0.957,95,95,Low
29,57,151,2.36,47.32,12.57,1479.58,56.61,0.957,94,94,Low
29,58,151,2.06,48.49,12.5,1474.99,56.42,0.957,93,93,Low
29,59,151,1.88,48.03,12.68,1475.74,57.77,0.957,92,92,Low
29,60,151,2.24,48.46,12.57,1460.21,56.68,0.957,91,91,Low
29,61,151,2.19,46.69,12.89,1464.09,57.14,0.957,90,90,Low
29,62,151,2.12,48.6,12.85,1469.39,57.27,0.957,89,89,Low
29,63,151,2.31,48.06,12.66,1472.16,57.26,0.957,88,88,Low
29,64,151,2.25,48.11,13.0,1469.04,57.51,0.957,87,87,Low
29,65,151,2.0,48.04,12.3,1463.88,57.73,0.957,86,86,Low
29,66,151,2.44,49.2,12.3,1466.86,56.85,0.957,85,85,Low
29,67,151,2.42,49.39,12.47,1470.46,57.17,0.957,84,84,Low
29,68,151,2.43,49.84,12.52,1468.61,57.2,0.957,83,83,Low
29,69,151,2.49,47.43,12.92,1462.22,57.35,0.957,82,82,Low
29,70,151,2.3,49.72,12.66,1456.0,58.61,0.957,81,81,Low
29,71,151,2.41,48.68,12.9,1467.44,57.54,0.957,80,80,Low
29,72,151,2.58,48.91,12.74,1461.96,57.5,0.957,79,79,Low
29,73,151,2.56,50.39,12.72,1456.84,57.79,0.957,78,78,Low
29,74,151,2.45,49.7,12.81,1468.1,56.94,0.957,77,77,Low
29,75,151,2.48,49.56,12.91,1455.75,58.27,0.957,76,76,Low
29,76,151,2.67,49.46,12.71,1452.67,58.75,0.957,75,75,Low
29,77,151,2.7,50.72,13.54,1459.78,58.03,0.957,74,74,Low
29,78,151,2.53,51.12,13.01,1458.05,59.73,0.957,73,73,Low
29,79,151,2.77,50.38,13.03,1460.16,58.47,0.957,72,72,Low
29,80,151,2.91,51.46,12.97,1459.49,58.51,0.957,71,71,Low
29,81,151,3.09,50.17,12.96,1446.56,58.52,0.957,70,70,Low
29,82,151,2.83,50.5,13.33,1452.32,59.28,0.957,69,69,Low
29,83,151,2.87,51.06,13.17,1451.54,59.87,0.957,68,68,Low
29,84,151,3.03,52.4,13.43,1453.65,59.04,0.957,67,67,Low
29,85,151,3.08,52.2,13.43,1450.33,58.27,0.957,66,66,Low
29,86,151,3.04,52.69,13.52,1461.45,58.3,0.957,65,65,Low
29,87,151,3.0,50.1,13.45,1444.39,58.98,0.957,64,64,Low
29,88,151,3.1,51.91,13.48,1445.18,59.88,0.957,63,63,Low
29,89,151,3.19,53.06,13.27,1435.49,58.33,0.957,62,62,Low
29,90,151,3.19,53.65,13.3,1449.13,60.42,0.957,61,61,Low
29,91,151,3.17,53.05,13.79,1443.76,60.36,0.957,60,60,Low
29,92,151,3.31,51.48,13.91,1445.75,60.18,0.957,59,59,Low
29,93,151,3.47,54.01,13.51,1446.6,60.59,0.957,58,58,Low
29,94,151,3.72,53.53,13.27,1445.32,60.24,0.957,57,57,Low
29,95,151,3.6,55.42,13.59,1444.83,61.43,0.957,56,56,Low
29,96,151,3.42,52.18,13.87,1448.67,60.99,0.957,55,55,Low
29,97,151,3.45,53.46,13.92,1438.76,60.02,0.957,54,54,Low
29,98,151,3.59,54.32,13.67,1439.01,59.98,0.957,53,53,Low
29,99,151,3.72,53.08,13.68,1447.31,61.26,0.957,52,52,Low
29,100,151,3.83,53.57,13.76,1449.67,61.15,0.957,51,51,Low
29,101,151,3.58,55.14,14.03,1434.16,61.45,0.957,50,50,Low
29,102,151,3.76,57.31,14.08,1436.11,61.9,0.957,49,49,Low
29,103,151,3.87,56.12,13.77,1439.39,62.26,0.957,48,48,Low
29,104,151,4.0,55.18,13.92,1431.11,62.02,0.957,47,47,Low
29,105,151,4.02,56.79,13.99,1429.53,62.29,0.957,46,46,Low
29,106,151,4.07,56.91,13.85,1435.54,61.69,0.957,45,45,Low
29,107,151,4.09,56.52,14.3,1428.88,62.97,0.957,44,44,Low
29,108,151,4.26,57.53,13.85,1433.17,62.17,0.957,43,43,Low
29,109,151,4.2,58.04,14.56,1431.2,62.69,0.957,42,42,Low
29,110,151,4.45,58.17,14.22,1430.8,62.75,0.957,41,41,Low
29,111,151,4.32,56.7,14.54,1426.58,63.74,0.957,40,40,Medium
29,112,151,4.45,58.13,14.39,1419.12,62.76,0.957,39,39,Medium
29,113,151,4.52,58.65,14.58,1423.22,63.46,0.957,38,38,Medium
29,114,151,4.56,58.9,14.25,1438.29,62.53,0.957,37,37,Medium
29,115,151,4.69,59.6,14.79,1424.07,63.0,0.957,36,36,Medium
29,116,151,4.63,59.08,14.91,1431.75,63.77,0.957,35,35,Medium
29,117,151,4.75,60.79,15.01,1421.42,64.0,0.957,34,34,Medium
29,118,151,4.89,60.56,14.87,1417.89,64.18,0.957,33,33,Medium
29,119,151,4.79,59.74,14.91,1421.52,64.06,0.957,32,32,Medium
29,120,151,5.04,61.99,14.61,1418.81,64.1,0.957,31,31,Medium
29,121,151,4.98,61.0,15.16,1422.27,65.22,0.957,30,30,Medium
29,122,151,5.2,61.24,14.71,1413.96,65.61,0.957,29,29,Medium
29,123,151,5.43,63.9,14.97,1418.7,65.71,0.957,28,28,Medium
29,124,151,5.31,62.89,15.76,1400.45,64.56,0.957,27,27,Medium
29,125,151,5.31,62.32,15.39,1408.46,64.52,0.957,26,26,Medium
29,126,151,5.22,62.92,15.36,1415.99,65.48,0.957,25,25,Medium
29,127,151,5.57,62.6,15.93,1398.95,65.89,0.957,24,24,Medium
29,128,151,5.58,63.87,15.6,1400.76,66.85,0.957,23,23,Medium
29,129,151,5.72,63.75,15.42,1400.58,66.68,0.957,22,22,Medium
29,130,151,5.88,65.31,15.04,1409.38,66.39,0.957,21,21,Medium
29,131,151,5.76,65.31,15.26,1407.63,67.21,0.957,20,20,Medium
29,132,151,5.79,66.25,15.34,1397.38,67.62,0.957,19,19,Medium
29,133,151,5.99,66.69,15.86,1384.93,67.2,0.957,18,18,Medium
29,134,151,6.29,66.36,16.04,1393.7,67.41,0.957,17,17,Medium
29,135,151,6.21,67.55,15.87,1394.68,68.2,0.957,16,16,Medium
29,136,151,6.13,67.03,16.16,1401.83,69.89,0.957,15,15,High
29,137,151,6.3,68.28,16.36,1399.45,68.75,0.957,14,14,High
29,138,151,6.79,68.21,16.15,1376.14,68.39,0.957,13,13,High
29,139,151,6.46,68.53,16.25,1394.59,69.6,0.957,12,12,High
29,140,151,6.74,67.85,16.26,1395.25,69.78,0.957,11,11,High
29,141,151,6.77,67.97,16.59,1387.4,68.89,0.957,10,10,High
29,142,151,6.53,70.2,16.27,1387.91,69.84,0.957,9,9,High
29,143,151,7.05,70.38,16.23,1391.79,70.11,0.957,8,8,High
29,144,151,6.92,68.95,16.93,1385.81,71.18,0.957,7,7,High
29,145,151,7.12,71.07,16.48,1362.93,70.1,0.957,6,6,High
29,146,151,7.14,72.04,16.96,1373.29,70.23,0.957,5,5,High
29,147,151,7.37,72.03,17.01,1392.86,71.17,0.957,4,4,High
29,148,151,7.47,72.9,16.99,1365.0,71.74,0.957,3,3,High
29,149,151,7.54,72.41,17.24,1372.52,71.74,0.957,2,2,High
29,150,151,7.61,73.79,16.76,1363.89,71.33,0.957,1,1,High
29,151,151,7.67,74.44,17.29,1364.64,73.07,0.957,0,0,High
30,1,227,1.5,44.53,12.04,1485.18,55.49,1.1,226,130,Low
30,2,227,1.63,45.22,11.69,1481.44,54.84,1.1,225,130,Low
30,3,227,1.49,43.92,12.05,1487.88,55.8,1.1,224,130,Low
30,4,227,1.51,45.48,11.71,1482.9,54.95,1.1,223,130,Low
30,5,227,1.59,44.93,12.5,1480.98,54.03,1.1,222,130,Low
30,6,227,1.39,44.91,11.97,1468.88,54.51,1.1,221,130,Low
30,7,227,1.37,44.77,12.17,1477.51,55.46,1.1,220,130,Low
30,8,227,1.49,44.09,12.35,1484.02,55.11,1.1,219,130,Low
30,9,227,1.54,45.29,12.17,1489.58,54.26,1.1,218,130,Low
30,10,227,1.54,45.11,12.26,1468.08,54.68,1.1,217,130,Low
30,11,227,1.48,44.21,12.22,1487.04,53.99,1.1,216,130,Low
30,12,227,1.54,44.39,12.07,1486.83,56.07,1.1,215,130,Low
30,13,227,1.62,43.97,12.25,1478.93,55.23,1.1,214,130,Low
30,14,227,1.62,45.46,12.26,1476.75,55.45,1.1,213,130,Low
30,15,227,1.59,45.15,12.13,1475.63,55.51,1.1,212,130,Low
30,16,227,1.6,45.47,11.86,1486.36,53.58,1.1,211,130,Low
30,17,227,1.53,45.41,11.66,1494.36,55.22,1.1,210,130,Low
30,18,227,1.59,44.15,11.98,1484.73,53.96,1.1,209,130,Low
30,19,227,1.65,45.23,12.25,1480.84,54.67,1.1,208,130,Low
30,20,227,1.67,44.45,12.02,1486.5,55.19,1.1,207,130,Low
30,21,227,1.69,45.36,11.99,1485.37,54.59,1.1,206,130,Low
30,22,227,1.29,44.86,11.92,1484.88,54.88,1.1,205,130,Low
30,23,227,1.54,46.23,12.11,1478.68,55.21,1.1,204,130,Low
30,24,227,1.65,44.37,11.62,1475.2,53.3,1.1,203,130,Low
30,25,227,1.47,43.47,11.72,1478.58,54.89,1.1,202,130,Low
30,26,227,1.35,44.32,12.29,1474.54,54.61,1.1,201,130,Low
30,27,227,1.35,46.14,12.34,1486.73,55.59,1.1,200,130,Low
30,28,227,1.69,44.63,11.67,1485.01,55.05,1.1,199,130,Low
30,29,227,1.44,45.77,12.07,1470.46,56.17,1.1,198,130,Low
30,30,227,1.57,45.69,11.89,1475.78,54.81,1.1,197,130,Low
30,31,227,1.66,46.27,11.93,1484.07,55.2,1.1,196,130,Low
30,32,227,1.57,45.23,11.75,1471.63,55.32,1.1,195,130,Low
30,33,227,1.46,43.79,11.71,1475.32,55.49,1.1,194,130,Low
30,34,227,1.62,44.68,11.88,1471.63,54.48,1.1,193,130,Low
30,35,227,1.64,45.2,12.58,1482.14,54.16,1.1,192,130,Low
30,36,227,1.49,44.79,12.05,1476.9,54.8,1.1,191,130,Low
30,37,227,1.58,47.54,12.33,1480.66,55.33,1.1,190,130,Low
30,38,227,1.41,45.21,12.2,1485.0,54.55,1.1,189,130,Low
30,39,227,1.66,46.19,11.85,1474.15,54.7,1.1,188,130,Low
30,40,227,1.32,46.79,12.1,1481.94,55.02,1.1,187,130,Low
30,41,227,1.7,43.99,12.04,1476.6,56.19,1.1,186,130,Low
30,42,227,1.69,45.72,12.37,1478.11,53.95,1.1,185,130,Low
30,43,227,1.61,45.79,12.36,1474.66,55.96,1.1,184,130,Low
30,44,227,1.9,46.84,12.7,1494.01,55.54,1.1,183,130,Low
30,45,227,1.6,45.49,12.64,1488.28,55.93,1.1,182,130,Low
30,46,227,1.58,45.05,11.78,1487.23,55.39,1.1,181,130,Low
30,47,227,1.69,45.77,11.84,1479.04,55.2,1.1,180,130,Low
30,48,227,1.63,45.78,12.18,1480.88,56.33,1.1,179,130,Low
30,49,227,1.56,46.02,11.81,1479.37,56.29,1.1,178,130,Low
30,50,227,1.73,44.93,12.4,1463.81,54.7,1.1,177,130,Low
30,51,227,1.78,45.47,12.23,1480.25,55.45,1.1,176,130,Low
30,52,227,1.64,44.87,11.91,1476.71,55.75,1.1,175,130,Low
30,53,227,1.73,46.33,11.94,1468.9,55.88,1.1,174,130,Low
30,54,227,1.54,45.93,12.31,1477.71,55.63,1.1,173,130,Low
30,55,227,1.85,44.79,11.87,1471.91,55.5,1.1,172,130,Low
30,56,227,1.77,45.17,12.43,1467.38,55.31,1.1,171,130,Low
30,57,227,1.58,45.7,12.11,1471.1,55.6,1.1,170,130,Low
30,58,227,1.85,46.42,12.03,1481.09,55.61,1.1,169,130,Low
30,59,227,2.0,46.41,12.16,1478.63,55.2,1.1,168,130,Low
30,60,227,1.68,47.04,11.85,1470.54,55.87,1.1,167,130,Low
30,61,227,1.66,45.42,12.29,1474.67,56.64,1.1,166,130,Low
30,62,227,1.95,46.29,12.17,1479.96,55.76,1.1,165,130,Low
30,63,227,1.56,48.32,12.2,1471.34,56.76,1.1,164,130,Low
30,64,227,1.56,46.57,12.29,1476.89,56.31,1.1,163,130,Low
30,65,227,1.92,45.94,12.73,1477.49,56.03,1.1,162,130,Low
30,66,227,1.93,45.98,12.49,1468.24,56.27,1.1,161,130,Low
30,67,227,1.83,48.05,12.97,1474.09,55.4,1.1,160,130,Low
30,68,227,1.85,46.08,11.8,1473.26,57.16,1.1,159,130,Low
30,69,227,1.76,46.61,12.65,1462.53,55.29,1.1,158,130,Low
30,70,227,1.92,46.77,12.31,1475.51,55.2,1.1,157,130,Low
30,71,227,1.9,47.16,12.48,1464.5,56.02,1.1,156,130,Low
30,72,227,1.56,46.97,11.95,1473.72,56.15,1.1,155,130,Low
30,73,227,1.79,47.41,12.39,1476.99,56.49,1.1,154,130,Low
30,74,227,1.89,47.14,12.43,1473.68,56.06,1.1,153,130,Low
30,75,227,2.09,44.69,12.39,1467.06,56.19,1.1,152,130,Low
30,76,227,1.99,46.98,12.15,1467.61,56.71,1.1,151,130,Low
30,77,227,2.04,46.13,12.47,1471.79,55.38,1.1,150,130,Low
30,78,227,2.01,47.94,12.34,1469.22,55.99,1.1,149,130,Low
30,79,227,1.99,46.54,12.42,1474.28,56.67,1.1,148,130,Low
30,80,227,2.18,47.48,12.68,1477.92,56.52,1.1,147,130,Low
30,81,227,2.07,47.11,12.58,1464.59,56.5,1.1,146,130,Low
30,82,227,2.12,46.75,12.32,1468.76,56.12,1.1,145,130,Low
30,83,227,2.0,48.35,12.54,1473.19,55.45,1.1,144,130,Low
30,84,227,2.14,47.19,12.56,1479.75,56.91,1.1,143,130,Low
30,85,227,2.23,48.06,12.44,1464.61,56.97,1.1,142,130,Low
30,86,227,1.95,48.27,12.51,1468.34,56.84,1.1,141,130,Low
30,87,227,2.12,48.8,12.89,1461.53,56.65,1.1,140,130,Low
30,88,227,2.15,47.0,12.34,1474.21,56.77,1.1,139,130,Low
30,89,227,2.1,49.09,12.75,1475.84,56.32,1.1,138,130,Low
30,90,227,2.29,49.18,12.71,1467.01,56.29,1.1,137,130,Low
30,91,227,2.26,48.72,12.59,1471.73,58.16,1.1,136,130,Low
30,92,227,2.06,49.6,12.72,1466.49,57.91,1.1,135,130,Low
30,93,227,2.32,49.6,12.46,1464.73,56.64,1.1,134,130,Low
30,94,227,2.33,48.75,12.91,1457.04,56.8,1.1,133,130,Low
30,95,227,2.28,47.52,12.62,1462.98,57.65,1.1,132,130,Low
30,96,227,2.46,49.89,12.73,1467.15,58.55,1.1,131,130,Low
30,97,227,2.44,49.59,12.98,1462.06,56.82,1.1,130,130,Low
30,98,227,2.35,48.95,13.33,1463.65,58.09,1.1,129,129,Low
30,99,227,2.4,49.06,12.82,1456.47,57.54,1.1,128,128,Low
30,100,227,2.34,48.59,12.28,1460.84,57.33,1.1,127,127,Low
30,101,227,2.51,49.76,12.89,1466.17,57.2,1.1,126,126,Low
30,102,227,2.45,49.62,13.18,1464.99,57.08,1.1,125,125,Low
30,103,227,2.34,50.31,13.23,1457.17,57.75,1.1,124,124,Low
30,104,227,2.6,49.77,12.87,1454.18,57.18,1.1,123,123,Low
30,105,227,2.44,50.56,12.64,1462.44,59.17,1.1,122,122,Low
30,106,227,2.78,50.35,12.84,1461.44,57.58,1.1,121,121,Low
30,107,227,2.84,51.93,13.12,1457.24,58.03,1.1,120,120,Low
30,108,227,2.55,50.35,13.19,1456.92,58.22,1.1,119,119,Low
30,109,227,2.6,49.65,12.68,1458.26,58.1,1.1,118,118,Low
30,110,227,2.78,50.62,13.41,1464.29,57.81,1.1,117,117,Low
30,111,227,2.74,53.04,12.86,1457.65,59.37,1.1,116,116,Low
30,112,227,2.75,48.97,13.15,1450.57,58.64,1.1,115,115,Low
30,113,227,2.59,51.65,13.15,1451.92,58.27,1.1,114,114,Low
30,114,227,2.75,51.91,13.3,1462.41,57.98,1.1,113,113,Low
30,115,227,2.78,50.88,13.09,1453.73,58.7,1.1,112,112,Low
30,116,227,2.79,50.62,13.09,1466.35,59.64,1.1,111,111,Low
30,117,227,2.72,50.29,13.19,1445.7,59.39,1.1,110,110,Low
30,118,227,2.89,51.86,12.99,1469.54,58.79,1.1,109,109,Low
30,119,227,2.69,51.55,12.99,1453.03,59.41,1.1,108,108,Low
30,120,227,3.05,52.41,12.98,1442.28,58.53,1.1,107,107,Low
30,121,227,2.93,51.51,13.04,1446.43,58.33,1.1,106,106,Low
30,122,227,3.17,51.96,13.58,1456.5,59.28,1.1,105,105,Low
30,123,227,3.0,52.01,13.44,1450.23,60.15,1.1,104,104,Low
30,124,227,2.91,53.35,13.12,1450.94,60.19,1.1,103,103,Low
30,125,227,3.13,53.38,13.27,1445.41,58.93,1.1,102,102,Low
30,126,227,3.32,51.27,13.28,1442.78,59.54,1.1,101,101,Low
30,127,227,3.06,52.27,13.53,1450.68,58.0,1.1,100,100,Low
30,128,227,3.28,52.58,13.55,1442.79,60.05,1.1,99,99,Low
30,129,227,3.21,53.41,13.28,1441.27,60.32,1.1,98,98,Low
30,130,227,3.22,52.29,13.3,1457.56,60.48,1.1,97,97,Low
30,131,227,3.2,52.6,13.76,1449.45,60.67,1.1,96,96,Low
30,132,227,3.5,53.09,13.55,1458.97,60.58,1.1,95,95,Low
30,133,227,3.48,53.02,13.37,1441.05,61.17,1.1,94,94,Low
30,134,227,3.36,53.76,13.29,1444.17,60.58,1.1,93,93,Low
30,135,227,3.43,53.62,13.8,1447.24,59.74,1.1,92,92,Low
30,136,227,3.38,54.33,13.85,1435.2,60.45,1.1,91,91,Low
30,137,227,3.46,54.43,13.62,1445.43,60.78,1.1,90,90,Low
30,138,227,3.34,54.73,13.56,1440.77,61.31,1.1,89,89,Low
30,139,227,3.84,53.81,13.6,1442.26,61.55,1.1,88,88,Low
30,140,227,3.38,54.0,13.73,1435.18,60.99,1.1,87,87,Low
30,141,227,3.75,53.34,13.91,1437.69,59.82,1.1,86,86,Low
30,142,227,3.75,56.85,13.55,1434.62,60.88,1.1,85,85,Low
30,143,227,3.79,56.15,14.07,1438.23,62.04,1.1,84,84,Low
30,144,227,3.8,55.49,14.15,1437.82,61.26,1.1,83,83,Low
30,145,227,3.72,55.26,14.11,1437.48,61.56,1.1,82,82,Low
30,146,227,3.84,55.99,14.45,1438.45,62.22,1.1,81,81,Low
30,147,227,3.67,55.35,13.99,1421.59,61.45,1.1,80,80,Low
30,148,227,3.98,57.55,13.98,1424.24,62.21,1.1,79,79,Low
30,149,227,3.92,56.46,14.23,1433.41,61.58,1.1,78,78,Low
30,150,227,4.11,56.43,13.72,1433.79,61.36,1.1,77,77,Low
30,151,227,4.28,57.35,14.21,1430.7,62.2,1.1,76,76,Low
30,152,227,4.08,56.67,14.07,1436.57,60.81,1.1,75,75,Low
30,153,227,4.28,58.01,14.23,1424.34,61.59,1.1,74,74,Low
30,154,227,4.1,57.9,14.28,1432.86,62.57,1.1,73,73,Low
30,155,227,4.39,58.4,13.91,1429.38,63.34,1.1,72,72,Low
30,156,227,4.41,58.81,14.17,1435.03,61.18,1.1,71,71,Low
30,157,227,4.3,58.65,14.55,1423.55,62.2,1.1,70,70,Low
30,158,227,4.28,58.24,14.45,1424.21,63.37,1.1,69,69,Low
30,159,227,4.54,59.13,14.61,1425.75,63.16,1.1,68,68,Low
30,160,227,4.49,58.19,15.05,1421.07,63.66,1.1,67,67,Low
30,161,227,4.57,58.41,14.45,1414.57,63.2,1.1,66,66,Low
30,162,227,4.54,59.63,14.68,1414.05,63.15,1.1,65,65,Low
30,163,227,4.91,59.11,15.09,1425.21,63.93,1.1,64,64,Low
30,164,227,4.53,58.86,14.5,1422.01,64.19,1.1,63,63,Low
30,165,227,4.81,59.53,14.66,1427.61,62.79,1.1,62,62,Low
30,166,227,4.67,59.28,15.18,1422.39,63.28,1.1,61,61,Low
30,167,227,4.95,60.45,14.92,1403.89,64.16,1.1,60,60,Low
30,168,227,4.89,60.89,14.66,1427.7,63.8,1.1,59,59,Low
30,169,227,4.95,60.68,14.55,1433.66,63.85,1.1,58,58,Low
30,170,227,5.14,60.76,15.22,1407.06,64.46,1.1,57,57,Low
30,171,227,4.59,60.48,15.39,1415.95,66.12,1.1,56,56,Low
30,172,227,4.95,60.9,15.1,1417.93,64.55,1.1,55,55,Low
30,173,227,5.05,60.13,15.41,1411.84,65.31,1.1,54,54,Low
30,174,227,5.25,61.11,15.61,1406.77,65.13,1.1,53,53,Low
30,175,227,5.21,61.66,14.67,1401.24,64.68,1.1,52,52,Low
30,176,227,5.4,62.33,15.16,1419.7,64.95,1.1,51,51,Low
30,177,227,5.57,62.49,15.32,1415.14,64.94,1.1,50,50,Low
30,178,227,5.38,64.22,15.51,1394.12,65.5,1.1,49,49,Low
30,179,227,5.58,63.51,15.42,1413.08,65.21,1.1,48,48,Low
30,180,227,5.83,64.28,15.43,1402.21,66.01,1.1,47,47,Low
30,181,227,5.31,65.22,15.28,1403.19,66.22,1.1,46,46,Low
30,182,227,5.68,63.04,15.54,1396.64,66.63,1.1,45,45,Low
30,183,227,5.62,63.69,15.21,1398.58,67.12,1.1,44,44,Low
30,184,227,5.69,63.6,15.33,1401.98,65.52,1.1,43,43,Low
30,185,227,5.93,65.24,15.68,1409.38,66.77,1.1,42,42,Low
30,186,227,5.92,65.78,15.69,1398.87,66.61,1.1,41,41,Low
30,187,227,6.03,65.75,15.42,1408.08,67.76,1.1,40,40,Medium
30,188,227,6.1,65.43,15.71,1392.78,67.2,1.1,39,39,Medium
30,189,227,6.2,66.53,15.66,1403.95,67.18,1.1,38,38,Medium
30,190,227,6.02,65.4,15.86,1389.05,67.02,1.1,37,37,Medium
30,191,227,6.2,64.9,15.54,1399.83,68.21,1.1,36,36,Medium
30,192,227,6.36,65.81,15.9,1392.12,68.02,1.1,35,35,Medium
30,193,227,6.37,66.76,16.44,1386.07,68.44,1.1,34,34,Medium
30,194,227,6.21,65.54,16.11,1387.55,68.39,1.1,33,33,Medium
30,195,227,6.54,67.46,15.95,1385.06,68.81,1.1,32,32,Medium
30,196,227,6.31,67.92,15.79,1391.27,68.43,1.1,31,31,Medium
30,197,227,6.47,68.9,16.16,1390.77,69.26,1.1,30,30,Medium
30,198,227,6.53,67.48,16.31,1388.4,69.86,1.1,29,29,Medium
30,199,227,6.52,68.91,16.8,1382.82,69.18,1.1,28,28,Medium
30,200,227,6.5,70.98,16.25,1390.13,68.89,1.1,27,27,Medium
30,201,227,6.74,69.09,16.08,1379.76,69.81,1.1,26,26,Medium
30,202,227,6.88,69.7,16.93,1388.13,68.72,1.1,25,25,Medium
30,203,227,6.8,68.86,16.41,1367.5,70.5,1.1,24,24,Medium
30,204,227,6.83,70.47,16.29,1372.48,69.94,1.1,23,23,Medium
30,205,227,6.89,72.82,16.9,1380.26,69.5,1.1,22,22,Medium
30,206,227,6.91,69.5,16.83,1378.44,70.86,1.1,21,21,Medium
30,207,227,7.28,70.6,17.1,1381.64,70.49,1.1,20,20,Medium
30,208,227,7.2,70.79,16.68,1377.72,70.23,1.1,19,19,Medium
30,209,227,7.29,72.04,17.15,1370.25,70.25,1.1,18,18,Medium
30,210,227,7.47,72.56,16.83,1369.59,70.94,1.1,17,17,Medium
30,211,227,7.48,73.16,16.95,1379.67,71.82,1.1,16,16,Medium
30,212,227,7.6,73.26,17.32,1367.39,72.61,1.1,15,15,High
30,213,227,7.7,74.6,17.02,1363.67,72.12,1.1,14,14,High
30,214,227,7.82,72.64,17.02,1372.03,72.81,1.1,13,13,High
30,215,227,7.94,72.57,17.43,1364.48,72.09,1.1,12,12,High
30,216,227,7.87,75.01,17.31,1360.57,72.34,1.1,11,11,High
30,217,227,8.14,75.6,17.53,1357.93,72.07,1.1,10,10,High
30,218,227,7.82,73.35,17.57,1367.53,72.9,1.1,9,9,High
30,219,227,7.96,74.68,17.76,1362.43,73.49,1.1,8,8,High
30,220,227,8.18,75.29,17.47,1354.32,73.03,1.1,7,7,High
30,221,227,8.32,76.09,17.56,1358.18,72.66,1.1,6,6,High
30,222,227,8.16,76.5,17.51,1357.89,73.36,1.1,5,5,High
30,223,227,8.5,76.2,17.77,1349.21,73.88,1.1,4,4,High
30,224,227,8.45,78.04,18.05,1346.25,74.59,1.1,3,3,High
30,225,227,8.68,78.82,18.24,1353.12,75.58,1.1,2,2,High
30,226,227,8.65,77.07,18.26,1357.77,74.75,1.1,1,1,High
30,227,227,8.66,78.33,18.32,1348.34,74.95,1.1,0,0,High
31,1,261,1.68,45.93,11.66,1479.05,54.97,0.872,260,130,Low
31,2,261,1.52,45.44,11.69,1478.43,54.36,0.872,259,130,Low
31,3,261,1.44,44.44,12.05,1476.42,54.86,0.872,258,130,Low
31,4,261,1.55,46.59,12.06,1476.54,55.66,0.872,257,130,Low
31,5,261,1.48,45.49,11.76,1481.79,54.84,0.872,256,130,Low
31,6,261,1.39,46.29,12.09,1479.71,55.36,0.872,255,130,Low
31,7,261,1.55,44.07,12.02,1486.15,55.95,0.872,254,130,Low
31,8,261,1.59,45.82,12.27,1481.27,54.27,0.872,253,130,Low
31,9,261,1.52,45.32,12.23,1473.68,54.79,0.872,252,130,Low
31,10,261,1.39,44.26,11.97,1482.02,54.51,0.872,251,130,Low
31,11,261,1.52,45.0,12.14,1474.06,54.08,0.872,250,130,Low
31,12,261,1.57,45.1,11.97,1474.99,55.42,0.872,249,130,Low
31,13,261,1.66,44.67,11.85,1471.46,55.69,0.872,248,130,Low
31,14,261,1.49,45.76,12.12,1484.95,55.94,0.872,247,130,Low
31,15,261,1.65,46.33,12.04,1476.48,55.94,0.872,246,130,Low
31,16,261,1.32,45.29,12.18,1473.03,54.79,0.872,245,130,Low
31,17,261,1.43,46.1,11.68,1481.37,55.44,0.872,244,130,Low
31,18,261,1.55,45.0,11.72,1481.03,53.67,0.872,243,130,Low
31,19,261,1.48,44.98,11.35,1480.58,55.76,0.872,242,130,Low
31,20,261,1.47,45.04,11.74,1475.04,55.76,0.872,241,130,Low
31,21,261,1.46,45.48,11.93,1481.58,54.94,0.872,240,130,Low
31,22,261,1.55,44.04,11.7,1474.92,54.98,0.872,239,130,Low
31,23,261,1.56,44.95,11.71,1477.49,54.13,0.872,238,130,Low
31,24,261,1.4,44.22,12.11,1477.04,53.58,0.872,237,130,Low
31,25,261,1.47,45.68,11.71,1480.44,55.24,0.872,236,130,Low
31,26,261,1.3,43.04,11.88,1477.92,55.82,0.872,235,130,Low
31,27,261,1.42,45.56,12.2,1470.77,55.09,0.872,234,130,Low
31,28,261,1.49,46.25,11.95,1480.21,55.62,0.872,233,130,Low
31,29,261,1.59,45.96,12.27,1479.42,54.34,0.872,232,130,Low
31,30,261,1.59,44.5,11.55,1470.86,55.73,0.872,231,130,Low
31,31,261,1.65,45.31,11.49,1485.9,55.09,0.872,230,130,Low
31,32,261,1.61,44.74,12.2,1487.49,53.9,0.872,229,130,Low
31,33,261,1.54,46.19,12.55,1481.35,55.72,0.872,228,130,Low
31,34,261,1.56,44.98,11.93,1465.31,55.77,0.872,227,130,Low
31,35,261,1.84,46.06,12.05,1479.73,54.59,0.872,226,130,Low
31,36,261,1.49,45.33,12.24,1481.29,55.74,0.872,225,130,Low
31,37,261,1.58,46.07,11.95,1473.79,53.98,0.872,224,130,Low
31,38,261,1.65,46.39,11.77,1478.53,55.04,0.872,223,130,Low
31,39,261,1.42,44.1,12.17,1474.66,54.66,0.872,222,130,Low
31,40,261,1.51,45.1,11.75,1465.05,55.43,0.872,221,130,Low
31,41,261,1.31,45.83,12.24,1480.19,55.07,0.872,220,130,Low
31,42,261,1.53,45.71,12.16,1481.46,53.67,0.872,219,130,Low
31,43,261,1.66,45.32,12.4,1486.8,53.94,0.872,218,130,Low
31,44,261,1.58,44.1,12.4,1478.81,54.74,0.872,217,130,Low
31,45,261,1.66,45.66,11.72,1473.32,55.57,0.872,216,130,Low
31,46,261,1.47,44.44,12.18,1466.94,54.44,0.872,215,130,Low
31,47,261,1.4,45.72,12.2,1473.06,54.08,0.872,214,130,Low
31,48,261,1.76,46.38,12.55,1478.49,54.61,0.872,213,130,Low
31,49,261,1.52,44.7,12.07,1486.22,55.49,0.872,212,130,Low
31,50,261,1.6,47.19,11.82,1477.86,55.06,0.872,211,130,Low
31,51,261,1.25,44.54,11.93,1475.61,55.02,0.872,210,130,Low
31,52,261,1.87,44.22,11.88,1474.84,54.99,0.872,209,130,Low
31,53,261,1.63,45.09,11.91,1480.3,55.23,0.872,208,130,Low
31,54,261,1.58,46.19,12.03,1483.34,54.31,0.872,207,130,Low
31,55,261,1.6,43.84,11.67,1480.32,54.49,0.872,206,130,Low
31,56,261,1.58,45.65,11.97,1473.97,55.84,0.872,205,130,Low
31,57,261,1.7,47.02,12.09,1484.53,55.46,0.872,204,130,Low
31,58,261,1.37,45.56,12.58,1465.31,55.36,0.872,203,130,Low
31,59,261,1.62,45.3,12.15,1482.49,55.54,0.872,202,130,Low
31,60,261,1.59,45.77,12.24,1465.88,55.2,0.872,201,130,Low
31,61,261,1.66,45.78,12.14,1482.48,55.23,0.872,200,130,Low
31,62,261,1.76,47.67,11.92,1475.21,55.3,0.872,199,130,Low
31,63,261,1.72,45.74,11.6,1483.5,55.76,0.872,198,130,Low
31,64,261,1.85,46.22,12.39,1491.19,54.57,0.872,197,130,Low
31,65,261,1.6,46.27,12.39,1488.84,55.1,0.872,196,130,Low
31,66,261,1.6,45.86,11.73,1465.08,55.61,0.872,195,130,Low
31,67,261,1.69,44.83,11.92,1469.87,56.62,0.872,194,130,Low
31,68,261,1.61,45.01,12.43,1482.53,55.92,0.872,193,130,Low
31,69,261,1.55,44.95,12.17,1472.57,55.43,0.872,192,130,Low
31,70,261,1.78,45.05,12.26,1483.96,55.77,0.872,191,130,Low
31,71,261,1.83,45.44,12.12,1481.25,56.05,0.872,190,130,Low
31,72,261,1.77,44.92,11.79,1478.4,55.03,0.872,189,130,Low
31,73,261,1.75,46.32,11.82,1475.03,56.54,0.872,188,130,Low
31,74,261,1.47,46.64,12.31,1465.98,55.99,0.872,187,130,Low
31,75,261,1.69,46.26,12.12,1469.38,56.58,0.872,186,130,Low
31,76,261,1.62,47.05,12.12,1475.94,55.93,0.872,185,130,Low
31,77,261,1.89,48.01,12.11,1461.51,55.98,0.872,184,130,Low
31,78,261,1.81,47.55,12.48,1470.84,57.04,0.872,183,130,Low
31,79,261,1.9,45.06,12.69,1475.45,54.85,0.872,182,130,Low
31,80,261,1.84,46.13,12.07,1475.38,55.44,0.872,181,130,Low
31,81,261,1.93,46.88,11.84,1470.0,56.0,0.872,180,130,Low
31,82,261,1.74,47.01,12.08,1471.31,55.6,0.872,179,130,Low
31,83,261,1.65,46.37,12.19,1473.16,54.95,0.872,178,130,Low
31,84,261,1.64,45.87,12.46,1478.4,55.04,0.872,177,130,Low
31,85,261,1.82,47.46,12.46,1472.76,56.3,0.872,176,130,Low
31,86,261,1.91,45.89,12.44,1474.82,55.49,0.872,175,130,Low
31,87,261,2.0,47.11,12.41,1470.46,55.76,0.872,174,130,Low
31,88,261,1.94,47.21,11.7,1465.32,55.93,0.872,173,130,Low
31,89,261,1.66,45.43,12.6,1476.93,54.65,0.872,172,130,Low
31,90,261,1.73,48.48,12.37,1477.16,55.35,0.872,171,130,Low
31,91,261,1.8,46.16,12.3,1472.25,54.96,0.872,170,130,Low
31,92,261,2.02,46.96,12.22,1465.19,55.46,0.872,169,130,Low
31,93,261,2.09,46.94,12.6,1480.22,56.32,0.872,168,130,Low
31,94,261,2.06,48.27,11.71,1467.17,56.51,0.872,167,130,Low
31,95,261,1.83,49.26,12.69,1474.34,56.99,0.872,166,130,Low
31,96,261,2.0,47.43,12.6,1476.35,56.03,0.872,165,130,Low
31,97,261,1.93,48.44,12.67,1474.29,55.72,0.872,164,130,Low
31,98,261,1.92,49.43,12.33,1459.11,56.56,0.872,163,130,Low
31,99,261,2.01,47.64,12.13,1469.72,56.53,0.872,162,130,Low
31,100,261,1.99,47.45,12.16,1475.18,56.39,0.872,161,130,Low
31,101,261,2.0,47.63,12.65,1473.99,56.02,0.872,160,130,Low
31,102,261,2.15,46.28,12.56,1479.14,56.61,0.872,159,130,Low
31,103,261,2.09,48.73,12.3,1474.29,56.82,0.872,158,130,Low
31,104,261,2.25,47.17,12.52,1466.53,55.9,0.872,157,130,Low
31,105,261,1.86,46.59,12.27,1467.45,56.57,0.872,156,130,Low
31,106,261,2.13,48.11,11.96,1483.72,56.84,0.872,155,130,Low
31,107,261,2.02,48.29,12.98,1467.19,57.18,0.872,154,130,Low
31,108,261,2.07,46.86,12.65,1474.47,57.0,0.872,153,130,Low
31,109,261,2.29,47.88,12.55,1472.12,57.07,0.872,152,130,Low
31,110,261,2.11,48.64,12.27,1464.43,56.57,0.872,151,130,Low
31,111,261,2.08,49.34,12.72,1475.09,56.7,0.872,150,130,Low
31,112,261,2.16,46.38,12.21,1474.74,57.71,0.872,149,130,Low
31,113,261,2.15,49.06,12.72,1466.39,57.54,0.872,148,130,Low
31,114,261,2.4,47.22,12.43,1470.36,57.22,0.872,147,130,Low
31,115,261,2.34,49.07,12.67,1468.49,56.52,0.872,146,130,Low
31,116,261,2.18,47.84,12.33,1463.69,57.3,0.872,145,130,Low
31,117,261,2.3,48.14,12.52,1462.67,56.56,0.872,144,130,Low
31,118,261,2.6,49.13,12.95,1464.29,56.2,0.872,143,130,Low
31,119,261,2.2,48.12,12.75,1452.07,56.26,0.872,142,130,Low
31,120,261,2.21,49.6,12.41,1458.42,57.65,0.872,141,130,Low
31,121,261,2.16,48.13,12.37,1450.39,56.84,0.872,140,130,Low
31,122,261,2.29,48.36,13.12,1470.2,57.84,0.872,139,130,Low
31,123,261,2.46,48.91,12.85,1459.67,58.28,0.872,138,130,Low
31,124,261,2.18,49.01,13.0,1455.75,58.2,0.872,137,130,Low
31,125,261,2.55,50.01,12.38,1466.39,57.61,0.872,136,130,Low
31,126,261,2.54,48.53,13.04,1466.23,57.54,0.872,135,130,Low
31,127,261,2.51,50.03,12.75,1464.16,57.28,0.872,134,130,Low
31,128,261,2.42,48.98,13.18,1462.28,58.49,0.872,133,130,Low
31,129,261,2.54,50.09,12.91,1448.01,58.23,0.872,132,130,Low
31,130,261,2.54,49.04,12.99,1465.65,57.2,0.872,131,130,Low
31,131,261,2.4,49.94,12.88,1471.69,58.18,0.872,130,130,Low
31,132,261,2.58,51.23,12.8,1464.39,57.02,0.872,129,129,Low
31,133,261,2.73,50.21,12.75,1475.29,57.4,0.872,128,128,Low
31,134,261,2.71,49.78,12.45,1465.25,58.13,0.872,127,127,Low
31,135,261,2.36,50.06,12.89,1460.82,58.44,0.872,126,126,Low
31,136,261,2.73,49.78,12.82,1456.64,58.79,0.872,125,125,Low
31,137,261,2.8,49.39,12.72,1454.98,58.19,0.872,124,124,Low
31,138,261,2.8,50.01,13.05,1463.79,58.55,0.872,123,123,Low
31,139,261,2.59,51.02,13.22,1461.59,57.71,0.872,122,122,Low
31,140,261,2.71,49.91,13.04,1470.32,57.88,0.872,121,121,Low
31,141,261,2.82,51.41,12.91,1468.66,57.77,0.872,120,120,Low
31,142,261,2.58,50.75,12.83,1455.23,58.37,0.872,119,119,Low
31,143,261,2.79,50.86,12.92,1465.75,58.72,0.872,118,118,Low
31,144,261,2.67,49.94,13.45,1471.97,58.97,0.872,117,117,Low
31,145,261,2.58,51.22,13.76,1446.12,59.56,0.872,116,116,Low
31,146,261,2.96,51.77,12.79,1456.97,57.64,0.872,115,115,Low
31,147,261,3.04,50.54,13.54,1464.58,58.54,0.872,114,114,Low
31,148,261,2.75,49.56,12.86,1456.1,59.04,0.872,113,113,Low
31,149,261,2.83,50.43,13.68,1435.58,58.42,0.872,112,112,Low
31,150,261,2.82,49.9,12.89,1457.6,59.92,0.872,111,111,Low
31,151,261,3.35,50.89,13.05,1459.99,59.67,0.872,110,110,Low
31,152,261,2.76,50.2,13.16,1451.28,60.04,0.872,109,109,Low
31,153,261,2.88,50.99,12.89,1447.31,59.6,0.872,108,108,Low
31,154,261,3.06,51.78,13.22,1451.94,58.96,0.872,107,107,Low
31,155,261,3.13,50.7,13.21,1458.23,59.83,0.872,106,106,Low
31,156,261,3.11,53.2,12.99,1453.88,59.33,0.872,105,105,Low
31,157,261,3.08,51.8,13.65,1452.7,58.72,0.872,104,104,Low
31,158,261,3.23,53.01,13.49,1442.66,59.58,0.872,103,103,Low
31,159,261,3.0,52.48,13.66,1446.24,59.77,0.872,102,102,Low
31,160,261,3.11,52.07,13.28,1443.54,59.56,0.872,101,101,Low
31,161,261,3.12,52.18,13.41,1438.5,60.69,0.872,100,100,Low
31,162,261,3.44,52.85,13.76,1435.15,59.39,0.872,99,99,Low
31,163,261,3.16,52.45,13.31,1442.46,59.85,0.872,98,98,Low
31,164,261,3.17,53.41,13.8,1452.74,59.39,0.872,97,97,Low
31,165,261,3.35,54.26,13.46,1438.53,60.75,0.872,96,96,Low
31,166,261,3.13,54.36,13.69,1449.44,60.01,0.872,95,95,Low
31,167,261,3.34,53.02,13.68,1442.24,60.26,0.872,94,94,Low
31,168,261,3.37,53.76,13.88,1447.82,60.08,0.872,93,93,Low
31,169,261,3.65,53.8,13.4,1451.49,59.72,0.872,92,92,Low
31,170,261,3.53,55.24,13.62,1443.4,60.64,0.872,91,91,Low
31,171,261,3.36,54.41,13.63,1437.81,60.0,0.872,90,90,Low
31,172,261,3.64,53.36,13.48,1442.97,59.11,0.872,89,89,Low
31,173,261,3.54,55.04,13.59,1441.66,61.18,0.872,88,88,Low
31,174,261,3.51,53.66,13.84,1439.11,61.67,0.872,87,87,Low
31,175,261,3.65,54.49,13.84,1443.84,61.35,0.872,86,86,Low
31,176,261,3.35,55.6,13.79,1437.95,61.21,0.872,85,85,Low
31,177,261,3.73,54.86,13.97,1437.32,60.18,0.872,84,84,Low
31,178,261,3.71,52.95,14.06,1435.16,61.2,0.872,83,83,Low
31,179,261,3.81,55.89,13.61,1444.02,61.1,0.872,82,82,Low
31,180,261,3.77,55.15,14.06,1442.74,62.31,0.872,81,81,Low
31,181,261,3.9,56.81,13.81,1441.4,61.5,0.872,80,80,Low
31,182,261,3.7,54.53,14.31,1436.15,60.26,0.872,79,79,Low
31,183,261,3.82,56.87,13.71,1439.43,62.03,0.872,78,78,Low
31,184,261,3.93,55.81,13.99,1437.0,61.63,0.872,77,77,Low
31,185,261,3.9,55.63,14.24,1446.4,61.11,0.872,76,76,Low
31,186,261,3.85,54.6,14.15,1441.77,62.27,0.872,75,75,Low
31,187,261,3.79,57.71,13.83,1428.55,60.4,0.872,74,74,Low
31,188,261,4.0,56.42,14.32,1435.35,62.39,0.872,73,73,Low
31,189,261,4.19,56.29,13.88,1435.09,61.97,0.872,72,72,Low
31,190,261,4.23,56.11,14.33,1434.6,61.97,0.872,71,71,Low
31,191,261,4.08,56.91,14.57,1428.38,61.68,0.872,70,70,Low
31,192,261,4.04,55.48,13.88,1423.97,62.34,0.872,69,69,Low
31,193,261,4.18,57.5,14.72,1425.57,61.61,0.872,68,68,Low
31,194,261,4.2,56.52,14.67,1424.52,61.55,0.872,67,67,Low
31,195,261,4.05,57.63,14.39,1439.35,62.22,0.872,66,66,Low
31,196,261,4.42,58.73,14.42,1419.39,61.55,0.872,65,65,Low
31,197,261,4.43,57.18,14.68,1422.23,63.16,0.872,64,64,Low
31,198,261,4.37,57.99,14.67,1427.51,62.87,0.872,63,63,Low
31,199,261,4.34,58.54,14.18,1432.12,64.61,0.872,62,62,Low
31,200,261,4.78,59.45,14.2,1418.61,63.23,0.872,61,61,Low
31,201,261,4.15,58.66,14.04,1434.05,62.84,0.872,60,60,Low
31,202,261,4.61,56.94,14.46,1433.45,63.58,0.872,59,59,Low
31,203,261,4.38,58.78,14.49,1424.96,64.16,0.872,58,58,Low
31,204,261,4.36,58.24,14.71,1428.89,62.48,0.872,57,57,Low
31,205,261,4.6,59.99,14.96,1433.46,63.11,0.872,56,56,Low
31,206,261,4.48,60.3,14.86,1425.02,63.24,0.872,55,55,Low
31,207,261,4.39,60.24,14.5,1403.24,63.66,0.872,54,54,Low
31,208,261,4.56,58.79,14.67,1423.23,63.36,0.872,53,53,Low
31,209,261,4.49,59.58,15.04,1420.35,64.56,0.872,52,52,Low
31,210,261,4.67,61.13,14.91,1415.9,63.83,0.872,51,51,Low
31,211,261,5.05,59.64,14.62,1414.14,64.15,0.872,50,50,Low
31,212,261,4.69,62.17,15.2,1410.65,63.92,0.872,49,49,Low
31,213,261,4.89,61.17,14.73,1421.55,64.82,0.872,48,48,Low
31,214,261,4.88,59.83,15.24,1412.15,63.77,0.872,47,47,Low
31,215,261,5.0,61.42,14.4,1414.31,63.52,0.872,46,46,Low
31,216,261,4.96,61.53,14.73,1417.11,64.61,0.872,45,45,Low
31,217,261,5.02,61.79,14.79,1426.23,64.79,0.872,44,44,Low
31,218,261,5.08,62.05,15.59,1403.57,65.13,0.872,43,43,Low
31,219,261,5.08,62.46,14.85,1406.7,65.34,0.872,42,42,Low
31,220,261,5.18,62.99,15.32,1403.19,64.77,0.872,41,41,Low
31,221,261,5.17,63.12,14.77,1413.11,64.74,0.872,40,40,Medium
31,222,261,5.13,63.22,15.46,1412.56,64.93,0.872,39,39,Medium
31,223,261,5.17,62.05,15.19,1415.26,66.08,0.872,38,38,Medium
31,224,261,5.25,62.27,15.33,1404.47,65.14,0.872,37,37,Medium
31,225,261,5.36,63.39,15.42,1400.08,66.35,0.872,36,36,Medium
31,226,261,5.42,63.63,15.18,1401.14,65.27,0.872,35,35,Medium
31,227,261,5.44,63.6,15.34,1413.04,66.41,0.872,34,34,Medium
31,228,261,5.59,64.93,14.9,1408.61,66.01,0.872,33,33,Medium
31,229,261,5.33,62.54,15.2,1408.94,66.14,0.872,32,32,Medium
31,230,261,5.49,62.87,15.94,1392.14,66.6,0.872,31,31,Medium
31,231,261,5.64,63.32,15.81,1408.78,66.32,0.872,30,30,Medium
31,232,261,5.85,64.35,15.18,1420.63,66.46,0.872,29,29,Medium
31,233,261,5.78,65.78,15.57,1400.69,67.39,0.872,28,28,Medium
31,234,261,6.01,65.55,15.65,1393.33,67.34,0.872,27,27,Medium
31,235,261,5.87,65.59,15.63,1400.84,68.46,0.872,26,26,Medium
31,236,261,5.82,65.58,15.62,1404.39,67.09,0.872,25,25,Medium
31,237,261,6.02,65.9,15.95,1409.7,67.49,0.872,24,24,Medium
31,238,261,6.08,65.72,15.95,1397.15,66.21,0.872,23,23,Medium
31,239,261,6.06,66.42,15.92,1399.6,68.86,0.872,22,22,Medium
31,240,261,6.01,65.55,15.43,1396.57,67.06,0.872,21,21,Medium
31,241,261,6.23,65.76,16.14,1390.96,67.75,0.872,20,20,Medium
31,242,261,6.06,65.96,15.69,1386.06,67.39,0.872,19,19,Medium
31,243,261,6.44,67.23,16.01,1390.93,68.29,0.872,18,18,Medium
31,244,261,6.13,67.61,16.01,1389.25,68.3,0.872,17,17,Medium
31,245,261,6.22,67.02,16.11,1401.74,67.84,0.872,16,16,Medium
31,246,261,6.48,67.11,16.26,1382.97,69.46,0.872,15,15,High
31,247,261,6.65,67.59,16.35,1388.12,67.87,0.872,14,14,High
31,248,261,6.63,69.32,16.05,1391.26,68.63,0.872,13,13,High
31,249,261,6.5,68.81,15.97,1392.22,68.01,0.872,12,12,High
31,250,261,6.53,68.93,16.4,1391.54,67.95,0.872,11,11,High
31,251,261,6.43,67.57,16.06,1387.66,68.98,0.872,10,10,High
31,252,261,6.56,69.82,16.82,1391.74,67.71,0.872,9,9,High
31,253,261,6.64,71.47,16.5,1385.77,69.25,0.872,8,8,High
31,254,261,6.79,69.73,16.76,1367.45,69.26,0.872,7,7,High
31,255,261,6.71,69.33,16.37,1377.16,70.21,0.872,6,6,High
31,256,261,6.93,70.43,16.53,1379.38,69.25,0.872,5,5,High
31,257,261,6.93,71.29,17.13,1367.14,70.23,0.872,4,4,High
31,258,261,7.1,70.32,16.89,1367.78,70.04,0.872,3,3,High
31,259,261,7.22,70.8,16.58,1385.98,70.17,0.872,2,2,High
31,260,261,7.22,72.12,16.8,1377.33,70.43,0.872,1,1,High
31,261,261,7.29,71.23,16.52,1370.08,70.16,0.872,0,0,High
32,1,264,1.6,45.07,12.17,1484.91,55.02,1.233,263,130,Low
32,2,264,1.36,44.47,11.63,1484.68,55.35,1.233,262,130,Low
32,3,264,1.69,44.22,12.06,1477.54,55.94,1.233,261,130,Low
32,4,264,1.39,44.1,12.18,1479.66,54.02,1.233,260,130,Low
32,5,264,1.4,43.84,12.32,1484.24,54.79,1.233,259,130,Low
32,6,264,1.45,44.73,11.66,1479.77,55.87,1.233,258,130,Low
32,7,264,1.48,46.04,11.64,1477.99,55.77,1.233,257,130,Low
32,8,264,1.37,45.09,11.85,1479.12,54.44,1.233,256,130,Low
32,9,264,1.55,45.47,11.79,1479.34,56.06,1.233,255,130,Low
32,10,264,1.45,45.06,12.04,1491.6,55.03,1.233,254,130,Low
32,11,264,1.6,45.38,12.26,1473.94,55.25,1.233,253,130,Low
32,12,264,1.36,43.42,12.01,1472.39,56.08,1.233,252,130,Low
32,13,264,1.48,45.89,11.96,1486.77,56.69,1.233,251,130,Low
32,14,264,1.51,45.57,11.91,1473.01,55.79,1.233,250,130,Low
32,15,264,1.38,45.11,11.85,1486.28,55.68,1.233,249,130,Low
32,16,264,1.46,43.38,12.15,1482.98,55.38,1.233,248,130,Low
32,17,264,1.49,45.06,12.5,1476.84,54.9,1.233,247,130,Low
32,18,264,1.3,45.69,12.37,1479.23,54.78,1.233,246,130,Low
32,19,264,1.51,44.54,12.06,1485.14,55.17,1.233,245,130,Low
32,20,264,1.65,43.74,12.3,1469.19,55.48,1.233,244,130,Low
32,21,264,1.53,44.87,12.22,1473.36,54.66,1.233,243,130,Low
32,22,264,1.45,44.43,12.19,1483.32,55.15,1.233,242,130,Low
32,23,264,1.69,44.05,12.33,1471.07,55.26,1.233,241,130,Low
32,24,264,1.48,44.48,11.93,1476.61,55.06,1.233,240,130,Low
32,25,264,1.59,45.74,11.76,1477.98,55.29,1.233,239,130,Low
32,26,264,1.52,45.62,12.27,1466.89,55.31,1.233,238,130,Low
32,27,264,1.53,46.03,11.77,1487.71,55.01,1.233,237,130,Low
32,28,264,1.6,45.5,12.13,1478.12,55.64,1.233,236,130,Low
32,29,264,1.69,45.12,12.22,1464.04,54.66,1.233,235,130,Low
32,30,264,1.43,46.14,11.89,1472.02,54.46,1.233,234,130,Low
32,31,264,1.57,46.91,11.91,1477.88,54.45,1.233,233,130,Low
32,32,264,1.59,45.21,11.99,1465.18,54.94,1.233,232,130,Low
32,33,264,1.6,44.91,11.62,1475.44,55.42,1.233,231,130,Low
32,34,264,1.61,45.49,12.32,1484.14,55.12,1.233,230,130,Low
32,35,264,1.41,46.12,12.53,1478.02,54.49,1.233,229,130,Low
32,36,264,1.67,44.45,12.11,1479.83,55.19,1.233,228,130,Low
32,37,264,1.64,46.1,11.28,1473.43,54.69,1.233,227,130,Low
32,38,264,1.6,45.01,12.13,1486.68,55.94,1.233,226,130,Low
32,39,264,1.77,45.79,12.34,1471.94,54.98,1.233,225,130,Low
32,40,264,1.77,44.46,12.02,1487.76,55.52,1.233,224,130,Low
32,41,264,1.68,44.42,12.07,1486.52,55.62,1.233,223,130,Low
32,42,264,1.46,43.78,12.29,1478.8,55.26,1.233,222,130,Low
32,43,264,1.48,45.23,12.22,1485.02,55.06,1.233,221,130,Low
32,44,264,1.98,44.58,12.02,1474.94,54.04,1.233,220,130,Low
32,45,264,1.6,45.91,11.7,1482.02,54.66,1.233,219,130,Low
32,46,264,1.64,45.44,11.97,1485.52,56.87,1.233,218,130,Low
32,47,264,1.5,44.36,12.48,1489.27,55.6,1.233,217,130,Low
32,48,264,1.73,45.45,12.25,1475.39,55.9,1.233,216,130,Low
32,49,264,1.38,45.88,12.01,1477.06,55.29,1.233,215,130,Low
32,50,264,1.6,46.05,12.13,1480.69,56.09,1.233,214,130,Low
32,51,264,1.5,44.47,12.32,1472.07,55.51,1.233,213,130,Low
32,52,264,1.52,44.83,12.35,1483.3,55.85,1.233,212,130,Low
32,53,264,1.62,44.59,12.09,1473.8,55.34,1.233,211,130,Low
32,54,264,1.58,45.7,11.98,1479.86,55.06,1.233,210,130,Low
32,55,264,1.72,46.35,12.35,1469.19,55.17,1.233,209,130,Low
32,56,264,1.69,45.28,11.99,1483.78,55.3,1.233,208,130,Low
32,57,264,1.67,45.8,12.26,1486.53,54.52,1.233,207,130,Low
32,58,264,1.76,46.06,11.92,1475.23,54.54,1.233,206,130,Low
32,59,264,1.92,44.95,12.69,1477.6,56.73,1.233,205,130,Low
32,60,264,1.66,45.08,12.24,1470.88,55.3,1.233,204,130,Low
32,61,264,1.58,45.81,12.25,1473.14,55.74,1.233,203,130,Low
32,62,264,1.57,46.5,12.05,1483.45,55.33,1.233,202,130,Low
32,63,264,1.78,45.56,12.24,1478.7,54.47,1.233,201,130,Low
32,64,264,1.68,45.15,12.33,1484.64,55.24,1.233,200,130,Low
32,65,264,1.83,46.45,12.11,1473.76,56.41,1.233,199,130,Low
32,66,264,1.67,45.92,11.83,1465.42,56.94,1.233,198,130,Low
32,67,264,1.67,45.47,11.89,1472.1,55.86,1.233,197,130,Low
32,68,264,1.7,45.55,11.93,1480.75,56.43,1.233,196,130,Low
32,69,264,1.81,47.46,12.37,1466.72,54.91,1.233,195,130,Low
32,70,264,1.68,46.46,12.29,1473.88,55.29,1.233,194,130,Low
32,71,264,1.82,46.17,12.31,1475.0,55.95,1.233,193,130,Low
32,72,264,1.78,45.42,12.59,1472.06,57.08,1.233,192,130,Low
32,73,264,1.72,46.19,11.89,1464.36,54.9,1.233,191,130,Low
32,74,264,1.7,46.5,12.42,1485.88,55.63,1.233,190,130,Low
32,75,264,1.88,45.61,12.29,1465.74,55.65,1.233,189,130,Low
32,76,264,1.71,47.06,12.54,1473.67,55.31,1.233,188,130,Low
32,77,264,1.98,46.23,12.41,1473.76,55.53,1.233,187,130,Low
32,78,264,2.01,45.87,12.61,1469.99,54.87,1.233,186,130,Low
32,79,264,1.91,47.39,12.68,1469.7,55.89,1.233,185,130,Low
32,80,264,1.9,47.81,12.33,1464.5,55.76,1.233,184,130,Low
32,81,264,1.88,45.92,12.45,1477.34,55.9,1.233,183,130,Low
32,82,264,1.84,47.48,12.86,1471.17,56.93,1.233,182,130,Low
32,83,264,1.93,47.64,12.18,1476.96,56.54,1.233,181,130,Low
32,84,264,2.19,47.26,12.38,1465.05,55.81,1.233,180,130,Low
32,85,264,1.88,48.46,12.13,1475.37,57.33,1.233,179,130,Low
32,86,264,1.96,47.23,11.96,1469.33,57.38,1.233,178,130,Low
32,87,264,2.1,48.02,12.69,1456.03,56.2,1.233,177,130,Low
32,88,264,1.83,47.27,12.34,1466.5,56.37,1.233,176,130,Low
32,89,264,2.01,48.13,12.54,1467.92,56.08,1.233,175,130,Low
32,90,264,2.09,47.22,12.67,1462.46,55.94,1.233,174,130,Low
32,91,264,2.19,46.56,12.91,1466.94,56.28,1.233,173,130,Low
32,92,264,2.13,48.16,12.41,1469.68,57.03,1.233,172,130,Low
32,93,264,2.16,47.95,12.51,1461.02,56.99,1.233,171,130,Low
32,94,264,1.99,47.45,12.37,1477.27,56.04,1.233,170,130,Low
32,95,264,2.19,46.44,13.01,1465.4,57.47,1.233,169,130,Low
32,96,264,2.12,47.49,12.36,1459.49,56.89,1.233,168,130,Low
32,97,264,2.09,48.88,12.8,1471.39,57.08,1.233,167,130,Low
32,98,264,2.28,49.98,12.34,1477.64,56.55,1.233,166,130,Low
32,99,264,2.27,48.32,12.6,1472.66,56.88,1.233,165,130,Low
32,100,264,2.35,47.6,12.22,1471.1,56.36,1.233,164,130,Low
32,101,264,2.2,47.42,12.62,1475.04,57.73,1.233,163,130,Low
32,102,264,2.11,47.51,12.88,1468.47,57.45,1.233,162,130,Low
32,103,264,2.24,48.23,12.43,1468.97,56.16,1.233,161,130,Low
32,104,264,2.39,48.0,12.7,1471.58,57.17,1.233,160,130,Low
32,105,264,2.42,48.63,12.62,1465.48,57.42,1.233,159,130,Low
32,106,264,2.47,48.98,13.04,1458.03,56.53,1.233,158,130,Low
32,107,264,2.24,48.74,12.84,1461.59,56.24,1.233,157,130,Low
32,108,264,2.37,49.24,12.91,1472.56,57.0,1.233,156,130,Low
32,109,264,2.59,49.55,12.75,1468.63,56.96,1.233,155,130,Low
32,110,264,2.33,50.43,12.47,1471.09,58.01,1.233,154,130,Low
32,111,264,2.44,49.76,13.44,1467.79,56.85,1.233,153,130,Low
32,112,264,2.33,50.05,13.11,1462.21,57.09,1.233,152,130,Low
32,113,264,2.48,49.05,12.44,1469.89,58.3,1.233,151,130,Low
32,114,264,2.49,48.77,12.75,1461.15,57.1,1.233,150,130,Low
32,115,264,2.37,49.3,13.03,1454.47,57.37,1.233,149,130,Low
32,116,264,2.52,49.51,13.03,1459.35,56.12,1.233,148,130,Low
32,117,264,2.54,49.45,12.96,1464.19,58.17,1.233,147,130,Low
32,118,264,2.59,50.98,13.02,1465.41,59.11,1.233,146,130,Low
32,119,264,2.69,50.32,12.59,1454.47,58.52,1.233,145,130,Low
32,120,264,2.71,50.83,13.24,1453.47,58.06,1.233,144,130,Low
32,121,264,2.68,51.82,12.81,1464.79,58.45,1.233,143,130,Low
32,122,264,2.43,49.32,13.51,1458.36,57.27,1.233,142,130,Low
32,123,264,2.88,49.11,12.91,1458.13,58.58,1.233,141,130,Low
32,124,264,2.69,50.57,13.0,1458.3,58.75,1.233,140,130,Low
32,125,264,2.65,50.91,13.41,1459.53,59.15,1.233,139,130,Low
32,126,264,2.85,50.37,13.54,1446.8,58.54,1.233,138,130,Low
32,127,264,2.64,51.68,13.41,1449.83,60.02,1.233,137,130,Low
32,128,264,2.84,50.86,12.74,1463.57,58.46,1.233,136,130,Low
32,129,264,2.93,50.85,13.2,1455.67,59.73,1.233,135,130,Low
32,130,264,2.95,51.49,13.02,1442.5,58.99,1.233,134,130,Low
32,131,264,2.87,50.07,13.14,1463.1,58.23,1.233,133,130,Low
32,132,264,2.79,52.78,13.13,1447.21,59.11,1.233,132,130,Low
32,133,264,3.08,51.74,13.09,1452.33,59.27,1.233,131,130,Low
32,134,264,2.99,52.63,13.04,1448.49,59.55,1.233,130,130,Low
32,135,264,3.01,51.89,12.92,1439.73,59.63,1.233,129,129,Low
32,136,264,3.09,52.21,13.75,1449.81,58.63,1.233,128,128,Low
32,137,264,2.93,52.25,13.37,1457.78,59.18,1.233,127,127,Low
32,138,264,2.98,52.41,13.56,1460.29,57.99,1.233,126,126,Low
32,139,264,3.07,52.01,13.61,1447.53,59.18,1.233,125,125,Low
32,140,264,3.19,53.6,13.35,1451.69,59.74,1.233,124,124,Low
32,141,264,3.31,52.67,13.68,1445.12,59.39,1.233,123,123,Low
32,142,264,3.34,53.45,13.8,1453.49,60.27,1.233,122,122,Low
32,143,264,3.28,52.49,13.67,1449.05,60.18,1.233,121,121,Low
32,144,264,3.26,53.7,13.66,1443.79,60.67,1.233,120,120,Low
32,145,264,3.23,53.43,13.37,1446.19,58.78,1.233,119,119,Low
32,146,264,3.5,53.93,13.66,1452.37,59.98,1.233,118,118,Low
32,147,264,3.11,53.69,13.86,1430.88,59.34,1.233,117,117,Low
32,148,264,3.36,54.74,12.93,1452.53,59.61,1.233,116,116,Low
32,149,264,3.26,54.16,13.69,1446.72,59.44,1.233,115,115,Low
32,150,264,3.37,53.53,13.73,1438.93,60.99,1.233,114,114,Low
32,151,264,3.53,53.07,13.93,1442.01,61.5,1.233,113,113,Low
32,152,264,3.73,54.3,13.56,1444.25,60.93,1.233,112,112,Low
32,153,264,3.52,54.05,13.99,1451.79,60.11,1.233,111,111,Low
32,154,264,3.82,56.51,13.72,1442.01,61.02,1.233,110,110,Low
32,155,264,3.55,54.64,14.39,1435.39,60.62,1.233,109,109,Low
32,156,264,3.8,54.42,13.95,1433.19,59.67,1.233,108,108,Low
32,157,264,3.54,54.69,13.85,1440.71,59.61,1.233,107,107,Low
32,158,264,3.89,55.64,13.71,1444.33,61.33,1.233,106,106,Low
32,159,264,3.63,55.84,14.11,1449.74,60.46,1.233,105,105,Low
32,160,264,3.81,55.41,13.81,1430.34,61.54,1.233,104,104,Low
32,161,264,3.98,56.17,13.96,1437.93,60.63,1.233,103,103,Low
32,162,264,3.84,58.92,14.35,1439.08,61.39,1.233,102,102,Low
32,163,264,4.07,55.97,13.94,1436.68,61.41,1.233,101,101,Low
32,164,264,3.97,56.84,14.11,1437.18,61.67,1.233,100,100,Low
32,165,264,4.05,57.39,13.91,1433.97,61.6,1.233,99,99,Low
32,166,264,4.01,57.02,14.56,1437.37,62.02,1.233,98,98,Low
32,167,264,4.38,56.04,14.02,1429.82,62.56,1.233,97,97,Low
32,168,264,4.1,59.19,14.61,1427.05,62.75,1.233,96,96,Low
32,169,264,4.01,56.6,14.13,1434.1,61.22,1.233,95,95,Low
32,170,264,4.22,56.73,14.31,1425.63,62.82,1.233,94,94,Low
32,171,264,4.29,56.32,14.63,1430.85,60.94,1.233,93,93,Low
32,172,264,4.23,59.22,14.18,1434.25,62.89,1.233,92,92,Low
32,173,264,4.28,57.58,13.95,1433.11,62.89,1.233,91,91,Low
32,174,264,4.47,59.18,14.35,1425.85,62.13,1.233,90,90,Low
32,175,264,4.39,59.22,14.14,1416.48,63.29,1.233,89,89,Low
32,176,264,4.38,58.86,14.49,1431.4,61.94,1.233,88,88,Low
32,177,264,4.4,58.87,14.67,1428.21,63.35,1.233,87,87,Low
32,178,264,4.49,59.36,14.53,1420.93,63.28,1.233,86,86,Low
32,179,264,4.63,59.43,14.38,1427.66,63.74,1.233,85,85,Low
32,180,264,4.35,59.82,14.63,1422.76,62.86,1.233,84,84,Low
32,181,264,4.61,59.09,14.4,1416.5,62.93,1.233,83,83,Low
32,182,264,4.73,60.15,14.61,1422.22,64.1,1.233,82,82,Low
32,183,264,4.47,60.15,14.64,1413.21,63.8,1.233,81,81,Low
32,184,264,4.71,59.4,14.44,1426.01,62.61,1.233,80,80,Low
32,185,264,4.6,59.73,14.57,1418.7,64.7,1.233,79,79,Low
32,186,264,4.7,61.18,14.65,1427.25,65.5,1.233,78,78,Low
32,187,264,4.87,60.37,14.98,1414.51,64.89,1.233,77,77,Low
32,188,264,4.83,61.86,14.77,1411.02,64.18,1.233,76,76,Low
32,189,264,4.92,61.81,15.9,1416.91,64.03,1.233,75,75,Low
32,190,264,5.02,61.36,15.01,1417.05,64.69,1.233,74,74,Low
32,191,264,5.03,61.66,15.59,1411.61,65.08,1.233,73,73,Low
32,192,264,4.84,62.1,14.68,1418.82,65.6,1.233,72,72,Low
32,193,264,5.19,62.15,14.69,1410.68,65.49,1.233,71,71,Low
32,194,264,5.16,62.65,14.84,1409.99,64.39,1.233,70,70,Low
32,195,264,5.29,63.08,15.36,1412.37,66.36,1.233,69,69,Low
32,196,264,5.15,61.9,15.23,1415.28,65.53,1.233,68,68,Low
32,197,264,5.3,63.64,14.81,1406.08,64.53,1.233,67,67,Low
32,198,264,5.3,62.35,15.26,1410.11,65.13,1.233,66,66,Low
32,199,264,5.34,64.02,15.25,1404.09,65.33,1.233,65,65,Low
32,200,264,5.35,63.13,15.83,1396.73,66.03,1.233,64,64,Low
32,201,264,5.68,62.52,15.6,1402.99,66.33,1.233,63,63,Low
32,202,264,5.55,64.55,15.49,1398.02,66.8,1.233,62,62,Low
32,203,264,5.65,63.73,16.14,1407.29,67.37,1.233,61,61,Low
32,204,264,5.71,63.86,15.43,1396.25,66.18,1.233,60,60,Low
32,205,264,5.63,64.95,15.69,1404.83,67.26,1.233,59,59,Low
32,206,264,5.97,65.19,15.82,1402.94,67.07,1.233,58,58,Low
32,207,264,5.93,65.38,15.78,1396.89,66.43,1.233,57,57,Low
32,208,264,5.94,64.82,15.79,1401.6,66.35,1.233,56,56,Low
32,209,264,6.1,66.44,15.95,1398.83,67.88,1.233,55,55,Low
32,210,264,6.19,65.39,16.04,1396.62,67.78,1.233,54,54,Low
32,211,264,6.11,66.15,15.38,1394.25,67.9,1.233,53,53,Low
32,212,264,6.21,66.32,15.96,1400.88,67.01,1.233,52,52,Low
32,213,264,6.18,67.19,15.45,1403.66,68.07,1.233,51,51,Low
32,214,264,6.26,66.7,15.89,1400.75,68.24,1.233,50,50,Low
32,215,264,6.15,67.68,15.79,1387.79,67.83,1.233,49,49,Low
32,216,264,6.53,67.01,15.97,1395.86,68.77,1.233,48,48,Low
32,217,264,6.66,66.3,16.39,1395.45,67.63,1.233,47,47,Low
32,218,264,6.52,69.02,16.16,1378.31,68.4,1.233,46,46,Low
32,219,264,6.55,67.25,16.07,1386.27,69.42,1.233,45,45,Low
32,220,264,6.75,68.54,16.44,1390.98,68.19,1.233,44,44,Low
32,221,264,6.67,69.69,16.62,1387.59,68.69,1.233,43,43,Low
32,222,264,6.64,69.03,16.55,1374.95,68.62,1.233,42,42,Low
32,223,264,6.75,68.66,16.43,1383.46,69.34,1.233,41,41,Low
32,224,264,6.69,70.41,16.58,1388.22,70.92,1.233,40,40,Medium
32,225,264,6.93,69.84,16.55,1372.9,68.99,1.233,39,39,Medium
32,226,264,7.0,69.09,16.6,1376.96,69.55,1.233,38,38,Medium
32,227,264,6.77,69.28,16.72,1384.44,70.02,1.233,37,37,Medium
32,228,264,6.94,70.51,16.68,1367.25,69.99,1.233,36,36,Medium
32,229,264,7.08,71.28,17.3,1376.4,70.56,1.233,35,35,Medium
32,230,264,7.11,71.94,17.13,1376.58,70.86,1.233,34,34,Medium
32,231,264,7.31,70.9,16.68,1379.7,70.75,1.233,33,33,Medium
32,232,264,7.29,72.54,16.64,1367.41,71.58,1.233,32,32,Medium
32,233,264,7.31,72.03,17.11,1365.83,70.43,1.233,31,31,Medium
32,234,264,7.45,74.41,16.85,1362.36,70.79,1.233,30,30,Medium
32,235,264,7.55,71.66,16.88,1362.09,71.88,1.233,29,29,Medium
32,236,264,7.6,72.29,17.81,1353.19,71.92,1.233,28,28,Medium
32,237,264,7.52,73.45,16.89,1357.0,71.42,1.233,27,27,Medium
32,238,264,7.8,73.02,16.7,1369.63,72.1,1.233,26,26,Medium
32,239,264,7.77,72.22,17.33,1359.65,71.97,1.233,25,25,Medium
32,240,264,7.84,74.46,17.89,1356.86,73.11,1.233,24,24,Medium
32,241,264,7.94,75.09,17.25,1365.12,73.82,1.233,23,23,Medium
32,242,264,7.77,75.78,17.4,1359.25,72.58,1.233,22,22,Medium
32,243,264,8.0,75.79,17.4,1361.76,73.01,1.233,21,21,Medium
32,244,264,8.05,76.48,17.57,1355.7,73.61,1.233,20,20,Medium
32,245,264,7.99,76.78,17.9,1364.41,72.71,1.233,19,19,Medium
32,246,264,8.36,76.15,17.85,1362.34,73.77,1.233,18,18,Medium
32,247,264,8.34,77.41,17.76,1361.75,73.26,1.233,17,17,Medium
32,248,264,8.28,75.92,17.52,1348.42,74.38,1.233,16,16,Medium
32,249,264,8.2,77.65,17.95,1367.52,74.03,1.233,15,15,High
32,250,264,8.42,75.52,18.15,1349.4,74.09,1.233,14,14,High
32,251,264,8.61,76.42,17.66,1354.87,74.27,1.233,13,13,High
32,252,264,8.6,77.81,18.33,1344.44,74.25,1.233,12,12,High
32,253,264,8.84,76.98,18.26,1356.91,74.45,1.233,11,11,High
32,254,264,8.54,78.61,18.2,1337.4,75.25,1.233,10,10,High
32,255,264,8.9,79.2,18.17,1360.09,76.23,1.233,9,9,High
32,256,264,8.85,79.33,18.05,1345.79,76.15,1.233,8,8,High
32,257,264,8.88,80.65,18.25,1340.2,76.32,1.233,7,7,High
32,258,264,8.92,79.97,18.47,1346.93,76.84,1.233,6,6,High
32,259,264,9.15,80.02,18.37,1328.09,76.75,1.233,5,5,High
32,260,264,9.16,81.99,18.1,1330.45,76.84,1.233,4,4,High
32,261,264,9.27,81.25,18.74,1329.99,76.25,1.233,3,3,High
32,262,264,9.36,80.75,18.61,1330.53,76.37,1.233,2,2,High
32,263,264,9.51,80.83,18.52,1339.93,77.1,1.233,1,1,High
32,264,264,9.42,82.56,19.01,1326.61,77.24,1.233,0,0,High
33,1,160,1.61,43.88,12.33,1482.26,56.54,1.143,159,130,Low
33,2,160,1.19,45.03,11.31,1479.62,55.1,1.143,158,130,Low
33,3,160,1.55,45.89,12.14,1475.12,55.22,1.143,157,130,Low
33,4,160,1.59,43.82,11.6,1481.23,54.88,1.143,156,130,Low
33,5,160,1.49,45.83,11.7,1480.71,55.14,1.143,155,130,Low
33,6,160,1.64,45.49,12.25,1469.27,55.23,1.143,154,130,Low
33,7,160,1.32,44.25,12.14,1469.14,54.51,1.143,153,130,Low
33,8,160,1.57,45.51,11.71,1479.33,54.38,1.143,152,130,Low
33,9,160,1.67,44.78,11.78,1474.32,55.73,1.143,151,130,Low
33,10,160,1.81,44.94,12.5,1483.46,55.62,1.143,150,130,Low
33,11,160,1.54,45.06,12.04,1481.22,54.74,1.143,149,130,Low
33,12,160,1.38,44.85,12.01,1480.5,54.24,1.143,148,130,Low
33,13,160,1.58,43.49,12.03,1470.65,54.8,1.143,147,130,Low
33,14,160,1.61,45.13,12.05,1468.64,55.62,1.143,146,130,Low
33,15,160,1.52,45.49,11.88,1483.91,55.65,1.143,145,130,Low
33,16,160,1.68,45.25,12.25,1480.19,54.75,1.143,144,130,Low
33,17,160,1.56,44.53,12.17,1473.52,55.14,1.143,143,130,Low
33,18,160,1.67,44.95,11.96,1484.53,54.5,1.143,142,130,Low
33,19,160,1.56,45.15,12.58,1480.0,55.77,1.143,141,130,Low
33,20,160,1.71,44.0,11.71,1483.36,54.46,1.143,140,130,Low
33,21,160,1.48,43.62,11.79,1469.84,55.54,1.143,139,130,Low
33,22,160,1.59,46.5,12.4,1486.0,54.86,1.143,138,130,Low
33,23,160,1.48,44.45,11.36,1488.91,55.48,1.143,137,130,Low
33,24,160,1.36,47.72,12.11,1483.31,53.88,1.143,136,130,Low
33,25,160,1.63,45.97,12.14,1486.53,54.51,1.143,135,130,Low
33,26,160,1.41,44.2,12.31,1479.63,55.37,1.143,134,130,Low
33,27,160,1.68,43.92,11.97,1470.87,54.92,1.143,133,130,Low
33,28,160,1.74,45.82,11.88,1480.16,54.88,1.143,132,130,Low
33,29,160,1.5,44.52,12.39,1476.24,55.85,1.143,131,130,Low
33,30,160,1.63,45.12,11.8,1481.46,55.24,1.143,130,130,Low
33,31,160,1.86,45.73,12.03,1480.25,55.45,1.143,129,129,Low
33,32,160,1.64,46.42,12.33,1477.69,55.26,1.143,128,128,Low
33,33,160,1.57,45.6,12.43,1472.22,56.31,1.143,127,127,Low
33,34,160,1.79,45.05,12.32,1483.27,55.48,1.143,126,126,Low
33,35,160,1.55,45.94,12.45,1493.32,55.52,1.143,125,125,Low
33,36,160,1.82,44.52,12.02,1477.8,55.03,1.143,124,124,Low
33,37,160,1.65,46.25,12.18,1469.04,54.7,1.143,123,123,Low
33,38,160,1.7,45.5,11.59,1477.24,55.59,1.143,122,122,Low
33,39,160,1.7,45.36,11.49,1468.63,55.47,1.143,121,121,Low
33,40,160,1.6,46.88,12.13,1474.64,56.27,1.143,120,120,Low
33,41,160,1.63,45.53,12.57,1470.27,55.25,1.143,119,119,Low
33,42,160,1.69,45.91,12.44,1479.65,55.62,1.143,118,118,Low
33,43,160,1.71,46.42,12.67,1477.72,55.75,1.143,117,117,Low
33,44,160,1.94,46.01,11.82,1480.14,56.13,1.143,116,116,Low
33,45,160,1.89,47.78,11.7,1484.26,55.14,1.143,115,115,Low
33,46,160,1.67,47.33,12.3,1480.63,56.0,1.143,114,114,Low
33,47,160,1.71,47.25,12.36,1467.33,55.71,1.143,113,113,Low
33,48,160,1.74,46.76,12.43,1470.38,56.56,1.143,112,112,Low
33,49,160,2.12,46.61,12.32,1470.26,54.74,1.143,111,111,Low
33,50,160,1.89,46.47,12.31,1474.53,55.74,1.143,110,110,Low
33,51,160,2.24,47.63,12.4,1475.67,56.62,1.143,109,109,Low
33,52,160,2.14,46.88,12.28,1468.32,55.79,1.143,108,108,Low
33,53,160,1.93,46.61,12.69,1481.1,56.44,1.143,107,107,Low
33,54,160,2.07,47.14,12.45,1480.5,57.31,1.143,106,106,Low
33,55,160,2.01,46.89,12.37,1463.69,55.52,1.143,105,105,Low
33,56,160,2.01,47.84,12.73,1468.29,56.48,1.143,104,104,Low
33,57,160,2.04,47.26,12.75,1473.54,56.89,1.143,103,103,Low
33,58,160,2.08,48.0,12.86,1459.18,57.54,1.143,102,102,Low
33,59,160,2.05,47.53,12.5,1461.5,56.05,1.143,101,101,Low
33,60,160,2.26,48.1,12.56,1467.79,57.44,1.143,100,100,Low
33,61,160,2.2,47.7,12.96,1448.61,56.58,1.143,99,99,Low
33,62,160,2.2,48.31,12.13,1467.64,56.02,1.143,98,98,Low
33,63,160,2.0,48.91,12.43,1460.26,55.85,1.143,97,97,Low
33,64,160,2.28,50.15,12.5,1475.34,57.69,1.143,96,96,Low
33,65,160,2.4,48.61,13.03,1460.18,58.48,1.143,95,95,Low
33,66,160,2.23,50.33,13.09,1465.33,57.24,1.143,94,94,Low
33,67,160,2.47,48.96,12.66,1465.28,57.39,1.143,93,93,Low
33,68,160,2.45,48.8,12.83,1462.47,55.95,1.143,92,92,Low
33,69,160,2.35,49.48,12.63,1450.88,57.55,1.143,91,91,Low
33,70,160,2.48,48.97,12.93,1472.23,58.49,1.143,90,90,Low
33,71,160,2.61,48.6,13.13,1465.76,57.81,1.143,89,89,Low
33,72,160,2.57,48.79,13.01,1457.42,58.73,1.143,88,88,Low
33,73,160,2.44,48.95,12.89,1462.17,58.58,1.143,87,87,Low
33,74,160,2.49,50.13,12.97,1457.17,57.67,1.143,86,86,Low
33,75,160,2.44,50.67,13.28,1456.11,58.65,1.143,85,85,Low
33,76,160,2.72,49.81,12.74,1452.08,58.95,1.143,84,84,Low
33,77,160,2.62,49.87,12.84,1461.08,58.32,1.143,83,83,Low
33,78,160,2.67,50.91,13.15,1448.98,58.27,1.143,82,82,Low
33,79,160,2.63,50.92,12.69,1465.98,59.43,1.143,81,81,Low
33,80,160,2.98,51.84,13.08,1457.5,58.19,1.143,80,80,Low
33,81,160,2.86,50.4,13.03,1451.85,58.3,1.143,79,79,Low
33,82,160,2.82,50.66,13.31,1460.95,59.2,1.143,78,78,Low
33,83,160,3.18,51.62,13.24,1447.48,57.84,1.143,77,77,Low
33,84,160,2.99,52.64,13.39,1466.02,58.05,1.143,76,76,Low
33,85,160,2.91,52.08,13.61,1451.11,58.53,1.143,75,75,Low
33,86,160,3.13,52.72,13.17,1458.23,59.55,1.143,74,74,Low
33,87,160,3.3,52.4,13.49,1450.94,58.59,1.143,73,73,Low
33,88,160,3.29,53.29,13.83,1448.83,59.21,1.143,72,72,Low
33,89,160,3.12,53.12,13.66,1443.51,59.54,1.143,71,71,Low
33,90,160,3.25,53.32,13.61,1457.51,59.94,1.143,70,70,Low
33,91,160,3.4,53.37,14.09,1447.85,59.77,1.143,69,69,Low
33,92,160,3.43,53.84,13.61,1442.67,59.25,1.143,68,68,Low
33,93,160,3.52,53.92,13.47,1434.84,60.09,1.143,67,67,Low
33,94,160,3.36,54.78,13.64,1448.83,60.31,1.143,66,66,Low
33,95,160,3.63,54.19,13.84,1450.1,61.03,1.143,65,65,Low
33,96,160,3.72,54.66,13.99,1450.94,61.1,1.143,64,64,Low
33,97,160,3.76,54.57,13.66,1446.29,59.81,1.143,63,63,Low
33,98,160,3.7,55.61,14.28,1439.08,61.96,1.143,62,62,Low
33,99,160,3.87,54.64,13.97,1436.9,62.97,1.143,61,61,Low
33,100,160,3.84,55.68,14.19,1432.84,61.44,1.143,60,60,Low
33,101,160,3.7,56.25,14.3,1432.7,60.92,1.143,59,59,Low
33,102,160,4.01,56.72,13.91,1437.37,61.33,1.143,58,58,Low
33,103,160,3.74,57.14,13.92,1441.36,61.26,1.143,57,57,Low
33,104,160,4.19,57.73,14.61,1431.75,61.21,1.143,56,56,Low
33,105,160,4.19,57.84,14.24,1418.71,61.45,1.143,55,55,Low
33,106,160,4.06,58.81,14.22,1436.35,62.35,1.143,54,54,Low
33,107,160,4.31,58.03,14.37,1422.32,61.38,1.143,53,53,Low
33,108,160,4.21,56.5,14.67,1424.76,62.76,1.143,52,52,Low
33,109,160,4.24,58.49,14.64,1421.72,63.34,1.143,51,51,Low
33,110,160,4.49,59.51,14.38,1424.87,62.74,1.143,50,50,Low
33,111,160,4.34,59.66,14.52,1423.56,63.31,1.143,49,49,Low
33,112,160,4.49,59.53,14.08,1428.23,63.86,1.143,48,48,Low
33,113,160,4.67,59.6,14.61,1416.25,63.74,1.143,47,47,Low
33,114,160,4.59,61.26,14.48,1420.42,63.63,1.143,46,46,Low
33,115,160,4.91,60.61,14.75,1415.93,62.4,1.143,45,45,Low
33,116,160,4.81,60.86,15.09,1421.36,64.78,1.143,44,44,Low
33,117,160,4.88,60.53,15.39,1410.08,63.9,1.143,43,43,Low
33,118,160,5.27,60.96,14.83,1418.21,63.56,1.143,42,42,Low
33,119,160,5.07,61.23,15.24,1414.54,65.0,1.143,41,41,Low
33,120,160,5.13,62.0,14.76,1409.83,65.28,1.143,40,40,Medium
33,121,160,5.21,61.56,15.25,1409.45,65.44,1.143,39,39,Medium
33,122,160,5.19,63.33,14.97,1415.84,66.59,1.143,38,38,Medium
33,123,160,5.08,63.06,15.65,1408.67,65.07,1.143,37,37,Medium
33,124,160,5.34,62.18,15.67,1413.19,66.03,1.143,36,36,Medium
33,125,160,5.46,63.32,15.23,1407.23,65.79,1.143,35,35,Medium
33,126,160,5.54,63.69,15.53,1406.54,65.68,1.143,34,34,Medium
33,127,160,5.61,63.52,15.45,1395.97,66.2,1.143,33,33,Medium
33,128,160,5.68,64.41,15.74,1400.23,67.13,1.143,32,32,Medium
33,129,160,5.88,63.6,15.95,1399.38,67.89,1.143,31,31,Medium
33,130,160,5.9,64.58,15.64,1409.79,67.14,1.143,30,30,Medium
33,131,160,5.95,67.27,15.55,1386.81,67.74,1.143,29,29,Medium
33,132,160,6.26,66.48,15.98,1395.37,67.41,1.143,28,28,Medium
33,133,160,6.23,67.38,16.0,1390.83,67.44,1.143,27,27,Medium
33,134,160,6.34,67.37,16.23,1381.86,67.84,1.143,26,26,Medium
33,135,160,6.42,67.63,15.9,1384.56,68.38,1.143,25,25,Medium
33,136,160,6.6,68.4,16.3,1392.61,68.85,1.143,24,24,Medium
33,137,160,6.69,69.43,16.49,1388.11,68.39,1.143,23,23,Medium
33,138,160,6.67,68.21,16.95,1392.41,70.34,1.143,22,22,Medium
33,139,160,6.74,70.09,16.52,1386.43,69.62,1.143,21,21,Medium
33,140,160,6.88,70.32,16.51,1362.09,69.85,1.143,20,20,Medium
33,141,160,7.06,70.91,16.39,1374.54,69.74,1.143,19,19,Medium
33,142,160,7.07,71.16,16.61,1380.0,69.97,1.143,18,18,Medium
33,143,160,7.32,69.94,17.05,1368.71,70.91,1.143,17,17,Medium
33,144,160,7.11,71.19,16.83,1378.0,71.1,1.143,16,16,Medium
33,145,160,7.26,71.55,16.9,1366.01,70.97,1.143,15,15,High
33,146,160,7.53,72.5,17.11,1367.32,71.98,1.143,14,14,High
33,147,160,7.73,72.48,17.22,1367.68,71.81,1.143,13,13,High
33,148,160,7.55,73.5,17.4,1365.9,71.45,1.143,12,12,High
33,149,160,7.92,73.62,16.89,1354.92,71.91,1.143,11,11,High
33,150,160,7.79,75.01,17.07,1355.99,72.4,1.143,10,10,High
33,151,160,8.0,74.75,17.44,1356.27,72.9,1.143,9,9,High
33,152,160,7.89,74.97,17.57,1357.57,73.66,1.143,8,8,High
33,153,160,8.18,75.8,17.92,1364.78,73.58,1.143,7,7,High
33,154,160,8.27,76.19,17.97,1359.02,73.18,1.143,6,6,High
33,155,160,8.39,78.29,18.43,1349.63,74.12,1.143,5,5,High
33,156,160,8.26,76.28,18.46,1358.08,74.4,1.143,4,4,High
33,157,160,8.56,78.27,17.51,1349.77,74.5,1.143,3,3,High
33,158,160,8.58,78.52,17.94,1347.04,75.31,1.143,2,2,High
33,159,160,8.73,78.04,18.16,1339.47,74.64,1.143,1,1,High
33,160,160,9.13,78.38,18.61,1349.28,75.63,1.143,0,0,High
34,1,213,1.58,45.8,12.21,1497.79,55.1,0.925,212,130,Low
34,2,213,1.35,45.12,12.12,1486.8,54.87,0.925,211,130,Low
34,3,213,1.4,46.57,11.76,1477.74,54.51,0.925,210,130,Low
34,4,213,1.63,45.34,11.78,1482.72,54.41,0.925,209,130,Low
34,5,213,1.47,45.49,11.51,1469.01,54.9,0.925,208,130,Low
34,6,213,1.43,46.65,11.65,1476.96,54.66,0.925,207,130,Low
34,7,213,1.42,46.88,12.02,1488.05,55.63,0.925,206,130,Low
34,8,213,1.61,45.7,12.13,1472.99,55.02,0.925,205,130,Low
34,9,213,1.48,44.85,11.97,1477.32,54.33,0.925,204,130,Low
34,10,213,1.6,44.93,11.69,1468.64,55.76,0.925,203,130,Low
34,11,213,1.47,44.3,12.11,1472.9,55.36,0.925,202,130,Low
34,12,213,1.47,43.45,11.85,1486.67,54.68,0.925,201,130,Low
34,13,213,1.57,44.83,12.38,1476.39,55.16,0.925,200,130,Low
34,14,213,1.49,46.63,12.06,1467.95,54.7,0.925,199,130,Low
34,15,213,1.46,44.22,12.07,1484.86,56.73,0.925,198,130,Low
34,16,213,1.73,43.91,11.61,1481.39,55.26,0.925,197,130,Low
34,17,213,1.15,44.06,11.91,1477.47,54.76,0.925,196,130,Low
34,18,213,1.33,45.05,12.03,1481.22,55.34,0.925,195,130,Low
34,19,213,1.52,43.51,11.9,1484.51,55.3,0.925,194,130,Low
34,20,213,1.52,44.22,11.98,1486.82,55.83,0.925,193,130,Low
34,21,213,1.4,46.27,11.44,1484.95,55.35,0.925,192,130,Low
34,22,213,1.5,45.23,12.26,1476.31,55.95,0.925,191,130,Low
34,23,213,1.49,45.58,11.83,1474.44,55.72,0.925,190,130,Low
34,24,213,1.72,44.42,12.25,1470.8,54.75,0.925,189,130,Low
34,25,213,1.6,46.19,11.9,1475.63,55.28,0.925,188,130,Low
34,26,213,1.65,44.78,11.99,1474.31,54.12,0.925,187,130,Low
34,27,213,1.68,44.57,11.29,1485.62,55.22,0.925,186,130,Low
34,28,213,1.65,43.75,12.23,1472.86,55.44,0.925,185,130,Low
34,29,213,1.59,46.48,12.4,1480.06,54.74,0.925,184,130,Low
34,30,213,1.55,45.21,12.3,1468.06,55.44,0.925,183,130,Low
34,31,213,1.51,45.51,11.41,1473.95,54.72,0.925,182,130,Low
34,32,213,1.4,45.35,11.76,1481.78,54.66,0.925,181,130,Low
34,33,213,1.79,45.97,12.0,1485.92,55.43,0.925,180,130,Low
34,34,213,1.53,43.58,11.8,1476.78,54.89,0.925,179,130,Low
34,35,213,1.47,46.45,12.11,1472.73,54.59,0.925,178,130,Low
34,36,213,1.46,45.32,11.85,1480.43,54.53,0.925,177,130,Low
34,37,213,1.64,46.86,12.07,1471.46,55.31,0.925,176,130,Low
34,38,213,1.39,45.72,11.87,1479.47,54.38,0.925,175,130,Low
34,39,213,1.67,44.46,12.43,1484.25,54.99,0.925,174,130,Low
34,40,213,1.7,45.23,11.57,1480.92,54.6,0.925,173,130,Low
34,41,213,1.55,45.53,11.96,1486.75,54.66,0.925,172,130,Low
34,42,213,1.43,47.11,12.54,1480.14,55.66,0.925,171,130,Low
34,43,213,1.56,44.96,12.45,1475.13,55.27,0.925,170,130,Low
34,44,213,1.72,46.38,11.99,1471.9,54.06,0.925,169,130,Low
34,45,213,1.74,47.05,11.67,1467.85,55.81,0.925,168,130,Low
34,46,213,1.49,46.15,12.24,1477.12,55.18,0.925,167,130,Low
34,47,213,1.65,45.57,12.36,1474.71,54.49,0.925,166,130,Low
34,48,213,1.53,44.46,11.99,1473.19,54.85,0.925,165,130,Low
34,49,213,1.64,44.28,12.28,1469.74,55.61,0.925,164,130,Low
34,50,213,1.68,44.76,11.91,1476.03,56.12,0.925,163,130,Low
34,51,213,1.86,45.69,12.21,1481.73,55.77,0.925,162,130,Low
34,52,213,1.73,45.75,12.34,1477.92,55.76,0.925,161,130,Low
34,53,213,1.52,44.33,12.42,1463.51,55.05,0.925,160,130,Low
34,54,213,1.95,46.04,12.19,1481.57,56.01,0.925,159,130,Low
34,55,213,1.69,46.28,12.16,1468.79,55.32,0.925,158,130,Low
34,56,213,1.72,46.77,11.71,1478.1,55.44,0.925,157,130,Low
34,57,213,1.87,46.11,12.19,1481.64,56.18,0.925,156,130,Low
34,58,213,1.68,47.34,12.1,1472.98,55.92,0.925,155,130,Low
34,59,213,1.79,46.56,11.84,1476.01,56.0,0.925,154,130,Low
34,60,213,2.07,46.44,11.98,1472.96,55.66,0.925,153,130,Low
34,61,213,1.58,46.41,12.03,1471.47,55.72,0.925,152,130,Low
34,62,213,1.76,45.17,12.7,1486.12,55.29,0.925,151,130,Low
34,63,213,1.92,46.98,11.95,1471.76,54.3,0.925,150,130,Low
34,64,213,1.97,45.62,12.05,1474.77,55.98,0.925,149,130,Low
34,65,213,1.7,46.77,12.32,1467.18,56.64,0.925,148,130,Low
34,66,213,1.91,45.66,12.17,1482.72,56.64,0.925,147,130,Low
34,67,213,1.83,46.88,12.21,1473.87,55.18,0.925,146,130,Low
34,68,213,1.7,46.91,12.54,1462.46,56.06,0.925,145,130,Low
34,69,213,2.08,45.75,12.49,1468.87,55.57,0.925,144,130,Low
34,70,213,1.79,46.15,12.11,1473.53,56.35,0.925,143,130,Low
34,71,213,1.81,48.23,12.38,1467.77,55.73,0.925,142,130,Low
34,72,213,1.74,46.34,12.31,1473.47,55.91,0.925,141,130,Low
34,73,213,1.83,47.21,12.13,1469.35,55.6,0.925,140,130,Low
34,74,213,1.93,48.12,12.37,1464.06,56.01,0.925,139,130,Low
34,75,213,2.06,47.12,11.93,1465.6,55.92,0.925,138,130,Low
34,76,213,2.13,45.95,12.28,1480.31,55.36,0.925,137,130,Low
34,77,213,2.24,46.68,12.35,1471.15,56.74,0.925,136,130,Low
34,78,213,2.06,47.63,12.62,1482.71,56.15,0.925,135,130,Low
34,79,213,1.88,48.76,12.16,1475.05,56.38,0.925,134,130,Low
34,80,213,2.13,47.31,12.63,1469.2,56.63,0.925,133,130,Low
34,81,213,2.14,47.27,12.46,1463.41,57.13,0.925,132,130,Low
34,82,213,2.19,46.45,12.57,1462.98,56.24,0.925,131,130,Low
34,83,213,2.12,47.93,12.34,1474.6,56.87,0.925,130,130,Low
34,84,213,2.15,47.19,12.34,1471.67,56.13,0.925,129,129,Low
34,85,213,2.06,49.98,12.66,1475.54,57.09,0.925,128,128,Low
34,86,213,2.22,48.62,12.39,1474.97,56.31,0.925,127,127,Low
34,87,213,2.1,46.52,12.26,1459.03,56.19,0.925,126,126,Low
34,88,213,2.24,48.45,12.41,1466.87,56.66,0.925,125,125,Low
34,89,213,2.14,48.85,12.51,1462.09,56.93,0.925,124,124,Low
34,90,213,2.13,48.58,12.71,1460.12,57.07,0.925,123,123,Low
34,91,213,2.2,48.8,12.35,1463.76,55.19,0.925,122,122,Low
34,92,213,2.25,47.6,12.97,1469.7,56.87,0.925,121,121,Low
34,93,213,2.32,48.39,12.48,1464.07,56.13,0.925,120,120,Low
34,94,213,2.3,47.36,12.65,1468.71,58.06,0.925,119,119,Low
34,95,213,2.26,47.93,12.64,1465.89,57.14,0.925,118,118,Low
34,96,213,2.41,47.02,12.64,1468.13,56.64,0.925,117,117,Low
34,97,213,2.47,49.44,12.75,1461.49,56.71,0.925,116,116,Low
34,98,213,2.39,49.36,12.56,1471.2,57.54,0.925,115,115,Low
34,99,213,2.41,49.43,12.62,1464.76,57.26,0.925,114,114,Low
34,100,213,2.35,50.16,12.3,1457.36,56.47,0.925,113,113,Low
34,101,213,2.43,47.5,13.04,1459.44,57.96,0.925,112,112,Low
34,102,213,2.43,49.56,12.87,1462.8,57.4,0.925,111,111,Low
34,103,213,2.6,48.59,12.65,1462.85,57.44,0.925,110,110,Low
34,104,213,2.58,50.13,12.7,1469.2,57.84,0.925,109,109,Low
34,105,213,2.81,49.17,12.77,1465.09,57.6,0.925,108,108,Low
34,106,213,2.58,49.75,12.66,1454.05,59.2,0.925,107,107,Low
34,107,213,2.52,50.32,12.67,1462.51,57.48,0.925,106,106,Low
34,108,213,2.4,49.77,13.08,1462.08,58.28,0.925,105,105,Low
34,109,213,3.04,49.17,13.05,1473.05,57.32,0.925,104,104,Low
34,110,213,2.64,49.05,12.83,1455.75,58.18,0.925,103,103,Low
34,111,213,2.69,51.0,12.86,1452.89,57.94,0.925,102,102,Low
34,112,213,2.68,51.88,13.53,1459.56,58.36,0.925,101,101,Low
34,113,213,2.69,49.96,12.92,1449.37,57.84,0.925,100,100,Low
34,114,213,2.74,49.48,13.19,1462.98,58.79,0.925,99,99,Low
34,115,213,3.03,50.79,13.12,1462.87,58.9,0.925,98,98,Low
34,116,213,2.84,50.86,13.27,1471.06,58.79,0.925,97,97,Low
34,117,213,2.92,52.12,13.15,1454.33,58.12,0.925,96,96,Low
34,118,213,2.92,50.1,12.83,1453.55,58.77,0.925,95,95,Low
34,119,213,2.85,52.27,13.61,1455.03,59.45,0.925,94,94,Low
34,120,213,2.99,51.56,13.14,1458.01,58.84,0.925,93,93,Low
34,121,213,3.07,52.14,13.17,1452.39,58.95,0.925,92,92,Low
34,122,213,3.07,51.25,12.94,1455.16,59.87,0.925,91,91,Low
34,123,213,3.06,51.59,13.16,1447.46,60.51,0.925,90,90,Low
34,124,213,2.9,52.74,13.31,1451.41,59.32,0.925,89,89,Low
34,125,213,3.06,51.05,13.45,1451.95,59.48,0.925,88,88,Low
34,126,213,3.01,52.9,13.58,1441.54,59.22,0.925,87,87,Low
34,127,213,3.15,52.55,13.21,1454.55,59.12,0.925,86,86,Low
34,128,213,3.13,51.44,13.28,1460.45,59.19,0.925,85,85,Low
34,129,213,3.24,53.23,13.16,1451.77,60.51,0.925,84,84,Low
34,130,213,3.28,53.5,13.41,1445.05,59.43,0.925,83,83,Low
34,131,213,3.14,54.35,13.92,1454.47,59.14,0.925,82,82,Low
34,132,213,3.16,53.6,13.48,1457.83,60.07,0.925,81,81,Low
34,133,213,3.4,52.93,13.48,1450.86,59.42,0.925,80,80,Low
34,134,213,3.49,54.34,13.57,1439.8,60.47,0.925,79,79,Low
34,135,213,3.44,53.22,13.48,1443.14,60.8,0.925,78,78,Low
34,136,213,3.09,54.28,13.8,1434.51,60.33,0.925,77,77,Low
34,137,213,3.5,54.09,13.43,1438.11,59.99,0.925,76,76,Low
34,138,213,3.6,55.11,13.66,1449.55,59.84,0.925,75,75,Low
34,139,213,3.59,55.41,13.81,1447.28,60.94,0.925,74,74,Low
34,140,213,3.67,55.5,13.6,1446.15,60.79,0.925,73,73,Low
34,141,213,3.64,54.38,14.11,1445.79,61.25,0.925,72,72,Low
34,142,213,3.54,54.85,13.86,1435.35,60.11,0.925,71,71,Low
34,143,213,3.77,56.42,13.9,1444.33,61.81,0.925,70,70,Low
34,144,213,3.81,55.45,13.48,1428.01,60.71,0.925,69,69,Low
34,145,213,3.7,56.64,14.18,1440.96,61.57,0.925,68,68,Low
34,146,213,3.77,54.95,13.76,1440.16,60.88,0.925,67,67,Low
34,147,213,3.8,56.34,14.13,1435.11,61.31,0.925,66,66,Low
34,148,213,3.88,56.02,14.1,1432.53,62.28,0.925,65,65,Low
34,149,213,4.16,55.93,13.87,1432.71,61.69,0.925,64,64,Low
34,150,213,3.87,56.8,14.14,1431.38,62.67,0.925,63,63,Low
34,151,213,3.82,55.34,14.23,1426.0,61.95,0.925,62,62,Low
34,152,213,4.29,57.35,14.43,1434.18,63.2,0.925,61,61,Low
34,153,213,4.12,54.91,14.41,1439.63,62.54,0.925,60,60,Low
34,154,213,4.2,56.7,13.77,1423.74,62.44,0.925,59,59,Low
34,155,213,4.02,56.91,14.17,1426.71,61.98,0.925,58,58,Low
34,156,213,4.2,57.36,14.17,1429.96,61.85,0.925,57,57,Low
34,157,213,4.26,56.89,13.88,1420.87,62.62,0.925,56,56,Low
34,158,213,4.35,58.63,14.77,1425.38,62.71,0.925,55,55,Low
34,159,213,4.55,58.59,14.27,1422.21,63.55,0.925,54,54,Low
34,160,213,4.5,58.75,14.26,1417.7,63.12,0.925,53,53,Low
34,161,213,4.45,58.82,14.54,1425.74,63.21,0.925,52,52,Low
34,162,213,4.59,59.51,15.19,1417.81,63.34,0.925,51,51,Low
34,163,213,4.44,59.71,14.44,1423.85,64.07,0.925,50,50,Low
34,164,213,4.49,59.18,14.7,1418.05,63.16,0.925,49,49,Low
34,165,213,4.82,59.89,14.46,1423.57,63.75,0.925,48,48,Low
34,166,213,4.76,58.98,14.71,1421.84,63.37,0.925,47,47,Low
34,167,213,4.57,60.29,14.64,1415.92,63.6,0.925,46,46,Low
34,168,213,4.85,61.5,14.57,1418.14,64.0,0.925,45,45,Low
34,169,213,4.87,59.88,15.26,1419.64,64.09,0.925,44,44,Low
34,170,213,4.88,60.93,15.22,1418.54,66.14,0.925,43,43,Low
34,171,213,4.95,60.81,14.71,1410.94,64.0,0.925,42,42,Low
34,172,213,5.09,61.43,14.79,1415.08,64.67,0.925,41,41,Low
34,173,213,4.95,61.13,14.83,1409.0,66.27,0.925,40,40,Medium
34,174,213,5.04,60.32,15.47,1417.38,65.33,0.925,39,39,Medium
34,175,213,5.2,62.15,15.12,1403.45,65.85,0.925,38,38,Medium
34,176,213,5.26,62.21,14.74,1415.53,66.02,0.925,37,37,Medium
34,177,213,5.21,62.43,15.21,1404.61,65.55,0.925,36,36,Medium
34,178,213,5.37,61.8,14.63,1401.46,65.94,0.925,35,35,Medium
34,179,213,5.42,63.39,15.19,1409.67,66.24,0.925,34,34,Medium
34,180,213,5.71,63.36,14.89,1427.41,64.49,0.925,33,33,Medium
34,181,213,5.67,63.58,14.95,1411.74,67.86,0.925,32,32,Medium
34,182,213,5.48,62.27,14.99,1401.92,66.48,0.925,31,31,Medium
34,183,213,5.54,63.45,15.48,1406.43,67.16,0.925,30,30,Medium
34,184,213,5.51,64.89,15.62,1393.76,65.62,0.925,29,29,Medium
34,185,213,5.83,64.7,15.71,1397.69,66.29,0.925,28,28,Medium
34,186,213,5.83,65.14,15.68,1398.81,66.59,0.925,27,27,Medium
34,187,213,6.03,63.91,16.03,1397.77,66.41,0.925,26,26,Medium
34,188,213,5.9,64.88,15.62,1403.22,66.86,0.925,25,25,Medium
34,189,213,5.91,66.24,15.67,1397.5,65.85,0.925,24,24,Medium
34,190,213,5.94,65.34,15.55,1391.58,66.99,0.925,23,23,Medium
34,191,213,5.88,66.45,16.06,1395.0,67.71,0.925,22,22,Medium
34,192,213,6.1,67.46,15.8,1392.29,67.41,0.925,21,21,Medium
34,193,213,6.21,67.06,16.16,1404.28,66.77,0.925,20,20,Medium
34,194,213,6.23,66.83,16.1,1378.22,69.31,0.925,19,19,Medium
34,195,213,6.33,67.9,16.2,1390.48,67.14,0.925,18,18,Medium
34,196,213,6.47,66.93,16.6,1384.11,68.58,0.925,17,17,Medium
34,197,213,6.32,67.16,16.27,1392.27,67.41,0.925,16,16,Medium
34,198,213,6.33,66.8,16.57,1385.26,69.67,0.925,15,15,High
34,199,213,6.65,67.68,16.86,1376.78,67.87,0.925,14,14,High
34,200,213,6.39,68.61,16.44,1382.08,69.1,0.925,13,13,High
34,201,213,6.66,68.89,16.06,1381.68,68.77,0.925,12,12,High
34,202,213,6.76,68.74,16.45,1385.45,69.88,0.925,11,11,High
34,203,213,6.87,69.13,15.91,1377.03,69.29,0.925,10,10,High
34,204,213,6.8,71.5,16.11,1365.67,68.46,0.925,9,9,High
34,205,213,7.0,69.08,16.56,1374.76,69.12,0.925,8,8,High
34,206,213,6.82,69.44,16.69,1377.45,70.29,0.925,7,7,High
34,207,213,7.34,70.72,16.41,1378.09,70.34,0.925,6,6,High
34,208,213,7.31,70.94,16.91,1377.87,70.79,0.925,5,5,High
34,209,213,7.15,70.79,16.67,1369.14,70.4,0.925,4,4,High
34,210,213,7.44,69.95,17.03,1372.41,71.72,0.925,3,3,High
34,211,213,7.31,71.6,17.06,1377.35,70.43,0.925,2,2,High
34,212,213,7.31,71.69,16.77,1369.85,71.5,0.925,1,1,High
34,213,213,7.61,72.56,17.0,1366.34,71.73,0.925,0,0,High
35,1,276,1.58,44.36,12.78,1478.65,55.48,0.866,275,130,Low
35,2,276,1.59,45.19,11.84,1492.15,54.81,0.866,274,130,Low
35,3,276,1.56,44.45,12.14,1484.9,54.59,0.866,273,130,Low
35,4,276,1.63,45.02,11.62,1475.27,54.26,0.866,272,130,Low
35,5,276,1.34,45.42,12.14,1477.22,54.25,0.866,271,130,Low
35,6,276,1.5,45.67,12.04,1472.39,55.45,0.866,270,130,Low
35,7,276,1.63,45.15,11.45,1480.26,55.02,0.866,269,130,Low
35,8,276,1.4,43.82,12.18,1484.12,54.65,0.866,268,130,Low
35,9,276,1.61,44.07,11.78,1468.69,54.74,0.866,267,130,Low
35,10,276,1.46,45.93,12.04,1481.86,54.03,0.866,266,130,Low
35,11,276,1.44,45.04,12.24,1477.89,55.29,0.866,265,130,Low
35,12,276,1.61,44.51,11.9,1470.18,54.57,0.866,264,130,Low
35,13,276,1.47,44.98,12.43,1481.64,55.39,0.866,263,130,Low
35,14,276,1.58,45.03,11.48,1483.31,55.27,0.866,262,130,Low
35,15,276,1.51,44.69,11.84,1483.17,55.06,0.866,261,130,Low
35,16,276,1.38,43.73,12.15,1474.8,54.56,0.866,260,130,Low
35,17,276,1.56,43.94,11.62,1480.17,54.43,0.866,259,130,Low
35,18,276,1.65,44.39,11.73,1484.58,55.21,0.866,258,130,Low
35,19,276,1.56,45.85,12.12,1481.46,54.51,0.866,257,130,Low
35,20,276,1.57,44.66,12.59,1490.64,55.95,0.866,256,130,Low
35,21,276,1.45,44.88,11.63,1482.64,54.97,0.866,255,130,Low
35,22,276,1.49,44.57,11.42,1480.6,55.1,0.866,254,130,Low
35,23,276,1.59,44.46,12.21,1492.77,55.95,0.866,253,130,Low
35,24,276,1.44,43.92,12.02,1484.3,54.59,0.866,252,130,Low
35,25,276,1.64,47.1,12.18,1485.37,55.1,0.866,251,130,Low
35,26,276,1.46,43.9,11.94,1476.53,54.62,0.866,250,130,Low
35,27,276,1.72,45.99,11.96,1477.35,55.09,0.866,249,130,Low
35,28,276,1.52,44.81,12.02,1484.7,55.11,0.866,248,130,Low
35,29,276,1.69,45.41,12.09,1478.02,55.77,0.866,247,130,Low
35,30,276,1.61,45.0,11.85,1482.39,54.71,0.866,246,130,Low
35,31,276,1.61,45.18,12.37,1474.42,55.85,0.866,245,130,Low
35,32,276,1.42,44.58,12.4,1480.64,55.21,0.866,244,130,Low
35,33,276,1.36,44.72,11.79,1479.14,56.07,0.866,243,130,Low
35,34,276,1.51,43.87,11.93,1468.76,55.93,0.866,242,130,Low
35,35,276,1.51,45.06,12.09,1492.43,55.53,0.866,241,130,Low
35,36,276,1.5,44.92,11.92,1471.34,54.08,0.866,240,130,Low
35,37,276,1.74,45.69,12.02,1480.85,53.89,0.866,239,130,Low
35,38,276,1.45,45.4,12.11,1476.01,55.04,0.866,238,130,Low
35,39,276,1.65,46.62,12.16,1489.35,54.35,0.866,237,130,Low
35,40,276,1.49,45.04,11.75,1482.89,54.63,0.866,236,130,Low
35,41,276,1.49,44.87,11.72,1490.02,55.01,0.866,235,130,Low
35,42,276,1.64,45.27,11.85,1480.13,54.91,0.866,234,130,Low
35,43,276,1.56,46.76,11.75,1464.17,54.78,0.866,233,130,Low
35,44,276,1.51,44.33,11.97,1481.04,54.93,0.866,232,130,Low
35,45,276,1.47,45.57,12.28,1487.38,54.87,0.866,231,130,Low
35,46,276,1.56,46.77,12.16,1483.64,54.86,0.866,230,130,Low
35,47,276,1.73,44.25,11.84,1485.23,55.67,0.866,229,130,Low
35,48,276,1.63,44.37,12.28,1466.53,55.17,0.866,228,130,Low
35,49,276,1.78,45.95,12.29,1475.98,55.12,0.866,227,130,Low
35,50,276,1.64,44.74,12.21,1491.29,55.98,0.866,226,130,Low
35,51,276,1.59,46.99,12.19,1481.58,55.04,0.866,225,130,Low
35,52,276,1.64,46.56,12.47,1478.78,55.32,0.866,224,130,Low
35,53,276,1.68,45.26,12.13,1477.35,54.4,0.866,223,130,Low
35,54,276,1.61,45.32,12.45,1468.01,55.51,0.866,222,130,Low
35,55,276,1.5,45.03,12.08,1479.11,55.83,0.866,221,130,Low
35,56,276,1.61,44.75,12.02,1488.48,56.36,0.866,220,130,Low
35,57,276,1.56,43.91,11.83,1469.55,54.92,0.866,219,130,Low
35,58,276,1.75,45.25,11.91,1475.61,55.25,0.866,218,130,Low
35,59,276,1.39,45.19,12.47,1485.7,55.99,0.866,217,130,Low
35,60,276,1.63,46.7,11.94,1476.35,54.73,0.866,216,130,Low
35,61,276,1.67,45.55,12.16,1468.04,55.53,0.866,215,130,Low
35,62,276,1.68,46.25,12.06,1487.04,56.07,0.866,214,130,Low
35,63,276,1.51,45.67,11.83,1484.44,54.99,0.866,213,130,Low
35,64,276,1.39,46.46,12.2,1478.29,54.89,0.866,212,130,Low
35,65,276,1.36,46.88,12.55,1474.66,55.25,0.866,211,130,Low
35,66,276,1.4,44.82,13.07,1477.48,55.65,0.866,210,130,Low
35,67,276,1.74,46.4,11.65,1470.54,54.97,0.866,209,130,Low
35,68,276,1.42,44.32,11.82,1485.62,53.62,0.866,208,130,Low
35,69,276,1.79,45.55,11.8,1475.88,56.16,0.866,207,130,Low
35,70,276,1.56,45.15,12.19,1476.48,55.5,0.866,206,130,Low
35,71,276,1.64,45.63,12.2,1472.78,55.34,0.866,205,130,Low
35,72,276,1.58,45.78,11.91,1466.12,55.69,0.866,204,130,Low
35,73,276,1.51,46.7,12.15,1490.57,55.15,0.866,203,130,Low
35,74,276,1.65,45.15,12.21,1482.77,54.49,0.866,202,130,Low
35,75,276,1.81,45.92,12.12,1477.71,55.21,0.866,201,130,Low
35,76,276,1.72,45.21,12.15,1483.58,56.24,0.866,200,130,Low
35,77,276,1.63,45.65,12.2,1473.57,54.45,0.866,199,130,Low
35,78,276,1.7,47.8,12.36,1479.95,55.61,0.866,198,130,Low
35,79,276,1.8,45.32,12.4,1469.0,55.7,0.866,197,130,Low
35,80,276,1.81,46.94,12.46,1467.58,55.64,0.866,196,130,Low
35,81,276,1.71,46.0,12.11,1473.21,56.39,0.866,195,130,Low
35,82,276,1.84,44.54,12.2,1474.22,55.58,0.866,194,130,Low
35,83,276,2.01,47.36,11.83,1481.56,54.48,0.866,193,130,Low
35,84,276,1.8,45.36,12.37,1462.7,55.93,0.866,192,130,Low
35,85,276,1.91,47.05,12.54,1472.02,55.69,0.866,191,130,Low
35,86,276,1.62,45.97,12.41,1480.65,55.42,0.866,190,130,Low
35,87,276,1.91,47.55,12.18,1476.85,55.3,0.866,189,130,Low
35,88,276,1.75,47.39,12.17,1483.09,55.2,0.866,188,130,Low
35,89,276,1.86,46.01,11.98,1481.42,56.06,0.866,187,130,Low
35,90,276,1.69,46.43,12.07,1481.62,56.07,0.866,186,130,Low
35,91,276,1.89,46.74,12.33,1471.49,55.15,0.866,185,130,Low
35,92,276,2.07,47.0,12.55,1473.98,56.15,0.866,184,130,Low
35,93,276,1.8,46.78,12.41,1470.05,55.82,0.866,183,130,Low
35,94,276,2.01,46.13,12.2,1472.34,55.8,0.866,182,130,Low
35,95,276,1.96,46.0,12.31,1469.94,56.23,0.866,181,130,Low
35,96,276,1.97,48.84,12.54,1472.25,55.13,0.866,180,130,Low
35,97,276,1.9,46.31,12.29,1474.67,56.45,0.866,179,130,Low
35,98,276,1.98,46.79,12.34,1480.46,56.26,0.866,178,130,Low
35,99,276,1.78,47.64,12.46,1466.61,55.68,0.866,177,130,Low
35,100,276,1.91,45.29,12.8,1482.72,55.97,0.866,176,130,Low
35,101,276,1.81,46.57,11.88,1475.59,55.6,0.866,175,130,Low
35,102,276,1.87,47.53,12.55,1464.95,55.92,0.866,174,130,Low
35,103,276,2.02,47.35,12.48,1471.9,55.44,0.866,173,130,Low
35,104,276,2.01,47.04,12.8,1466.34,57.02,0.866,172,130,Low
35,105,276,2.14,48.07,12.57,1476.63,56.91,0.866,171,130,Low
35,106,276,2.1,48.25,12.49,1466.24,57.35,0.866,170,130,Low
35,107,276,1.89,47.83,12.74,1473.47,55.86,0.866,169,130,Low
35,108,276,1.98,46.21,12.51,1479.06,55.6,0.866,168,130,Low
35,109,276,1.98,46.79,12.65,1466.44,57.18,0.866,167,130,Low
35,110,276,2.17,49.03,12.78,1469.91,56.11,0.866,166,130,Low
35,111,276,2.14,47.11,12.39,1467.11,57.16,0.866,165,130,Low
35,112,276,2.03,47.82,12.23,1467.78,56.09,0.866,164,130,Low
35,113,276,2.26,46.5,12.54,1470.42,57.32,0.866,163,130,Low
35,114,276,2.13,49.98,12.65,1472.94,57.12,0.866,162,130,Low
35,115,276,2.14,49.1,12.43,1461.18,57.45,0.866,161,130,Low
35,116,276,2.26,47.22,13.06,1470.99,56.62,0.866,160,130,Low
35,117,276,2.21,48.83,12.21,1477.38,56.67,0.866,159,130,Low
35,118,276,2.27,47.63,12.76,1460.42,56.16,0.866,158,130,Low
35,119,276,2.14,47.7,12.61,1462.61,55.97,0.866,157,130,Low
35,120,276,2.22,48.67,12.51,1476.51,56.66,0.866,156,130,Low
35,121,276,2.23,47.57,12.53,1463.42,57.74,0.866,155,130,Low
35,122,276,2.1,46.77,12.48,1470.43,57.23,0.866,154,130,Low
35,123,276,2.29,48.34,12.91,1473.9,56.72,0.866,153,130,Low
35,124,276,2.42,49.04,12.73,1471.69,56.81,0.866,152,130,Low
35,125,276,2.09,48.88,13.29,1467.34,57.41,0.866,151,130,Low
35,126,276,2.32,47.77,12.49,1455.6,57.68,0.866,150,130,Low
35,127,276,2.4,47.66,13.45,1465.1,57.17,0.866,149,130,Low
35,128,276,2.45,48.83,12.08,1472.58,57.9,0.866,148,130,Low
35,129,276,2.53,48.37,12.83,1460.85,57.46,0.866,147,130,Low
35,130,276,2.37,48.78,12.58,1463.16,57.62,0.866,146,130,Low
35,131,276,2.4,48.44,13.03,1464.81,56.8,0.866,145,130,Low
35,132,276,2.2,49.32,12.87,1457.55,56.87,0.866,144,130,Low
35,133,276,2.5,48.84,12.73,1465.16,56.45,0.866,143,130,Low
35,134,276,2.52,49.25,12.64,1454.4,57.38,0.866,142,130,Low
35,135,276,2.6,49.2,12.66,1462.48,57.45,0.866,141,130,Low
35,136,276,2.58,49.28,12.91,1463.52,57.37,0.866,140,130,Low
35,137,276,2.41,48.77,12.85,1457.08,57.29,0.866,139,130,Low
35,138,276,2.48,49.48,12.95,1470.55,58.19,0.866,138,130,Low
35,139,276,2.57,48.91,12.86,1454.07,58.01,0.866,137,130,Low
35,140,276,2.67,48.51,12.99,1452.27,57.96,0.866,136,130,Low
35,141,276,2.66,50.73,13.0,1472.6,57.49,0.866,135,130,Low
35,142,276,2.64,50.68,12.82,1459.01,57.82,0.866,134,130,Low
35,143,276,2.73,49.94,13.01,1447.88,58.31,0.866,133,130,Low
35,144,276,2.63,50.53,12.81,1461.23,58.12,0.866,132,130,Low
35,145,276,2.75,50.67,12.87,1443.57,58.61,0.866,131,130,Low
35,146,276,2.47,50.48,12.87,1455.79,56.62,0.866,130,130,Low
35,147,276,2.4,49.68,13.22,1464.54,58.03,0.866,129,129,Low
35,148,276,2.58,49.86,12.78,1455.52,58.68,0.866,128,128,Low
35,149,276,2.6,50.55,12.93,1453.3,57.6,0.866,127,127,Low
35,150,276,2.59,50.54,12.64,1456.61,59.06,0.866,126,126,Low
35,151,276,2.62,51.71,13.13,1451.29,57.66,0.866,125,125,Low
35,152,276,2.79,50.87,12.7,1466.2,58.71,0.866,124,124,Low
35,153,276,2.59,51.21,13.41,1456.1,57.57,0.866,123,123,Low
35,154,276,2.76,52.01,12.77,1450.23,57.96,0.866,122,122,Low
35,155,276,2.99,51.73,13.36,1444.77,60.21,0.866,121,121,Low
35,156,276,2.83,51.33,12.96,1458.04,57.62,0.866,120,120,Low
35,157,276,2.77,50.96,13.26,1458.35,57.48,0.866,119,119,Low
35,158,276,2.87,52.65,13.26,1452.7,58.18,0.866,118,118,Low
35,159,276,2.94,50.23,13.34,1450.2,59.88,0.866,117,117,Low
35,160,276,2.96,51.04,13.07,1449.13,59.02,0.866,116,116,Low
35,161,276,2.91,51.41,13.55,1450.59,57.71,0.866,115,115,Low
35,162,276,3.28,51.24,12.96,1453.04,58.84,0.866,114,114,Low
35,163,276,2.85,51.52,13.29,1454.6,58.94,0.866,113,113,Low
35,164,276,3.02,52.77,13.54,1441.21,59.55,0.866,112,112,Low
35,165,276,2.96,51.27,13.43,1451.7,59.91,0.866,111,111,Low
35,166,276,2.88,51.68,13.45,1450.62,59.54,0.866,110,110,Low
35,167,276,3.24,52.3,12.64,1450.0,59.01,0.866,109,109,Low
35,168,276,3.2,51.69,13.45,1452.9,59.84,0.866,108,108,Low
35,169,276,3.29,50.38,13.14,1445.86,59.16,0.866,107,107,Low
35,170,276,3.13,53.1,13.36,1458.22,60.17,0.866,106,106,Low
35,171,276,3.3,53.04,13.06,1449.52,59.54,0.866,105,105,Low
35,172,276,3.25,52.69,13.73,1448.94,60.01,0.866,104,104,Low
35,173,276,3.39,54.27,13.44,1439.84,59.5,0.866,103,103,Low
35,174,276,3.23,53.56,13.69,1448.08,59.03,0.866,102,102,Low
35,175,276,3.09,52.45,13.28,1443.01,60.7,0.866,101,101,Low
35,176,276,3.46,53.17,13.43,1450.21,59.75,0.866,100,100,Low
35,177,276,3.35,53.98,13.31,1446.87,60.18,0.866,99,99,Low
35,178,276,3.32,52.58,13.79,1444.64,60.0,0.866,98,98,Low
35,179,276,3.51,54.2,13.6,1444.25,59.32,0.866,97,97,Low
35,180,276,3.57,54.54,13.26,1444.56,59.9,0.866,96,96,Low
35,181,276,3.54,54.3,13.51,1451.84,60.1,0.866,95,95,Low
35,182,276,3.35,53.81,13.13,1435.08,60.67,0.866,94,94,Low
35,183,276,3.28,56.0,13.49,1448.25,59.9,0.866,93,93,Low
35,184,276,3.68,52.63,13.92,1449.74,61.06,0.866,92,92,Low
35,185,276,3.6,55.56,13.91,1451.55,61.01,0.866,91,91,Low
35,186,276,3.79,54.23,13.65,1442.84,60.54,0.866,90,90,Low
35,187,276,3.67,54.54,13.4,1438.66,61.1,0.866,89,89,Low
35,188,276,3.59,54.3,13.97,1434.93,62.25,0.866,88,88,Low
35,189,276,3.85,56.2,14.0,1447.88,60.23,0.866,87,87,Low
35,190,276,3.7,55.6,13.83,1444.92,61.24,0.866,86,86,Low
35,191,276,3.59,55.0,14.42,1436.8,61.67,0.866,85,85,Low
35,192,276,3.89,54.94,14.24,1436.39,61.92,0.866,84,84,Low
35,193,276,3.76,56.29,14.09,1435.89,61.52,0.866,83,83,Low
35,194,276,4.01,56.38,13.89,1432.02,61.22,0.866,82,82,Low
35,195,276,3.96,55.9,14.06,1431.02,62.49,0.866,81,81,Low
35,196,276,3.76,57.13,14.32,1426.87,62.55,0.866,80,80,Low
35,197,276,3.96,55.64,13.93,1440.58,62.06,0.866,79,79,Low
35,198,276,4.12,55.93,13.96,1437.2,61.25,0.866,78,78,Low
35,199,276,4.12,57.57,13.99,1429.49,61.5,0.866,77,77,Low
35,200,276,4.22,59.19,14.08,1435.22,62.54,0.866,76,76,Low
35,201,276,4.04,55.98,14.02,1430.0,61.69,0.866,75,75,Low
35,202,276,3.9,56.52,14.27,1440.59,63.55,0.866,74,74,Low
35,203,276,4.26,55.6,14.45,1443.12,62.05,0.866,73,73,Low
35,204,276,3.98,57.13,13.92,1427.67,62.98,0.866,72,72,Low
35,205,276,4.18,57.36,14.14,1436.1,62.59,0.866,71,71,Low
35,206,276,4.26,57.29,14.31,1426.21,63.17,0.866,70,70,Low
35,207,276,4.23,57.78,14.78,1425.5,61.84,0.866,69,69,Low
35,208,276,4.29,57.59,14.56,1422.29,62.18,0.866,68,68,Low
35,209,276,4.3,58.0,14.38,1418.32,64.14,0.866,67,67,Low
35,210,276,4.31,56.21,14.45,1422.67,63.53,0.866,66,66,Low
35,211,276,4.29,58.26,14.51,1431.1,62.62,0.866,65,65,Low
35,212,276,4.38,58.91,14.04,1431.63,62.78,0.866,64,64,Low
35,213,276,4.58,58.38,14.72,1428.57,63.58,0.866,63,63,Low
35,214,276,4.42,59.02,14.43,1430.86,63.68,0.866,62,62,Low
35,215,276,4.61,58.66,14.13,1427.61,62.77,0.866,61,61,Low
35,216,276,4.55,59.63,14.38,1422.53,63.61,0.866,60,60,Low
35,217,276,4.4,59.51,14.19,1425.14,64.6,0.866,59,59,Low
35,218,276,4.55,60.26,14.94,1408.58,64.6,0.866,58,58,Low
35,219,276,4.7,57.38,14.31,1423.41,62.64,0.866,57,57,Low
35,220,276,4.61,60.44,14.66,1428.19,63.35,0.866,56,56,Low
35,221,276,4.54,59.85,14.92,1420.85,64.31,0.866,55,55,Low
35,222,276,4.83,60.55,14.68,1413.3,63.92,0.866,54,54,Low
35,223,276,4.67,61.52,14.66,1415.47,62.96,0.866,53,53,Low
35,224,276,4.91,61.76,15.07,1412.18,64.08,0.866,52,52,Low
35,225,276,4.91,60.46,14.74,1417.24,64.4,0.866,51,51,Low
35,226,276,5.1,60.08,15.02,1409.88,64.14,0.866,50,50,Low
35,227,276,5.01,60.23,15.02,1417.39,64.71,0.866,49,49,Low
35,228,276,4.81,62.51,15.45,1419.17,64.16,0.866,48,48,Low
35,229,276,4.94,61.35,15.13,1417.95,64.87,0.866,47,47,Low
35,230,276,5.19,62.09,15.02,1424.34,65.47,0.866,46,46,Low
35,231,276,5.22,61.75,15.05,1414.98,65.75,0.866,45,45,Low
35,232,276,5.28,61.34,14.82,1414.94,65.95,0.866,44,44,Low
35,233,276,5.23,60.73,15.25,1410.04,64.55,0.866,43,43,Low
35,234,276,5.2,62.34,15.26,1413.33,64.72,0.866,42,42,Low
35,235,276,5.09,61.78,15.49,1420.38,66.2,0.866,41,41,Low
35,236,276,5.29,63.77,15.2,1416.19,65.66,0.866,40,40,Medium
35,237,276,5.19,63.76,15.44,1408.76,65.82,0.866,39,39,Medium
35,238,276,5.23,64.37,15.14,1407.36,63.88,0.866,38,38,Medium
35,239,276,5.33,63.52,15.37,1412.65,66.27,0.866,37,37,Medium
35,240,276,5.36,62.5,15.54,1396.23,66.48,0.866,36,36,Medium
35,241,276,5.52,63.05,15.72,1401.66,65.26,0.866,35,35,Medium
35,242,276,5.6,63.22,15.63,1409.76,66.13,0.866,34,34,Medium
35,243,276,5.61,64.19,15.69,1406.64,66.89,0.866,33,33,Medium
35,244,276,5.8,64.71,15.45,1395.66,65.97,0.866,32,32,Medium
35,245,276,5.59,62.99,15.72,1407.02,66.87,0.866,31,31,Medium
35,246,276,5.79,65.43,15.72,1405.21,67.24,0.866,30,30,Medium
35,247,276,5.64,62.84,15.22,1401.57,66.48,0.866,29,29,Medium
35,248,276,5.87,66.14,15.78,1397.78,67.03,0.866,28,28,Medium
35,249,276,5.86,65.35,15.77,1393.65,67.44,0.866,27,27,Medium
35,250,276,5.86,65.89,15.59,1405.74,68.26,0.866,26,26,Medium
35,251,276,5.99,64.82,15.95,1407.34,67.56,0.866,25,25,Medium
35,252,276,5.94,66.07,15.88,1400.25,67.98,0.866,24,24,Medium
35,253,276,6.03,65.74,16.08,1392.62,67.07,0.866,23,23,Medium
35,254,276,5.98,65.39,15.36,1395.37,67.47,0.866,22,22,Medium
35,255,276,6.15,67.3,15.63,1394.09,67.88,0.866,21,21,Medium
35,256,276,6.36,67.08,15.41,1399.52,68.08,0.866,20,20,Medium
35,257,276,6.2,66.69,16.12,1387.95,67.75,0.866,19,19,Medium
35,258,276,6.33,67.88,15.78,1394.89,68.73,0.866,18,18,Medium
35,259,276,6.21,67.3,16.37,1385.26,67.85,0.866,17,17,Medium
35,260,276,6.22,67.95,15.95,1392.39,69.29,0.866,16,16,Medium
35,261,276,6.34,67.12,16.74,1396.58,68.15,0.866,15,15,High
35,262,276,6.55,66.5,16.09,1387.15,69.3,0.866,14,14,High
35,263,276,6.42,67.03,16.0,1391.27,67.86,0.866,13,13,High
35,264,276,6.65,68.17,16.55,1381.51,68.62,0.866,12,12,High
35,265,276,6.53,68.65,15.94,1382.05,69.24,0.866,11,11,High
35,266,276,6.52,69.99,16.77,1382.35,69.54,0.866,10,10,High
35,267,276,6.72,69.03,16.21,1373.64,69.09,0.866,9,9,High
35,268,276,6.54,70.39,16.5,1382.98,70.03,0.866,8,8,High
35,269,276,6.73,69.61,16.19,1377.3,69.03,0.866,7,7,High
35,270,276,6.75,69.32,16.79,1383.61,70.21,0.866,6,6,High
35,271,276,6.83,69.43,16.53,1384.79,69.86,0.866,5,5,High
35,272,276,7.06,69.91,16.67,1374.26,70.59,0.866,4,4,High
35,273,276,6.89,71.06,16.84,1390.47,70.65,0.866,3,3,High
35,274,276,7.0,70.7,16.39,1390.53,71.18,0.866,2,2,High
35,275,276,6.91,70.68,16.59,1382.04,71.39,0.866,1,1,High
35,276,276,7.07,70.45,17.07,1375.31,70.16,0.866,0,0,High
36,1,311,1.63,44.82,12.02,1476.28,55.88,1.194,310,130,Low
36,2,311,1.69,45.48,11.73,1477.1,55.69,1.194,309,130,Low
36,3,311,1.39,45.4,11.7,1477.51,54.74,1.194,308,130,Low
36,4,311,1.41,44.87,12.34,1486.06,54.72,1.194,307,130,Low
36,5,311,1.36,44.62,12.24,1485.33,56.11,1.194,306,130,Low
36,6,311,1.55,46.1,12.07,1489.02,55.53,1.194,305,130,Low
36,7,311,1.27,43.34,12.3,1480.05,55.35,1.194,304,130,Low
36,8,311,1.68,44.87,12.2,1474.88,54.2,1.194,303,130,Low
36,9,311,1.65,44.67,12.12,1468.66,53.04,1.194,302,130,Low
36,10,311,1.41,44.27,12.3,1472.19,56.19,1.194,301,130,Low
36,11,311,1.48,45.13,12.17,1483.12,54.91,1.194,300,130,Low
36,12,311,1.62,45.63,12.33,1479.83,54.1,1.194,299,130,Low
36,13,311,1.6,45.24,11.78,1486.6,54.61,1.194,298,130,Low
36,14,311,1.57,45.24,11.91,1495.37,56.17,1.194,297,130,Low
36,15,311,1.43,44.74,11.92,1487.42,56.18,1.194,296,130,Low
36,16,311,1.64,44.02,11.84,1476.95,54.64,1.194,295,130,Low
36,17,311,1.62,45.74,12.31,1476.65,55.09,1.194,294,130,Low
36,18,311,1.56,45.34,12.07,1478.28,54.72,1.194,293,130,Low
36,19,311,1.72,44.78,11.53,1479.93,55.02,1.194,292,130,Low
36,20,311,1.3,45.82,11.78,1483.56,54.6,1.194,291,130,Low
36,21,311,1.8,45.76,12.15,1473.16,54.84,1.194,290,130,Low
36,22,311,1.35,45.54,12.23,1484.17,53.49,1.194,289,130,Low
36,23,311,1.43,45.84,12.35,1476.58,54.85,1.194,288,130,Low
36,24,311,1.51,45.17,11.89,1482.29,53.67,1.194,287,130,Low
36,25,311,1.6,45.34,12.08,1470.72,55.95,1.194,286,130,Low
36,26,311,1.69,44.34,12.23,1492.63,54.98,1.194,285,130,Low
36,27,311,1.39,44.96,12.2,1482.94,55.13,1.194,284,130,Low
36,28,311,1.53,46.61,12.23,1477.13,53.98,1.194,283,130,Low
36,29,311,1.43,45.75,12.06,1475.29,55.68,1.194,282,130,Low
36,30,311,1.49,42.91,12.09,1481.68,55.53,1.194,281,130,Low
36,31,311,1.38,45.63,11.77,1476.91,55.7,1.194,280,130,Low
36,32,311,1.57,45.13,11.99,1476.02,54.9,1.194,279,130,Low
36,33,311,1.54,44.83,12.01,1479.37,55.92,1.194,278,130,Low
36,34,311,1.34,45.86,12.09,1478.44,54.77,1.194,277,130,Low
36,35,311,1.43,44.98,12.17,1468.0,55.3,1.194,276,130,Low
36,36,311,1.54,45.28,12.18,1479.07,55.7,1.194,275,130,Low
36,37,311,1.38,44.46,12.77,1469.67,55.68,1.194,274,130,Low
36,38,311,1.45,44.69,12.45,1468.67,53.73,1.194,273,130,Low
36,39,311,1.72,47.11,12.14,1478.72,54.6,1.194,272,130,Low
36,40,311,1.78,46.08,12.03,1483.47,55.01,1.194,271,130,Low
36,41,311,1.52,44.1,12.19,1474.24,54.78,1.194,270,130,Low
36,42,311,1.55,45.02,12.3,1471.46,53.93,1.194,269,130,Low
36,43,311,1.61,45.59,12.49,1476.77,54.81,1.194,268,130,Low
36,44,311,1.71,46.06,11.76,1483.15,55.41,1.194,267,130,Low
36,45,311,1.4,45.53,11.83,1481.25,53.76,1.194,266,130,Low
36,46,311,1.55,46.33,12.1,1486.4,55.0,1.194,265,130,Low
36,47,311,1.61,45.36,11.61,1473.26,55.46,1.194,264,130,Low
36,48,311,1.55,44.49,12.04,1481.62,55.77,1.194,263,130,Low
36,49,311,1.63,45.08,12.21,1480.61,54.88,1.194,262,130,Low
36,50,311,1.47,44.42,12.33,1478.85,55.5,1.194,261,130,Low
36,51,311,1.55,44.44,11.73,1479.18,55.03,1.194,260,130,Low
36,52,311,1.38,46.8,12.32,1475.39,55.22,1.194,259,130,Low
36,53,311,1.58,46.29,11.97,1471.39,55.53,1.194,258,130,Low
36,54,311,1.61,45.16,12.45,1481.57,55.09,1.194,257,130,Low
36,55,311,1.54,45.14,11.84,1480.92,55.32,1.194,256,130,Low
36,56,311,1.64,45.62,11.91,1476.0,55.96,1.194,255,130,Low
36,57,311,1.59,45.25,12.26,1476.05,55.99,1.194,254,130,Low
36,58,311,1.43,45.34,12.31,1488.24,54.39,1.194,253,130,Low
36,59,311,1.59,45.64,11.77,1482.19,56.24,1.194,252,130,Low
36,60,311,1.77,46.34,12.43,1472.26,55.16,1.194,251,130,Low
36,61,311,1.55,45.23,12.52,1473.68,55.51,1.194,250,130,Low
36,62,311,1.6,46.28,11.92,1477.31,55.53,1.194,249,130,Low
36,63,311,1.65,45.58,11.78,1486.0,54.68,1.194,248,130,Low
36,64,311,1.53,44.22,12.45,1468.91,55.54,1.194,247,130,Low
36,65,311,1.61,46.18,12.57,1486.96,55.61,1.194,246,130,Low
36,66,311,1.63,46.52,12.47,1487.16,55.22,1.194,245,130,Low
36,67,311,1.67,46.39,12.32,1479.67,56.19,1.194,244,130,Low
36,68,311,1.58,45.46,12.16,1473.13,55.02,1.194,243,130,Low
36,69,311,1.6,46.9,11.93,1476.17,55.37,1.194,242,130,Low
36,70,311,1.66,45.52,12.16,1470.54,54.6,1.194,241,130,Low
36,71,311,1.87,46.12,12.22,1477.11,55.31,1.194,240,130,Low
36,72,311,1.57,46.73,11.93,1485.78,55.86,1.194,239,130,Low
36,73,311,1.47,45.11,11.95,1477.92,55.2,1.194,238,130,Low
36,74,311,1.77,46.03,12.4,1479.18,55.13,1.194,237,130,Low
36,75,311,1.68,44.98,12.43,1475.38,55.39,1.194,236,130,Low
36,76,311,1.66,46.44,12.33,1477.5,55.71,1.194,235,130,Low
36,77,311,1.74,45.57,12.22,1471.42,57.73,1.194,234,130,Low
36,78,311,1.86,45.75,12.07,1472.36,56.59,1.194,233,130,Low
36,79,311,1.56,46.27,12.55,1467.58,56.33,1.194,232,130,Low
36,80,311,1.74,45.7,11.93,1487.37,56.01,1.194,231,130,Low
36,81,311,2.02,46.37,12.14,1475.88,55.54,1.194,230,130,Low
36,82,311,1.74,45.94,12.19,1473.9,56.67,1.194,229,130,Low
36,83,311,2.03,45.23,12.58,1469.32,55.25,1.194,228,130,Low
36,84,311,1.76,46.31,12.56,1481.92,56.82,1.194,227,130,Low
36,85,311,1.73,46.38,11.95,1465.49,56.23,1.194,226,130,Low
36,86,311,1.92,47.74,12.61,1473.72,55.95,1.194,225,130,Low
36,87,311,1.8,45.54,12.14,1471.11,55.75,1.194,224,130,Low
36,88,311,2.11,45.9,12.46,1466.57,56.24,1.194,223,130,Low
36,89,311,1.87,46.56,12.46,1477.03,56.07,1.194,222,130,Low
36,90,311,1.81,44.97,12.64,1487.63,54.67,1.194,221,130,Low
36,91,311,1.83,46.71,12.02,1473.61,56.03,1.194,220,130,Low
36,92,311,1.87,48.04,12.44,1478.43,56.96,1.194,219,130,Low
36,93,311,1.79,46.32,12.65,1478.13,57.77,1.194,218,130,Low
36,94,311,1.83,46.63,12.47,1478.96,56.66,1.194,217,130,Low
36,95,311,1.99,47.04,12.81,1486.46,56.35,1.194,216,130,Low
36,96,311,1.93,48.86,11.97,1471.63,56.42,1.194,215,130,Low
36,97,311,1.81,47.0,12.2,1473.12,55.52,1.194,214,130,Low
36,98,311,1.84,47.23,12.52,1476.76,56.41,1.194,213,130,Low
36,99,311,1.94,48.16,11.96,1472.31,56.54,1.194,212,130,Low
36,100,311,2.16,46.02,12.38,1469.89,55.97,1.194,211,130,Low
36,101,311,1.87,47.95,12.06,1463.54,56.62,1.194,210,130,Low
36,102,311,1.91,47.29,12.45,1473.27,55.82,1.194,209,130,Low
36,103,311,2.02,48.4,12.48,1464.55,56.54,1.194,208,130,Low
36,104,311,2.02,46.93,12.46,1471.39,56.7,1.194,207,130,Low
36,105,311,1.9,46.42,12.99,1472.2,57.28,1.194,206,130,Low
36,106,311,2.07,46.2,12.36,1470.85,55.33,1.194,205,130,Low
36,107,311,2.05,48.33,12.55,1478.74,57.51,1.194,204,130,Low
36,108,311,1.92,48.24,12.54,1472.43,56.72,1.194,203,130,Low
36,109,311,2.15,46.2,12.4,1471.88,55.36,1.194,202,130,Low
36,110,311,1.97,47.81,12.92,1475.5,56.19,1.194,201,130,Low
36,111,311,1.91,47.42,12.37,1470.81,57.19,1.194,200,130,Low
36,112,311,2.24,48.89,12.21,1466.31,56.89,1.194,199,130,Low
36,113,311,2.32,48.13,12.38,1469.56,57.41,1.194,198,130,Low
36,114,311,2.14,48.38,12.81,1477.31,56.48,1.194,197,130,Low
36,115,311,2.08,47.12,12.33,1476.43,56.8,1.194,196,130,Low
36,116,311,2.06,47.46,12.73,1477.04,56.43,1.194,195,130,Low
36,117,311,2.15,48.09,12.72,1478.45,57.3,1.194,194,130,Low
36,118,311,2.19,48.56,12.58,1467.39,57.13,1.194,193,130,Low
36,119,311,2.19,47.6,12.71,1460.59,57.56,1.194,192,130,Low
36,120,311,2.18,49.74,12.95,1467.25,57.02,1.194,191,130,Low
36,121,311,2.14,48.39,12.43,1464.24,57.71,1.194,190,130,Low
36,122,311,2.34,48.66,12.44,1473.23,56.58,1.194,189,130,Low
36,123,311,2.2,48.29,13.25,1469.49,56.89,1.194,188,130,Low
36,124,311,2.17,48.54,12.74,1463.3,56.82,1.194,187,130,Low
36,125,311,2.29,48.93,12.66,1466.32,58.19,1.194,186,130,Low
36,126,311,2.28,48.26,13.25,1466.73,57.21,1.194,185,130,Low
36,127,311,2.22,48.21,12.51,1461.86,57.76,1.194,184,130,Low
36,128,311,2.2,47.74,12.81,1460.97,57.12,1.194,183,130,Low
36,129,311,2.51,47.4,12.78,1468.31,58.09,1.194,182,130,Low
36,130,311,2.63,48.89,12.64,1464.02,57.35,1.194,181,130,Low
36,131,311,2.3,48.45,12.83,1468.99,57.24,1.194,180,130,Low
36,132,311,2.28,50.09,13.09,1466.34,56.95,1.194,179,130,Low
36,133,311,2.34,48.85,12.6,1458.26,57.44,1.194,178,130,Low
36,134,311,2.26,49.14,12.39,1462.6,56.81,1.194,177,130,Low
36,135,311,2.75,50.25,12.36,1465.61,58.14,1.194,176,130,Low
36,136,311,2.56,49.39,13.2,1466.79,57.83,1.194,175,130,Low
36,137,311,2.39,49.64,12.13,1460.9,56.95,1.194,174,130,Low
36,138,311,2.78,49.45,12.69,1452.95,56.83,1.194,173,130,Low
36,139,311,2.47,50.34,12.89,1463.53,58.39,1.194,172,130,Low
36,140,311,2.57,48.83,13.08,1475.07,57.07,1.194,171,130,Low
36,141,311,2.36,51.73,13.02,1458.0,58.4,1.194,170,130,Low
36,142,311,2.57,50.18,12.92,1456.07,58.26,1.194,169,130,Low
36,143,311,2.45,49.84,13.2,1458.22,57.99,1.194,168,130,Low
36,144,311,2.68,50.78,12.49,1458.5,57.81,1.194,167,130,Low
36,145,311,2.82,50.48,12.85,1450.77,58.69,1.194,166,130,Low
36,146,311,2.58,50.61,13.43,1475.85,58.53,1.194,165,130,Low
36,147,311,2.62,50.05,12.8,1456.59,58.28,1.194,164,130,Low
36,148,311,2.53,50.37,12.82,1457.43,58.35,1.194,163,130,Low
36,149,311,2.71,49.3,13.26,1447.15,59.09,1.194,162,130,Low
36,150,311,2.76,51.8,12.82,1464.97,58.56,1.194,161,130,Low
36,151,311,2.7,51.04,13.27,1458.34,57.63,1.194,160,130,Low
36,152,311,2.81,50.25,13.26,1459.66,58.84,1.194,159,130,Low
36,153,311,2.64,51.19,13.2,1451.78,58.85,1.194,158,130,Low
36,154,311,2.83,51.58,13.01,1453.67,58.71,1.194,157,130,Low
36,155,311,3.12,51.36,13.18,1457.91,58.68,1.194,156,130,Low
36,156,311,2.76,50.83,13.32,1451.14,58.82,1.194,155,130,Low
36,157,311,3.12,51.55,13.37,1450.46,57.49,1.194,154,130,Low
36,158,311,2.83,51.19,12.92,1454.12,58.75,1.194,153,130,Low
36,159,311,2.99,52.49,13.04,1454.76,59.09,1.194,152,130,Low
36,160,311,2.92,51.4,13.31,1459.04,58.52,1.194,151,130,Low
36,161,311,3.05,52.27,12.88,1443.11,59.63,1.194,150,130,Low
36,162,311,3.12,51.98,13.19,1451.73,59.75,1.194,149,130,Low
36,163,311,3.02,53.76,13.18,1442.86,59.3,1.194,148,130,Low
36,164,311,2.97,52.65,13.41,1452.4,58.77,1.194,147,130,Low
36,165,311,3.0,52.99,13.4,1458.23,59.72,1.194,146,130,Low
36,166,311,3.13,52.85,13.93,1449.82,59.3,1.194,145,130,Low
36,167,311,2.91,52.03,13.29,1449.34,58.58,1.194,144,130,Low
36,168,311,3.4,53.38,13.24,1448.97,59.83,1.194,143,130,Low
36,169,311,3.14,52.51,13.22,1446.44,59.88,1.194,142,130,Low
36,170,311,3.03,53.19,13.13,1447.11,59.0,1.194,141,130,Low
36,171,311,3.13,52.72,13.74,1454.47,60.36,1.194,140,130,Low
36,172,311,3.27,54.4,13.05,1442.71,59.55,1.194,139,130,Low
36,173,311,3.23,53.71,13.24,1445.91,60.12,1.194,138,130,Low
36,174,311,3.36,52.55,13.36,1442.65,60.75,1.194,137,130,Low
36,175,311,3.31,53.82,13.48,1440.73,59.88,1.194,136,130,Low
36,176,311,3.31,55.16,13.42,1441.77,60.09,1.194,135,130,Low
36,177,311,3.28,53.92,13.65,1437.0,59.81,1.194,134,130,Low
36,178,311,3.38,52.94,13.88,1438.75,59.74,1.194,133,130,Low
36,179,311,3.31,54.7,13.62,1449.45,60.54,1.194,132,130,Low
36,180,311,3.45,54.69,13.68,1444.45,61.08,1.194,131,130,Low
36,181,311,3.45,53.36,13.93,1441.17,59.83,1.194,130,130,Low
36,182,311,3.7,54.9,13.54,1443.94,61.38,1.194,129,129,Low
36,183,311,3.44,54.61,13.46,1446.1,60.19,1.194,128,128,Low
36,184,311,3.53,55.02,13.62,1433.28,60.39,1.194,127,127,Low
36,185,311,3.68,54.01,13.45,1445.92,60.49,1.194,126,126,Low
36,186,311,3.74,55.51,13.54,1437.44,60.77,1.194,125,125,Low
36,187,311,3.61,53.55,13.95,1433.1,60.83,1.194,124,124,Low
36,188,311,3.72,55.66,13.97,1439.8,61.56,1.194,123,123,Low
36,189,311,3.54,56.94,13.39,1435.3,61.3,1.194,122,122,Low
36,190,311,3.6,56.69,13.75,1436.91,62.99,1.194,121,121,Low
36,191,311,3.83,54.86,13.7,1439.82,61.05,1.194,120,120,Low
36,192,311,3.86,57.43,14.35,1426.94,60.32,1.194,119,119,Low
36,193,311,3.81,55.33,13.96,1429.45,62.53,1.194,118,118,Low
36,194,311,3.97,56.67,14.17,1446.21,60.3,1.194,117,117,Low
36,195,311,3.7,55.63,13.97,1433.17,62.23,1.194,116,116,Low
36,196,311,3.87,55.72,14.33,1438.97,61.33,1.194,115,115,Low
36,197,311,3.93,56.54,13.82,1428.1,62.68,1.194,114,114,Low
36,198,311,4.03,55.96,14.1,1434.99,60.88,1.194,113,113,Low
36,199,311,4.05,57.51,14.4,1445.04,62.62,1.194,112,112,Low
36,200,311,3.97,57.06,14.03,1435.99,61.71,1.194,111,111,Low
36,201,311,4.36,58.75,14.05,1429.6,61.76,1.194,110,110,Low
36,202,311,4.04,57.39,14.48,1437.75,63.1,1.194,109,109,Low
36,203,311,4.13,57.33,14.6,1431.09,62.55,1.194,108,108,Low
36,204,311,4.01,58.1,14.75,1421.33,61.94,1.194,107,107,Low
36,205,311,4.4,57.73,14.25,1428.11,62.49,1.194,106,106,Low
36,206,311,4.36,56.94,14.29,1416.38,62.71,1.194,105,105,Low
36,207,311,4.23,58.75,14.37,1441.83,62.99,1.194,104,104,Low
36,208,311,4.2,58.29,14.32,1424.49,63.06,1.194,103,103,Low
36,209,311,4.32,58.72,14.16,1415.67,62.29,1.194,102,102,Low
36,210,311,4.24,58.3,14.24,1420.05,62.25,1.194,101,101,Low
36,211,311,4.4,59.22,14.39,1412.78,63.02,1.194,100,100,Low
36,212,311,4.48,59.98,14.71,1417.77,62.93,1.194,99,99,Low
36,213,311,4.46,58.28,14.48,1423.38,62.91,1.194,98,98,Low
36,214,311,4.53,57.87,14.57,1419.56,63.6,1.194,97,97,Low
36,215,311,4.55,59.35,14.33,1417.69,64.76,1.194,96,96,Low
36,216,311,4.35,59.35,14.66,1415.04,64.57,1.194,95,95,Low
36,217,311,4.73,60.89,14.48,1431.04,64.33,1.194,94,94,Low
36,218,311,4.71,59.83,14.39,1430.57,64.3,1.194,93,93,Low
36,219,311,4.81,59.71,14.88,1409.6,63.91,1.194,92,92,Low
36,220,311,4.55,59.89,14.94,1417.67,62.92,1.194,91,91,Low
36,221,311,4.67,61.19,14.73,1416.78,64.15,1.194,90,90,Low
36,222,311,4.78,59.73,14.91,1417.28,64.96,1.194,89,89,Low
36,223,311,4.88,60.72,15.19,1420.5,63.92,1.194,88,88,Low
36,224,311,4.94,62.57,14.52,1412.48,64.25,1.194,87,87,Low
36,225,311,4.92,58.86,14.98,1418.12,65.41,1.194,86,86,Low
36,226,311,4.77,60.87,14.94,1419.01,65.0,1.194,85,85,Low
36,227,311,5.13,60.56,15.33,1409.45,65.65,1.194,84,84,Low
36,228,311,5.24,61.25,14.8,1413.31,64.65,1.194,83,83,Low
36,229,311,5.11,60.78,14.67,1414.74,64.44,1.194,82,82,Low
36,230,311,5.19,62.59,14.92,1419.78,64.6,1.194,81,81,Low
36,231,311,5.23,62.41,15.25,1409.16,65.49,1.194,80,80,Low
36,232,311,5.16,62.96,15.49,1411.64,65.54,1.194,79,79,Low
36,233,311,5.43,61.54,15.12,1417.59,64.91,1.194,78,78,Low
36,234,311,5.26,63.16,15.39,1412.56,65.56,1.194,77,77,Low
36,235,311,5.46,63.54,15.08,1409.62,66.15,1.194,76,76,Low
36,236,311,5.38,64.53,15.41,1416.89,65.6,1.194,75,75,Low
36,237,311,5.37,64.6,15.28,1413.05,65.65,1.194,74,74,Low
36,238,311,5.46,64.04,15.45,1405.96,66.51,1.194,73,73,Low
36,239,311,5.75,64.12,14.79,1409.83,64.67,1.194,72,72,Low
36,240,311,5.46,64.59,15.07,1406.36,65.99,1.194,71,71,Low
36,241,311,5.37,63.26,15.64,1404.71,67.12,1.194,70,70,Low
36,242,311,5.78,63.94,15.38,1394.64,65.82,1.194,69,69,Low
36,243,311,5.48,64.49,15.48,1408.18,66.2,1.194,68,68,Low
36,244,311,5.91,64.36,15.33,1401.51,65.9,1.194,67,67,Low
36,245,311,5.81,66.22,16.29,1398.93,67.82,1.194,66,66,Low
36,246,311,5.88,64.33,15.74,1396.11,67.24,1.194,65,65,Low
36,247,311,5.88,65.84,16.06,1409.17,66.69,1.194,64,64,Low
36,248,311,5.79,64.85,15.74,1404.69,67.26,1.194,63,63,Low
36,249,311,5.94,65.92,15.49,1392.58,67.26,1.194,62,62,Low
36,250,311,6.03,64.82,16.0,1398.72,69.12,1.194,61,61,Low
36,251,311,5.81,65.61,16.17,1405.56,67.84,1.194,60,60,Low
36,252,311,6.29,66.43,16.09,1395.97,66.91,1.194,59,59,Low
36,253,311,6.11,65.67,15.63,1392.41,66.95,1.194,58,58,Low
36,254,311,5.99,67.73,16.26,1391.57,67.22,1.194,57,57,Low
36,255,311,6.09,66.31,16.17,1391.42,66.89,1.194,56,56,Low
36,256,311,6.13,67.32,15.55,1382.44,68.95,1.194,55,55,Low
36,257,311,6.33,67.36,16.24,1384.07,68.6,1.194,54,54,Low
36,258,311,6.42,67.96,16.06,1391.39,68.31,1.194,53,53,Low
36,259,311,6.33,67.11,16.54,1387.27,69.1,1.194,52,52,Low
36,260,311,6.32,67.75,16.43,1388.17,68.3,1.194,51,51,Low
36,261,311,6.23,67.12,16.48,1388.37,68.94,1.194,50,50,Low
36,262,311,6.54,67.68,16.46,1401.92,69.2,1.194,49,49,Low
36,263,311,6.59,66.24,16.14,1386.85,68.75,1.194,48,48,Low
36,264,311,6.71,67.55,15.91,1376.18,70.05,1.194,47,47,Low
36,265,311,6.69,69.76,16.54,1381.52,70.47,1.194,46,46,Low
36,266,311,6.63,69.75,16.28,1389.1,69.0,1.194,45,45,Low
36,267,311,6.85,70.23,16.67,1377.96,69.68,1.194,44,44,Low
36,268,311,6.94,70.04,16.22,1375.7,69.55,1.194,43,43,Low
36,269,311,6.85,68.89,17.08,1392.11,68.97,1.194,42,42,Low
36,270,311,7.02,69.8,16.52,1393.16,69.97,1.194,41,41,Low
36,271,311,6.96,72.31,16.72,1387.13,69.74,1.194,40,40,Medium
36,272,311,6.93,70.39,16.88,1385.64,70.15,1.194,39,39,Medium
36,273,311,7.14,70.26,16.66,1366.83,69.3,1.194,38,38,Medium
36,274,311,7.3,70.57,16.86,1367.68,71.34,1.194,37,37,Medium
36,275,311,7.12,72.01,17.16,1371.65,70.87,1.194,36,36,Medium
36,276,311,7.29,72.02,17.23,1371.92,70.96,1.194,35,35,Medium
36,277,311,7.3,72.66,16.77,1365.06,70.26,1.194,34,34,Medium
36,278,311,7.16,71.36,16.64,1370.5,71.65,1.194,33,33,Medium
36,279,311,7.21,72.43,17.1,1390.98,71.49,1.194,32,32,Medium
36,280,311,7.46,71.82,16.68,1382.69,70.39,1.194,31,31,Medium
36,281,311,7.66,72.92,16.83,1376.82,72.52,1.194,30,30,Medium
36,282,311,7.65,74.96,16.86,1366.6,72.19,1.194,29,29,Medium
36,283,311,7.81,73.22,17.47,1366.52,72.9,1.194,28,28,Medium
36,284,311,7.85,73.28,17.87,1372.44,72.08,1.194,27,27,Medium
36,285,311,7.62,74.39,17.35,1374.11,72.95,1.194,26,26,Medium
36,286,311,7.66,74.76,17.37,1369.37,72.6,1.194,25,25,Medium
36,287,311,8.02,74.14,17.12,1364.77,74.2,1.194,24,24,Medium
36,288,311,7.84,74.37,17.35,1351.49,73.85,1.194,23,23,Medium
36,289,311,8.23,74.08,17.71,1364.87,72.89,1.194,22,22,Medium
36,290,311,8.07,74.56,17.81,1356.87,73.89,1.194,21,21,Medium
36,291,311,7.92,76.05,17.38,1360.67,72.79,1.194,20,20,Medium
36,292,311,7.95,75.22,17.59,1362.29,72.89,1.194,19,19,Medium
36,293,311,8.07,74.67,17.59,1364.8,73.11,1.194,18,18,Medium
36,294,311,8.22,75.31,17.4,1353.86,73.81,1.194,17,17,Medium
36,295,311,8.39,75.68,17.65,1353.57,74.28,1.194,16,16,Medium
36,296,311,8.25,78.98,18.07,1349.57,74.16,1.194,15,15,High
36,297,311,8.5,75.77,17.98,1358.45,74.43,1.194,14,14,High
36,298,311,8.46,76.11,17.96,1348.19,75.04,1.194,13,13,High
36,299,311,8.62,76.9,18.13,1355.52,74.06,1.194,12,12,High
36,300,311,8.54,78.68,17.76,1350.02,74.75,1.194,11,11,High
36,301,311,8.73,77.76,17.49,1340.95,74.61,1.194,10,10,High
36,302,311,8.65,76.77,18.26,1341.96,75.01,1.194,9,9,High
36,303,311,8.66,79.51,18.22,1348.98,74.56,1.194,8,8,High
36,304,311,8.81,79.3,18.13,1343.72,74.83,1.194,7,7,High
36,305,311,8.73,78.9,18.07,1339.32,74.92,1.194,6,6,High
36,306,311,8.88,80.11,18.61,1344.46,74.3,1.194,5,5,High
36,307,311,9.16,79.77,17.95,1343.97,75.56,1.194,4,4,High
36,308,311,9.1,80.19,18.72,1339.29,77.25,1.194,3,3,High
36,309,311,9.18,80.93,18.26,1336.04,76.38,1.194,2,2,High
36,310,311,9.19,80.03,18.66,1344.67,76.4,1.194,1,1,High
36,311,311,9.29,81.49,18.38,1334.69,76.15,1.194,0,0,High
37,1,196,1.42,44.63,11.96,1485.42,55.19,1.148,195,130,Low
37,2,196,1.44,44.63,12.1,1471.6,54.28,1.148,194,130,Low
37,3,196,1.52,43.97,11.98,1476.28,55.28,1.148,193,130,Low
37,4,196,1.48,45.43,11.95,1482.9,55.3,1.148,192,130,Low
37,5,196,1.65,44.58,11.5,1493.47,55.5,1.148,191,130,Low
37,6,196,1.57,45.07,11.78,1481.67,54.02,1.148,190,130,Low
37,7,196,1.43,44.79,12.23,1479.27,55.37,1.148,189,130,Low
37,8,196,1.58,45.2,12.19,1488.6,55.25,1.148,188,130,Low
37,9,196,1.74,44.59,12.15,1486.73,55.45,1.148,187,130,Low
37,10,196,1.48,43.34,12.09,1474.96,55.26,1.148,186,130,Low
37,11,196,1.65,44.96,12.15,1469.26,55.27,1.148,185,130,Low
37,12,196,1.62,43.73,12.19,1477.8,54.9,1.148,184,130,Low
37,13,196,1.57,45.0,11.81,1479.09,55.39,1.148,183,130,Low
37,14,196,1.37,44.37,11.89,1478.62,55.04,1.148,182,130,Low
37,15,196,1.43,45.1,12.28,1491.08,54.33,1.148,181,130,Low
37,16,196,1.55,45.78,12.01,1478.94,55.55,1.148,180,130,Low
37,17,196,1.55,44.0,12.25,1478.81,55.08,1.148,179,130,Low
37,18,196,1.52,43.62,11.92,1486.47,55.52,1.148,178,130,Low
37,19,196,1.64,44.54,11.67,1481.37,55.77,1.148,177,130,Low
37,20,196,1.43,44.7,11.99,1471.14,54.02,1.148,176,130,Low
37,21,196,1.58,45.66,12.19,1473.62,54.86,1.148,175,130,Low
37,22,196,1.59,45.57,11.79,1476.41,54.05,1.148,174,130,Low
37,23,196,1.42,46.41,12.02,1483.97,54.38,1.148,173,130,Low
37,24,196,1.51,45.11,11.98,1482.62,54.94,1.148,172,130,Low
37,25,196,1.66,45.02,11.84,1472.25,55.03,1.148,171,130,Low
37,26,196,1.65,44.45,12.17,1484.93,54.85,1.148,170,130,Low
37,27,196,1.56,45.59,11.5,1480.19,55.57,1.148,169,130,Low
37,28,196,1.58,45.15,12.14,1478.53,55.58,1.148,168,130,Low
37,29,196,1.76,46.15,12.15,1476.88,55.21,1.148,167,130,Low
37,30,196,1.5,45.3,11.78,1482.76,55.96,1.148,166,130,Low
37,31,196,1.71,45.02,12.0,1478.83,54.43,1.148,165,130,Low
37,32,196,1.62,45.12,12.03,1477.47,55.77,1.148,164,130,Low
37,33,196,1.59,45.83,12.33,1474.92,54.96,1.148,163,130,Low
37,34,196,1.62,46.41,12.28,1476.35,55.72,1.148,162,130,Low
37,35,196,1.69,43.88,11.97,1470.72,55.22,1.148,161,130,Low
37,36,196,1.61,45.86,11.97,1470.79,54.99,1.148,160,130,Low
37,37,196,1.59,46.72,12.17,1481.11,55.84,1.148,159,130,Low
37,38,196,1.69,44.43,12.03,1470.2,55.0,1.148,158,130,Low
37,39,196,1.62,45.13,11.79,1477.49,54.93,1.148,157,130,Low
37,40,196,1.51,44.47,12.02,1479.3,55.17,1.148,156,130,Low
37,41,196,1.72,45.31,12.02,1477.84,55.83,1.148,155,130,Low
37,42,196,1.75,44.05,12.15,1481.8,55.33,1.148,154,130,Low
37,43,196,1.61,46.97,12.7,1478.54,54.86,1.148,153,130,Low
37,44,196,1.66,45.62,11.85,1462.82,55.59,1.148,152,130,Low
37,45,196,2.04,46.21,11.94,1475.22,55.8,1.148,151,130,Low
37,46,196,1.65,44.26,12.06,1479.64,54.53,1.148,150,130,Low
37,47,196,1.61,44.94,12.25,1472.01,55.36,1.148,149,130,Low
37,48,196,1.64,45.45,12.48,1481.55,55.44,1.148,148,130,Low
37,49,196,1.97,46.85,12.33,1477.77,55.8,1.148,147,130,Low
37,50,196,1.91,46.64,12.66,1480.92,55.77,1.148,146,130,Low
37,51,196,1.97,46.0,12.28,1471.95,55.78,1.148,145,130,Low
37,52,196,1.79,45.56,12.1,1468.48,54.77,1.148,144,130,Low
37,53,196,1.85,46.22,12.25,1478.77,55.04,1.148,143,130,Low
37,54,196,1.92,47.15,12.54,1477.03,55.48,1.148,142,130,Low
37,55,196,1.9,46.66,12.7,1470.89,55.69,1.148,141,130,Low
37,56,196,1.84,47.21,12.34,1480.35,56.99,1.148,140,130,Low
37,57,196,1.9,46.18,12.16,1476.26,56.13,1.148,139,130,Low
37,58,196,1.79,46.71,12.16,1485.53,55.74,1.148,138,130,Low
37,59,196,1.92,47.4,12.03,1467.87,55.71,1.148,137,130,Low
37,60,196,1.71,47.13,12.22,1475.31,56.63,1.148,136,130,Low
37,61,196,1.82,48.15,12.7,1469.34,56.11,1.148,135,130,Low
37,62,196,1.84,46.04,12.35,1474.37,55.4,1.148,134,130,Low
37,63,196,1.91,45.71,12.36,1475.95,55.8,1.148,133,130,Low
37,64,196,2.04,46.76,12.22,1474.49,57.27,1.148,132,130,Low
37,65,196,1.94,45.85,12.32,1477.45,56.66,1.148,131,130,Low
37,66,196,2.06,46.29,12.6,1464.75,55.78,1.148,130,130,Low
37,67,196,1.94,46.9,12.07,1470.47,56.68,1.148,129,129,Low
37,68,196,1.96,46.45,12.47,1470.24,56.96,1.148,128,128,Low
37,69,196,1.91,46.48,12.35,1469.19,56.3,1.148,127,127,Low
37,70,196,1.93,48.0,12.5,1480.39,56.35,1.148,126,126,Low
37,71,196,2.28,47.9,12.46,1466.68,56.79,1.148,125,125,Low
37,72,196,2.07,47.48,12.82,1464.63,56.59,1.148,124,124,Low
37,73,196,2.28,48.42,12.68,1465.81,56.89,1.148,123,123,Low
37,74,196,2.08,47.16,12.68,1466.14,57.45,1.148,122,122,Low
37,75,196,2.21,48.23,12.9,1455.78,57.45,1.148,121,121,Low
37,76,196,2.18,48.17,12.64,1463.73,56.43,1.148,120,120,Low
37,77,196,2.3,47.85,12.36,1459.84,57.46,1.148,119,119,Low
37,78,196,2.29,47.61,12.65,1467.14,57.41,1.148,118,118,Low
37,79,196,2.3,49.08,12.61,1474.83,56.76,1.148,117,117,Low
37,80,196,2.3,49.04,12.45,1469.5,56.92,1.148,116,116,Low
37,81,196,2.51,50.17,12.65,1476.33,57.28,1.148,115,115,Low
37,82,196,2.17,48.5,12.73,1460.71,58.76,1.148,114,114,Low
37,83,196,2.42,50.27,12.87,1465.9,57.05,1.148,113,113,Low
37,84,196,2.41,49.51,13.09,1458.58,57.3,1.148,112,112,Low
37,85,196,2.42,49.66,12.39,1461.0,57.08,1.148,111,111,Low
37,86,196,2.35,51.33,12.18,1451.52,57.48,1.148,110,110,Low
37,87,196,2.52,50.37,12.95,1456.01,58.56,1.148,109,109,Low
37,88,196,2.53,49.27,13.41,1458.51,57.81,1.148,108,108,Low
37,89,196,2.56,48.98,12.82,1458.15,57.4,1.148,107,107,Low
37,90,196,2.82,50.14,12.72,1458.73,58.47,1.148,106,106,Low
37,91,196,2.73,51.13,12.95,1464.87,58.75,1.148,105,105,Low
37,92,196,2.76,48.81,12.97,1461.9,58.65,1.148,104,104,Low
37,93,196,2.63,49.91,12.63,1452.22,58.41,1.148,103,103,Low
37,94,196,2.67,49.64,12.77,1458.41,58.19,1.148,102,102,Low
37,95,196,2.68,50.94,13.13,1461.39,59.07,1.148,101,101,Low
37,96,196,2.7,50.4,12.76,1454.45,57.77,1.148,100,100,Low
37,97,196,2.97,51.13,12.95,1448.93,58.35,1.148,99,99,Low
37,98,196,2.88,50.82,13.06,1448.87,58.5,1.148,98,98,Low
37,99,196,2.99,50.41,13.23,1450.53,57.25,1.148,97,97,Low
37,100,196,2.74,50.04,13.08,1463.34,58.25,1.148,96,96,Low
37,101,196,2.88,52.39,13.23,1446.82,59.29,1.148,95,95,Low
37,102,196,2.93,52.28,13.32,1445.49,59.4,1.148,94,94,Low
37,103,196,2.9,50.91,13.45,1448.81,59.98,1.148,93,93,Low
37,104,196,3.02,52.89,13.44,1447.69,60.33,1.148,92,92,Low
37,105,196,3.12,52.2,13.67,1441.83,59.31,1.148,91,91,Low
37,106,196,3.03,52.15,12.93,1450.55,59.58,1.148,90,90,Low
37,107,196,3.18,51.96,13.29,1443.81,59.6,1.148,89,89,Low
37,108,196,3.07,54.98,13.48,1451.33,60.38,1.148,88,88,Low
37,109,196,3.0,52.31,13.4,1444.53,59.45,1.148,87,87,Low
37,110,196,3.25,52.95,13.44,1444.14,60.45,1.148,86,86,Low
37,111,196,3.44,54.29,13.44,1432.41,59.92,1.148,85,85,Low
37,112,196,3.49,53.44,13.58,1444.33,60.05,1.148,84,84,Low
37,113,196,3.35,52.81,13.89,1456.39,60.51,1.148,83,83,Low
37,114,196,3.48,54.5,13.54,1436.1,60.17,1.148,82,82,Low
37,115,196,3.34,54.04,13.75,1437.24,60.16,1.148,81,81,Low
37,116,196,3.73,54.72,13.37,1444.5,59.99,1.148,80,80,Low
37,117,196,3.6,53.79,13.94,1442.01,61.17,1.148,79,79,Low
37,118,196,3.59,55.84,13.68,1444.04,59.9,1.148,78,78,Low
37,119,196,3.43,53.53,13.87,1440.39,61.61,1.148,77,77,Low
37,120,196,3.68,55.92,14.03,1448.71,61.02,1.148,76,76,Low
37,121,196,3.72,55.9,13.63,1447.28,61.63,1.148,75,75,Low
37,122,196,3.84,56.35,13.5,1433.35,61.56,1.148,74,74,Low
37,123,196,4.01,56.43,14.21,1431.03,61.25,1.148,73,73,Low
37,124,196,4.03,56.55,14.36,1442.38,61.91,1.148,72,72,Low
37,125,196,4.08,54.81,14.06,1434.16,61.1,1.148,71,71,Low
37,126,196,4.1,56.6,14.18,1428.68,61.43,1.148,70,70,Low
37,127,196,4.08,58.05,14.16,1424.03,60.83,1.148,69,69,Low
37,128,196,3.86,57.0,14.15,1422.98,61.43,1.148,68,68,Low
37,129,196,4.22,57.49,14.22,1431.5,62.22,1.148,67,67,Low
37,130,196,4.42,58.26,14.73,1438.6,62.03,1.148,66,66,Low
37,131,196,4.18,56.09,13.82,1439.04,62.44,1.148,65,65,Low
37,132,196,4.3,57.74,14.13,1424.3,62.33,1.148,64,64,Low
37,133,196,4.41,58.5,14.61,1428.23,62.16,1.148,63,63,Low
37,134,196,4.37,58.51,14.49,1425.29,63.58,1.148,62,62,Low
37,135,196,4.51,60.05,14.31,1421.03,62.08,1.148,61,61,Low
37,136,196,4.34,58.09,14.26,1425.05,63.26,1.148,60,60,Low
37,137,196,4.61,59.04,14.78,1428.03,64.02,1.148,59,59,Low
37,138,196,4.61,58.82,14.63,1407.74,64.23,1.148,58,58,Low
37,139,196,4.66,58.85,14.53,1429.87,63.9,1.148,57,57,Low
37,140,196,4.7,61.39,15.12,1421.97,63.69,1.148,56,56,Low
37,141,196,4.87,59.05,14.73,1420.25,64.14,1.148,55,55,Low
37,142,196,4.76,60.89,15.17,1424.9,64.03,1.148,54,54,Low
37,143,196,4.83,59.78,14.54,1419.72,64.16,1.148,53,53,Low
37,144,196,4.93,60.24,15.13,1415.07,64.24,1.148,52,52,Low
37,145,196,5.04,62.08,14.9,1417.97,64.27,1.148,51,51,Low
37,146,196,5.2,61.66,14.8,1410.29,65.39,1.148,50,50,Low
37,147,196,5.02,61.29,14.91,1416.15,65.47,1.148,49,49,Low
37,148,196,5.42,62.07,15.35,1405.4,64.52,1.148,48,48,Low
37,149,196,5.16,64.71,15.01,1417.76,64.86,1.148,47,47,Low
37,150,196,5.35,63.17,15.23,1416.71,65.59,1.148,46,46,Low
37,151,196,5.35,62.53,15.85,1416.69,65.55,1.148,45,45,Low
37,152,196,5.64,63.9,15.67,1413.77,67.07,1.148,44,44,Low
37,153,196,5.56,62.65,15.34,1412.34,66.21,1.148,43,43,Low
37,154,196,5.68,63.77,15.12,1408.62,66.66,1.148,42,42,Low
37,155,196,5.73,63.88,15.25,1411.9,65.95,1.148,41,41,Low
37,156,196,5.95,63.39,15.74,1403.87,66.26,1.148,40,40,Medium
37,157,196,5.77,65.15,15.41,1392.5,66.9,1.148,39,39,Medium
37,158,196,5.92,63.48,16.24,1394.46,67.2,1.148,38,38,Medium
37,159,196,5.79,65.94,15.15,1405.41,68.11,1.148,37,37,Medium
37,160,196,6.06,64.31,15.92,1397.02,66.94,1.148,36,36,Medium
37,161,196,5.88,66.36,16.12,1399.91,67.29,1.148,35,35,Medium
37,162,196,6.34,66.61,15.71,1409.46,68.63,1.148,34,34,Medium
37,163,196,6.38,67.04,15.95,1390.54,68.49,1.148,33,33,Medium
37,164,196,6.24,66.45,15.76,1400.63,68.06,1.148,32,32,Medium
37,165,196,6.37,68.85,15.96,1395.06,68.22,1.148,31,31,Medium
37,166,196,6.3,67.91,16.19,1394.92,69.23,1.148,30,30,Medium
37,167,196,6.43,68.41,16.14,1390.04,69.36,1.148,29,29,Medium
37,168,196,6.57,66.83,16.31,1393.85,68.76,1.148,28,28,Medium
37,169,196,6.65,69.44,16.22,1391.05,69.33,1.148,27,27,Medium
37,170,196,6.61,69.76,16.23,1394.23,69.54,1.148,26,26,Medium
37,171,196,6.82,70.31,16.71,1381.35,69.51,1.148,25,25,Medium
37,172,196,6.98,69.05,16.52,1382.56,69.14,1.148,24,24,Medium
37,173,196,6.89,69.9,16.83,1376.28,69.57,1.148,23,23,Medium
37,174,196,6.97,71.4,16.57,1374.48,70.72,1.148,22,22,Medium
37,175,196,7.15,71.04,16.64,1369.82,69.73,1.148,21,21,Medium
37,176,196,7.02,71.31,16.77,1387.24,70.66,1.148,20,20,Medium
37,177,196,7.22,72.3,17.19,1380.17,71.05,1.148,19,19,Medium
37,178,196,7.53,71.81,16.82,1382.3,70.54,1.148,18,18,Medium
37,179,196,7.56,72.26,17.23,1372.19,71.03,1.148,17,17,Medium
37,180,196,7.56,72.54,17.28,1362.66,70.78,1.148,16,16,Medium
37,181,196,7.57,73.76,17.16,1364.93,72.64,1.148,15,15,High
37,182,196,7.59,71.97,17.44,1368.34,72.83,1.148,14,14,High
37,183,196,7.92,74.73,17.32,1357.03,72.44,1.148,13,13,High
37,184,196,7.96,73.96,17.73,1359.13,72.53,1.148,12,12,High
37,185,196,7.89,75.27,17.67,1354.64,72.04,1.148,11,11,High
37,186,196,8.03,76.04,17.08,1362.88,72.07,1.148,10,10,High
37,187,196,7.96,75.32,17.13,1358.81,74.58,1.148,9,9,High
37,188,196,8.47,75.94,18.03,1350.18,74.11,1.148,8,8,High
37,189,196,8.45,76.15,17.98,1357.76,73.89,1.148,7,7,High
37,190,196,8.3,77.24,17.79,1354.68,73.47,1.148,6,6,High
37,191,196,8.67,76.43,18.02,1351.83,74.82,1.148,5,5,High
37,192,196,8.49,77.23,18.06,1342.47,75.24,1.148,4,4,High
37,193,196,8.45,78.79,18.1,1343.02,74.78,1.148,3,3,High
37,194,196,8.89,77.9,18.5,1358.01,74.98,1.148,2,2,High
37,195,196,8.75,78.78,17.97,1341.96,76.29,1.148,1,1,High
37,196,196,9.13,80.17,18.42,1337.89,75.95,1.148,0,0,High
38,1,204,1.39,44.03,11.88,1477.6,54.74,0.915,203,130,Low
38,2,204,1.49,44.81,11.52,1492.41,54.88,0.915,202,130,Low
38,3,204,1.58,45.65,12.13,1482.84,54.81,0.915,201,130,Low
38,4,204,1.57,44.88,11.68,1486.43,54.7,0.915,200,130,Low
38,5,204,1.38,45.12,11.94,1491.0,55.74,0.915,199,130,Low
38,6,204,1.59,44.71,12.27,1475.8,54.64,0.915,198,130,Low
38,7,204,1.52,45.47,11.75,1479.9,54.55,0.915,197,130,Low
38,8,204,1.59,44.78,11.89,1476.33,55.31,0.915,196,130,Low
38,9,204,1.67,44.52,11.73,1485.84,54.6,0.915,195,130,Low
38,10,204,1.58,44.82,12.32,1480.07,54.23,0.915,194,130,Low
38,11,204,1.53,44.45,12.22,1492.16,54.68,0.915,193,130,Low
38,12,204,1.55,45.77,11.63,1479.42,54.6,0.915,192,130,Low
38,13,204,1.44,45.29,11.57,1479.89,54.61,0.915,191,130,Low
38,14,204,1.59,44.97,12.01,1479.99,54.32,0.915,190,130,Low
38,15,204,1.5,45.03,12.46,1487.76,56.2,0.915,189,130,Low
38,16,204,1.4,44.1,11.79,1475.4,54.6,0.915,188,130,Low
38,17,204,1.29,43.02,12.09,1480.61,55.43,0.915,187,130,Low
38,18,204,1.47,45.32,11.9,1483.51,55.72,0.915,186,130,Low
38,19,204,1.26,45.41,12.21,1479.37,54.27,0.915,185,130,Low
38,20,204,1.44,44.68,11.73,1487.06,55.06,0.915,184,130,Low
38,21,204,1.49,45.64,11.8,1491.08,54.38,0.915,183,130,Low
38,22,204,1.45,45.7,12.1,1480.04,54.83,0.915,182,130,Low
38,23,204,1.59,45.5,12.07,1488.57,54.97,0.915,181,130,Low
38,24,204,1.57,46.32,12.39,1477.02,55.05,0.915,180,130,Low
38,25,204,1.27,44.61,11.87,1474.59,55.03,0.915,179,130,Low
38,26,204,1.34,45.57,11.89,1485.63,55.36,0.915,178,130,Low
38,27,204,1.33,46.06,12.07,1480.04,55.39,0.915,177,130,Low
38,28,204,1.62,44.92,12.13,1484.24,55.41,0.915,176,130,Low
38,29,204,1.73,45.95,12.13,1481.91,54.94,0.915,175,130,Low
38,30,204,1.67,44.26,12.16,1468.32,54.45,0.915,174,130,Low
38,31,204,1.62,45.79,12.51,1484.28,54.88,0.915,173,130,Low
38,32,204,1.52,45.35,12.05,1488.89,54.35,0.915,172,130,Low
38,33,204,1.38,44.07,12.05,1473.56,54.33,0.915,171,130,Low
38,34,204,1.61,44.8,11.58,1478.91,55.3,0.915,170,130,Low
38,35,204,1.61,45.86,12.32,1487.27,54.85,0.915,169,130,Low
38,36,204,1.39,43.49,12.33,1481.62,55.95,0.915,168,130,Low
38,37,204,1.72,45.28,12.74,1471.65,54.92,0.915,167,130,Low
38,38,204,1.47,46.76,12.87,1484.23,55.7,0.915,166,130,Low
38,39,204,1.64,45.21,11.92,1474.14,55.52,0.915,165,130,Low
38,40,204,1.61,44.66,11.96,1472.96,56.23,0.915,164,130,Low
38,41,204,1.69,46.02,12.06,1480.45,55.86,0.915,163,130,Low
38,42,204,1.58,45.07,12.09,1480.86,55.49,0.915,162,130,Low
38,43,204,1.66,44.43,11.6,1477.6,55.6,0.915,161,130,Low
38,44,204,1.48,46.52,12.34,1478.16,55.73,0.915,160,130,Low
38,45,204,1.72,45.76,12.49,1476.59,55.2,0.915,159,130,Low
38,46,204,1.66,45.81,12.13,1472.02,53.54,0.915,158,130,Low
38,47,204,1.71,45.96,12.0,1477.61,55.31,0.915,157,130,Low
38,48,204,1.63,45.81,12.37,1476.53,54.85,0.915,156,130,Low
38,49,204,1.76,45.09,12.25,1478.91,56.68,0.915,155,130,Low
38,50,204,1.83,44.91,12.0,1473.72,55.61,0.915,154,130,Low
38,51,204,1.7,47.19,11.89,1474.41,55.64,0.915,153,130,Low
38,52,204,1.71,45.94,12.57,1480.24,55.52,0.915,152,130,Low
38,53,204,1.95,46.14,11.94,1472.57,56.51,0.915,151,130,Low
38,54,204,1.76,45.84,11.84,1485.27,55.82,0.915,150,130,Low
38,55,204,1.65,44.47,12.4,1468.05,54.96,0.915,149,130,Low
38,56,204,1.96,45.71,12.01,1472.19,55.3,0.915,148,130,Low
38,57,204,1.87,45.84,11.8,1471.1,56.66,0.915,147,130,Low
38,58,204,1.75,45.69,12.39,1470.75,55.75,0.915,146,130,Low
38,59,204,1.61,46.05,12.07,1480.09,54.62,0.915,145,130,Low
38,60,204,1.68,46.33,12.27,1478.46,55.71,0.915,144,130,Low
38,61,204,1.85,47.84,12.2,1476.2,55.93,0.915,143,130,Low
38,62,204,2.03,46.36,12.43,1483.24,57.24,0.915,142,130,Low
38,63,204,1.77,45.82,12.38,1474.39,56.11,0.915,141,130,Low
38,64,204,1.74,44.67,12.48,1471.42,55.12,0.915,140,130,Low
38,65,204,2.05,45.7,12.7,1476.8,55.94,0.915,139,130,Low
38,66,204,1.8,47.24,12.51,1477.07,55.6,0.915,138,130,Low
38,67,204,1.7,46.25,12.33,1474.22,56.09,0.915,137,130,Low
38,68,204,1.92,48.02,12.58,1472.57,54.74,0.915,136,130,Low
38,69,204,1.79,47.23,12.5,1479.49,56.56,0.915,135,130,Low
38,70,204,1.82,46.63,12.11,1471.68,56.07,0.915,134,130,Low
38,71,204,1.77,47.08,12.33,1469.99,55.38,0.915,133,130,Low
38,72,204,1.87,47.02,12.23,1470.44,56.48,0.915,132,130,Low
38,73,204,2.02,46.51,12.43,1466.99,56.26,0.915,131,130,Low
38,74,204,1.98,45.81,12.38,1468.49,56.18,0.915,130,130,Low
38,75,204,1.86,46.6,12.62,1462.86,56.31,0.915,129,129,Low
38,76,204,1.95,48.57,12.4,1476.58,56.59,0.915,128,128,Low
38,77,204,2.11,48.02,12.7,1472.03,56.74,0.915,127,127,Low
38,78,204,1.97,47.46,12.66,1470.86,56.54,0.915,126,126,Low
38,79,204,2.2,46.11,12.18,1472.81,56.32,0.915,125,125,Low
38,80,204,2.12,48.09,12.68,1470.06,57.13,0.915,124,124,Low
38,81,204,2.07,47.4,12.42,1468.64,57.33,0.915,123,123,Low
38,82,204,2.05,49.38,12.72,1474.82,57.57,0.915,122,122,Low
38,83,204,2.21,48.58,12.29,1463.49,56.33,0.915,121,121,Low
38,84,204,2.23,47.63,12.72,1473.31,56.89,0.915,120,120,Low
38,85,204,2.29,48.95,12.55,1473.04,56.63,0.915,119,119,Low
38,86,204,2.23,47.34,12.64,1463.7,56.76,0.915,118,118,Low
38,87,204,2.15,48.81,12.92,1458.41,57.96,0.915,117,117,Low
38,88,204,2.29,47.99,12.41,1463.34,57.18,0.915,116,116,Low
38,89,204,2.22,47.94,12.56,1461.02,57.15,0.915,115,115,Low
38,90,204,2.22,48.74,12.63,1463.7,57.29,0.915,114,114,Low
38,91,204,2.46,49.9,12.48,1468.95,56.73,0.915,113,113,Low
38,92,204,2.23,48.08,13.05,1457.91,57.03,0.915,112,112,Low
38,93,204,2.23,49.14,12.61,1461.41,58.5,0.915,111,111,Low
38,94,204,2.23,49.69,12.56,1465.95,56.41,0.915,110,110,Low
38,95,204,2.56,48.51,12.78,1475.49,56.89,0.915,109,109,Low
38,96,204,2.38,49.59,12.61,1455.62,56.84,0.915,108,108,Low
38,97,204,2.49,49.32,12.68,1468.41,56.89,0.915,107,107,Low
38,98,204,2.36,51.6,12.93,1449.66,58.05,0.915,106,106,Low
38,99,204,2.37,49.26,12.59,1454.47,57.76,0.915,105,105,Low
38,100,204,2.42,50.33,12.21,1462.72,57.95,0.915,104,104,Low
38,101,204,2.81,50.18,12.5,1478.38,57.69,0.915,103,103,Low
38,102,204,2.44,50.73,13.0,1465.24,57.81,0.915,102,102,Low
38,103,204,2.65,49.79,12.72,1460.77,57.66,0.915,101,101,Low
38,104,204,2.34,50.3,12.85,1465.82,58.01,0.915,100,100,Low
38,105,204,2.55,50.04,12.4,1458.06,57.22,0.915,99,99,Low
38,106,204,2.52,49.38,13.21,1478.21,56.25,0.915,98,98,Low
38,107,204,2.69,50.41,12.87,1454.8,59.67,0.915,97,97,Low
38,108,204,2.71,50.16,12.86,1456.24,58.44,0.915,96,96,Low
38,109,204,2.94,50.63,12.78,1462.29,58.9,0.915,95,95,Low
38,110,204,2.7,51.9,12.99,1462.18,58.16,0.915,94,94,Low
38,111,204,2.63,50.83,12.89,1446.05,57.75,0.915,93,93,Low
38,112,204,2.85,51.59,12.96,1457.0,59.0,0.915,92,92,Low
38,113,204,2.68,52.37,13.43,1449.48,58.34,0.915,91,91,Low
38,114,204,2.6,51.75,13.38,1446.67,59.03,0.915,90,90,Low
38,115,204,3.15,51.15,12.8,1444.28,58.15,0.915,89,89,Low
38,116,204,3.03,52.18,12.68,1447.17,60.01,0.915,88,88,Low
38,117,204,3.08,50.05,13.38,1462.78,59.0,0.915,87,87,Low
38,118,204,2.9,52.01,13.31,1451.38,57.69,0.915,86,86,Low
38,119,204,2.93,51.55,13.67,1446.16,58.82,0.915,85,85,Low
38,120,204,2.9,52.78,13.19,1453.12,58.75,0.915,84,84,Low
38,121,204,3.2,52.26,13.54,1444.6,59.75,0.915,83,83,Low
38,122,204,3.29,52.04,13.63,1443.8,59.92,0.915,82,82,Low
38,123,204,3.07,51.65,13.42,1454.26,60.24,0.915,81,81,Low
38,124,204,3.22,53.59,13.39,1460.73,59.54,0.915,80,80,Low
38,125,204,3.32,52.3,13.15,1447.46,60.03,0.915,79,79,Low
38,126,204,3.41,52.31,13.9,1444.37,59.75,0.915,78,78,Low
38,127,204,3.63,52.97,13.47,1435.15,59.7,0.915,77,77,Low
38,128,204,3.22,54.32,13.21,1446.37,59.92,0.915,76,76,Low
38,129,204,3.37,53.11,13.46,1446.14,60.32,0.915,75,75,Low
38,130,204,3.29,53.97,13.64,1445.4,59.81,0.915,74,74,Low
38,131,204,3.46,54.0,13.46,1448.24,59.54,0.915,73,73,Low
38,132,204,3.36,54.25,14.23,1449.18,60.38,0.915,72,72,Low
38,133,204,3.5,55.24,14.08,1432.96,60.08,0.915,71,71,Low
38,134,204,3.61,53.81,13.22,1441.24,60.98,0.915,70,70,Low
38,135,204,3.59,56.13,13.87,1433.4,61.03,0.915,69,69,Low
38,136,204,3.55,54.7,13.84,1442.29,60.77,0.915,68,68,Low
38,137,204,3.73,56.17,13.59,1434.2,62.12,0.915,67,67,Low
38,138,204,3.77,56.48,13.86,1424.63,61.65,0.915,66,66,Low
38,139,204,3.88,56.33,13.69,1442.97,61.27,0.915,65,65,Low
38,140,204,3.93,55.39,13.69,1434.44,59.77,0.915,64,64,Low
38,141,204,3.94,54.36,14.3,1431.2,62.88,0.915,63,63,Low
38,142,204,3.98,55.64,14.34,1425.01,61.22,0.915,62,62,Low
38,143,204,4.01,56.05,14.35,1423.21,62.87,0.915,61,61,Low
38,144,204,4.18,55.55,14.05,1439.75,61.07,0.915,60,60,Low
38,145,204,3.98,57.05,14.06,1436.09,62.46,0.915,59,59,Low
38,146,204,4.11,56.06,14.48,1428.96,61.92,0.915,58,58,Low
38,147,204,4.26,56.75,14.14,1429.28,62.9,0.915,57,57,Low
38,148,204,4.12,58.56,14.74,1421.74,61.86,0.915,56,56,Low
38,149,204,4.17,58.28,14.57,1429.77,61.71,0.915,55,55,Low
38,150,204,4.2,56.62,14.3,1430.65,62.61,0.915,54,54,Low
38,151,204,4.2,58.67,14.28,1428.22,64.77,0.915,53,53,Low
38,152,204,4.32,58.26,14.44,1427.12,62.67,0.915,52,52,Low
38,153,204,4.48,57.41,14.89,1437.02,62.31,0.915,51,51,Low
38,154,204,4.51,56.93,14.28,1423.83,63.19,0.915,50,50,Low
38,155,204,4.58,58.96,14.61,1431.93,62.54,0.915,49,49,Low
38,156,204,4.58,61.16,14.46,1424.48,63.69,0.915,48,48,Low
38,157,204,4.52,60.25,14.57,1421.61,63.44,0.915,47,47,Low
38,158,204,4.78,59.77,14.71,1415.6,63.89,0.915,46,46,Low
38,159,204,4.62,61.0,14.69,1423.41,64.32,0.915,45,45,Low
38,160,204,4.92,60.93,14.99,1410.68,64.39,0.915,44,44,Low
38,161,204,4.66,60.68,15.7,1425.81,63.93,0.915,43,43,Low
38,162,204,4.9,61.24,15.08,1417.98,64.09,0.915,42,42,Low
38,163,204,4.79,61.4,14.71,1416.58,63.09,0.915,41,41,Low
38,164,204,4.93,60.27,15.31,1417.32,64.05,0.915,40,40,Medium
38,165,204,5.0,61.48,14.95,1415.14,63.8,0.915,39,39,Medium
38,166,204,4.95,62.66,15.19,1419.71,64.63,0.915,38,38,Medium
38,167,204,5.34,61.68,14.9,1407.56,64.24,0.915,37,37,Medium
38,168,204,5.21,62.12,15.24,1417.63,65.85,0.915,36,36,Medium
38,169,204,5.15,62.87,14.54,1420.18,66.39,0.915,35,35,Medium
38,170,204,5.38,62.01,15.58,1412.04,64.78,0.915,34,34,Medium
38,171,204,5.25,61.71,15.52,1418.27,65.14,0.915,33,33,Medium
38,172,204,5.5,63.91,15.02,1401.24,65.31,0.915,32,32,Medium
38,173,204,5.47,65.28,15.53,1411.03,65.78,0.915,31,31,Medium
38,174,204,5.42,63.96,15.41,1407.2,65.42,0.915,30,30,Medium
38,175,204,5.64,63.99,15.82,1397.01,66.17,0.915,29,29,Medium
38,176,204,5.68,63.58,16.07,1401.01,66.08,0.915,28,28,Medium
38,177,204,5.57,64.78,15.97,1400.36,66.98,0.915,27,27,Medium
38,178,204,5.86,65.15,15.95,1401.48,66.09,0.915,26,26,Medium
38,179,204,5.88,64.43,16.22,1405.77,67.29,0.915,25,25,Medium
38,180,204,5.76,65.18,15.56,1402.44,67.84,0.915,24,24,Medium
38,181,204,5.97,67.49,15.93,1394.43,67.44,0.915,23,23,Medium
38,182,204,6.13,64.65,15.45,1405.36,67.1,0.915,22,22,Medium
38,183,204,6.05,66.15,15.82,1404.41,66.13,0.915,21,21,Medium
38,184,204,6.18,65.7,15.85,1398.16,68.86,0.915,20,20,Medium
38,185,204,6.33,66.19,15.61,1397.55,67.1,0.915,19,19,Medium
38,186,204,6.21,67.38,15.61,1385.98,68.39,0.915,18,18,Medium
38,187,204,6.27,66.9,16.12,1400.04,67.97,0.915,17,17,Medium
38,188,204,6.53,67.05,16.3,1385.76,69.01,0.915,16,16,Medium
38,189,204,6.5,67.51,15.85,1393.09,67.83,0.915,15,15,High
38,190,204,6.37,67.57,16.14,1386.23,68.56,0.915,14,14,High
38,191,204,6.67,68.8,16.13,1387.12,67.83,0.915,13,13,High
38,192,204,6.53,69.04,16.31,1393.56,69.89,0.915,12,12,High
38,193,204,6.55,70.44,16.57,1386.79,69.85,0.915,11,11,High
38,194,204,7.01,69.41,16.7,1380.85,69.85,0.915,10,10,High
38,195,204,6.68,70.37,16.43,1389.41,71.32,0.915,9,9,High
38,196,204,7.02,69.95,16.48,1371.42,70.1,0.915,8,8,High
38,197,204,6.78,70.14,16.38,1387.79,70.59,0.915,7,7,High
38,198,204,7.07,70.04,16.6,1391.46,70.82,0.915,6,6,High
38,199,204,7.07,71.26,17.07,1376.25,71.24,0.915,5,5,High
38,200,204,7.08,70.61,16.84,1377.96,70.74,0.915,4,4,High
38,201,204,7.1,70.85,16.84,1381.09,70.42,0.915,3,3,High
38,202,204,7.42,71.11,17.15,1372.71,71.1,0.915,2,2,High
38,203,204,7.25,71.61,16.77,1369.26,70.7,0.915,1,1,High
38,204,204,7.37,73.34,17.08,1355.29,71.17,0.915,0,0,High
39,1,320,1.36,44.18,11.97,1468.51,56.09,0.905,319,130,Low
39,2,320,1.54,44.65,11.95,1472.24,55.32,0.905,318,130,Low
39,3,320,1.33,44.31,12.5,1476.82,55.14,0.905,317,130,Low
39,4,320,1.25,44.74,11.65,1475.54,54.72,0.905,316,130,Low
39,5,320,1.34,44.26,12.11,1477.28,54.1,0.905,315,130,Low
39,6,320,1.49,44.6,11.92,1479.75,54.95,0.905,314,130,Low
39,7,320,1.57,45.68,12.35,1473.95,54.94,0.905,313,130,Low
39,8,320,1.67,44.68,11.79,1490.69,53.42,0.905,312,130,Low
39,9,320,1.35,45.03,12.33,1483.07,54.36,0.905,311,130,Low
39,10,320,1.33,44.46,11.87,1485.36,55.41,0.905,310,130,Low
39,11,320,1.46,46.45,11.78,1477.65,55.53,0.905,309,130,Low
39,12,320,1.28,45.31,11.66,1476.29,55.03,0.905,308,130,Low
39,13,320,1.4,44.83,12.04,1479.96,55.28,0.905,307,130,Low
39,14,320,1.49,44.46,12.01,1477.7,55.27,0.905,306,130,Low
39,15,320,1.38,44.85,12.45,1484.95,55.14,0.905,305,130,Low
39,16,320,1.5,45.98,11.88,1469.05,55.74,0.905,304,130,Low
39,17,320,1.37,44.77,11.9,1482.87,55.57,0.905,303,130,Low
39,18,320,1.29,44.76,12.1,1484.74,56.0,0.905,302,130,Low
39,19,320,1.66,44.79,12.33,1480.28,55.97,0.905,301,130,Low
39,20,320,1.54,46.41,11.92,1479.79,53.83,0.905,300,130,Low
39,21,320,1.61,44.44,12.5,1486.85,54.97,0.905,299,130,Low
39,22,320,1.47,45.71,12.02,1476.78,54.66,0.905,298,130,Low
39,23,320,1.6,45.47,12.12,1485.81,56.05,0.905,297,130,Low
39,24,320,1.38,46.31,12.06,1477.04,54.07,0.905,296,130,Low
39,25,320,1.57,44.58,11.77,1475.66,55.24,0.905,295,130,Low
39,26,320,1.42,44.4,11.88,1474.55,54.9,0.905,294,130,Low
39,27,320,1.57,44.96,12.47,1478.29,54.66,0.905,293,130,Low
39,28,320,1.64,44.64,12.05,1471.11,54.66,0.905,292,130,Low
39,29,320,1.65,45.3,12.2,1478.67,54.3,0.905,291,130,Low
39,30,320,1.37,44.97,12.07,1476.6,54.25,0.905,290,130,Low
39,31,320,1.63,44.95,12.29,1478.24,53.98,0.905,289,130,Low
39,32,320,1.26,46.09,11.89,1491.6,55.0,0.905,288,130,Low
39,33,320,1.44,45.02,11.89,1480.47,54.74,0.905,287,130,Low
39,34,320,1.72,45.5,12.25,1476.02,54.54,0.905,286,130,Low
39,35,320,1.5,44.72,11.85,1477.16,55.47,0.905,285,130,Low
39,36,320,1.37,45.91,11.71,1468.67,54.54,0.905,284,130,Low
39,37,320,1.83,45.44,11.47,1474.67,54.85,0.905,283,130,Low
39,38,320,1.55,45.72,12.32,1486.12,54.34,0.905,282,130,Low
39,39,320,1.38,46.84,12.15,1478.57,55.32,0.905,281,130,Low
39,40,320,1.58,45.95,12.05,1479.03,54.67,0.905,280,130,Low
39,41,320,1.75,45.17,12.25,1488.23,55.08,0.905,279,130,Low
39,42,320,1.57,45.7,11.76,1481.46,55.45,0.905,278,130,Low
39,43,320,1.54,45.76,12.4,1480.36,53.86,0.905,277,130,Low
39,44,320,1.63,45.13,12.19,1477.56,55.89,0.905,276,130,Low
39,45,320,1.69,45.55,12.35,1466.76,54.76,0.905,275,130,Low
39,46,320,1.43,44.52,12.16,1479.72,55.89,0.905,274,130,Low
39,47,320,1.78,45.31,12.21,1481.61,54.77,0.905,273,130,Low
39,48,320,1.56,45.84,12.2,1480.56,54.72,0.905,272,130,Low
39,49,320,1.6,45.68,12.21,1469.24,55.96,0.905,271,130,Low
39,50,320,1.71,44.73,12.29,1475.97,54.74,0.905,270,130,Low
39,51,320,1.54,44.81,12.19,1491.81,55.33,0.905,269,130,Low
39,52,320,1.52,44.54,11.72,1486.86,55.86,0.905,268,130,Low
39,53,320,1.55,46.09,12.39,1468.99,54.68,0.905,267,130,Low
39,54,320,1.43,45.34,11.94,1475.62,56.19,0.905,266,130,Low
39,55,320,1.65,45.03,11.85,1480.38,55.15,0.905,265,130,Low
39,56,320,1.6,45.59,12.27,1478.25,55.4,0.905,264,130,Low
39,57,320,1.64,44.89,11.99,1479.7,54.66,0.905,263,130,Low
39,58,320,1.52,46.11,11.84,1480.67,54.32,0.905,262,130,Low
39,59,320,1.47,46.97,12.33,1480.94,55.55,0.905,261,130,Low
39,60,320,1.58,45.02,12.19,1481.11,54.16,0.905,260,130,Low
39,61,320,1.87,45.61,12.04,1486.88,54.36,0.905,259,130,Low
39,62,320,1.37,44.79,12.23,1478.63,56.43,0.905,258,130,Low
39,63,320,1.7,46.05,11.93,1487.72,54.96,0.905,257,130,Low
39,64,320,1.53,45.78,12.24,1476.71,55.37,0.905,256,130,Low
39,65,320,1.51,45.15,11.63,1475.66,56.13,0.905,255,130,Low
39,66,320,1.57,45.78,12.52,1482.56,54.23,0.905,254,130,Low
39,67,320,1.54,46.01,12.27,1472.51,55.33,0.905,253,130,Low
39,68,320,1.71,46.53,12.01,1474.36,55.79,0.905,252,130,Low
39,69,320,1.63,47.24,12.45,1483.4,55.33,0.905,251,130,Low
39,70,320,1.47,45.96,11.98,1467.92,54.63,0.905,250,130,Low
39,71,320,1.54,46.57,12.18,1475.59,55.99,0.905,249,130,Low
39,72,320,1.48,45.55,12.29,1482.64,55.04,0.905,248,130,Low
39,73,320,1.74,46.48,12.08,1478.14,55.69,0.905,247,130,Low
39,74,320,1.78,45.95,12.31,1477.99,55.59,0.905,246,130,Low
39,75,320,1.77,46.9,11.94,1461.02,55.81,0.905,245,130,Low
39,76,320,1.66,45.53,11.96,1475.64,54.94,0.905,244,130,Low
39,77,320,1.58,45.47,11.96,1475.84,56.0,0.905,243,130,Low
39,78,320,1.7,46.88,12.14,1470.9,54.48,0.905,242,130,Low
39,79,320,1.63,46.1,12.17,1465.55,54.96,0.905,241,130,Low
39,80,320,1.86,44.4,12.14,1479.67,55.85,0.905,240,130,Low
39,81,320,1.85,45.33,11.98,1479.66,55.27,0.905,239,130,Low
39,82,320,1.74,46.23,12.34,1466.15,54.19,0.905,238,130,Low
39,83,320,1.9,45.82,12.26,1475.74,56.32,0.905,237,130,Low
39,84,320,1.68,45.96,11.61,1474.39,55.24,0.905,236,130,Low
39,85,320,1.67,44.59,12.15,1481.89,55.55,0.905,235,130,Low
39,86,320,1.83,45.3,12.06,1477.82,55.41,0.905,234,130,Low
39,87,320,1.56,44.24,12.14,1476.45,54.95,0.905,233,130,Low
39,88,320,1.65,46.19,11.85,1481.04,55.68,0.905,232,130,Low
39,89,320,1.78,46.07,12.15,1477.32,54.98,0.905,231,130,Low
39,90,320,1.75,46.61,12.44,1472.68,55.73,0.905,230,130,Low
39,91,320,1.63,46.24,11.89,1480.76,56.61,0.905,229,130,Low
39,92,320,1.68,46.06,12.05,1480.77,55.76,0.905,228,130,Low
39,93,320,1.78,47.94,12.21,1476.6,56.41,0.905,227,130,Low
39,94,320,1.61,46.43,11.77,1479.57,56.54,0.905,226,130,Low
39,95,320,1.66,46.17,12.17,1470.62,56.48,0.905,225,130,Low
39,96,320,1.74,45.91,12.24,1479.6,55.75,0.905,224,130,Low
39,97,320,1.93,46.38,12.4,1479.45,56.13,0.905,223,130,Low
39,98,320,1.81,45.01,12.05,1478.52,55.46,0.905,222,130,Low
39,99,320,1.78,46.72,12.21,1466.98,55.73,0.905,221,130,Low
39,100,320,1.64,46.41,12.44,1476.22,56.14,0.905,220,130,Low
39,101,320,1.78,46.33,12.3,1475.15,56.11,0.905,219,130,Low
39,102,320,1.92,46.5,12.3,1491.43,55.82,0.905,218,130,Low
39,103,320,1.8,45.75,11.98,1478.04,55.94,0.905,217,130,Low
39,104,320,1.93,44.35,12.7,1470.19,55.24,0.905,216,130,Low
39,105,320,1.88,45.87,12.07,1473.54,56.92,0.905,215,130,Low
39,106,320,1.8,46.42,12.54,1474.51,54.95,0.905,214,130,Low
39,107,320,1.87,47.41,12.41,1474.37,56.28,0.905,213,130,Low
39,108,320,2.02,46.21,12.26,1482.3,56.73,0.905,212,130,Low
39,109,320,2.16,46.29,12.02,1474.86,56.38,0.905,211,130,Low
39,110,320,1.96,47.3,12.05,1468.92,56.69,0.905,210,130,Low
39,111,320,2.02,47.21,12.09,1476.17,56.66,0.905,209,130,Low
39,112,320,1.88,45.1,12.46,1471.76,56.52,0.905,208,130,Low
39,113,320,2.04,46.45,12.01,1474.6,56.17,0.905,207,130,Low
39,114,320,1.94,46.22,12.06,1472.96,54.72,0.905,206,130,Low
39,115,320,1.89,46.98,12.81,1471.33,56.53,0.905,205,130,Low
39,116,320,1.99,47.01,12.3,1472.35,56.43,0.905,204,130,Low
39,117,320,2.0,47.98,12.87,1480.52,56.57,0.905,203,130,Low
39,118,320,2.14,46.7,12.94,1464.18,55.14,0.905,202,130,Low
39,119,320,2.16,47.96,12.54,1463.61,56.64,0.905,201,130,Low
39,120,320,2.02,47.5,12.55,1471.79,56.93,0.905,200,130,Low
39,121,320,2.0,47.91,13.01,1483.43,56.53,0.905,199,130,Low
39,122,320,2.2,46.66,12.7,1472.19,57.11,0.905,198,130,Low
39,123,320,2.04,48.11,12.27,1473.5,56.69,0.905,197,130,Low
39,124,320,2.01,48.36,12.24,1471.83,55.77,0.905,196,130,Low
39,125,320,2.05,47.1,12.19,1466.76,55.85,0.905,195,130,Low
39,126,320,2.29,47.82,12.23,1473.37,56.54,0.905,194,130,Low
39,127,320,2.04,49.17,12.14,1476.37,57.3,0.905,193,130,Low
39,128,320,2.05,47.1,12.36,1468.48,56.45,0.905,192,130,Low
39,129,320,1.87,47.25,12.07,1467.3,56.61,0.905,191,130,Low
39,130,320,2.1,47.64,12.67,1469.19,56.73,0.905,190,130,Low
39,131,320,2.25,47.04,12.42,1465.48,55.96,0.905,189,130,Low
39,132,320,2.14,45.84,12.89,1467.23,56.62,0.905,188,130,Low
39,133,320,2.19,47.88,12.52,1463.28,57.41,0.905,187,130,Low
39,134,320,2.2,48.23,12.64,1479.33,55.92,0.905,186,130,Low
39,135,320,2.24,48.33,12.56,1474.02,57.49,0.905,185,130,Low
39,136,320,2.15,48.6,12.71,1469.03,58.02,0.905,184,130,Low
39,137,320,2.2,49.33,12.38,1468.99,55.59,0.905,183,130,Low
39,138,320,2.26,48.42,12.67,1461.85,57.0,0.905,182,130,Low
39,139,320,2.37,49.89,13.07,1478.32,57.23,0.905,181,130,Low
39,140,320,2.3,48.92,12.71,1467.26,57.62,0.905,180,130,Low
39,141,320,2.32,48.61,12.67,1473.48,56.68,0.905,179,130,Low
39,142,320,2.29,49.37,12.46,1474.9,57.63,0.905,178,130,Low
39,143,320,2.39,49.22,12.63,1459.95,56.59,0.905,177,130,Low
39,144,320,2.27,48.8,12.54,1473.37,58.04,0.905,176,130,Low
39,145,320,2.45,48.78,12.47,1452.18,56.74,0.905,175,130,Low
39,146,320,2.31,49.26,13.5,1463.02,57.56,0.905,174,130,Low
39,147,320,2.07,50.44,12.45,1460.6,57.33,0.905,173,130,Low
39,148,320,2.24,48.14,12.59,1465.29,57.38,0.905,172,130,Low
39,149,320,2.15,49.88,12.7,1467.3,57.19,0.905,171,130,Low
39,150,320,2.56,47.67,12.58,1460.76,57.91,0.905,170,130,Low
39,151,320,2.34,49.77,12.59,1465.38,57.32,0.905,169,130,Low
39,152,320,2.44,47.01,12.57,1459.14,56.47,0.905,168,130,Low
39,153,320,2.36,50.36,13.07,1471.65,57.81,0.905,167,130,Low
39,154,320,2.52,51.17,12.24,1465.77,58.01,0.905,166,130,Low
39,155,320,2.44,50.12,12.99,1455.44,56.23,0.905,165,130,Low
39,156,320,2.56,50.02,13.05,1464.56,57.09,0.905,164,130,Low
39,157,320,2.29,49.61,12.7,1464.22,57.78,0.905,163,130,Low
39,158,320,2.27,50.77,12.77,1464.04,57.77,0.905,162,130,Low
39,159,320,2.36,51.11,13.04,1457.56,59.09,0.905,161,130,Low
39,160,320,2.32,49.01,13.2,1461.29,57.51,0.905,160,130,Low
39,161,320,2.51,50.76,12.48,1449.56,58.16,0.905,159,130,Low
39,162,320,2.7,49.64,12.5,1459.47,58.16,0.905,158,130,Low
39,163,320,2.38,49.85,13.49,1458.06,57.9,0.905,157,130,Low
39,164,320,2.51,49.85,12.79,1454.65,56.85,0.905,156,130,Low
39,165,320,2.64,49.17,12.91,1455.01,58.51,0.905,155,130,Low
39,166,320,2.77,49.83,13.02,1461.17,58.11,0.905,154,130,Low
39,167,320,2.82,49.39,13.34,1461.9,58.6,0.905,153,130,Low
39,168,320,2.37,51.06,13.45,1459.23,57.79,0.905,152,130,Low
39,169,320,2.76,50.33,12.7,1453.59,58.37,0.905,151,130,Low
39,170,320,2.74,50.27,13.03,1455.55,58.88,0.905,150,130,Low
39,171,320,2.7,50.18,13.21,1449.67,57.09,0.905,149,130,Low
39,172,320,2.67,50.62,12.95,1465.28,58.45,0.905,148,130,Low
39,173,320,2.8,50.57,12.97,1453.58,58.44,0.905,147,130,Low
39,174,320,2.55,51.68,13.56,1454.41,57.35,0.905,146,130,Low
39,175,320,2.73,50.25,12.92,1456.22,58.8,0.905,145,130,Low
39,176,320,3.03,51.67,13.15,1457.61,58.99,0.905,144,130,Low
39,177,320,2.74,50.29,13.33,1448.72,57.8,0.905,143,130,Low
39,178,320,2.91,51.12,13.11,1458.52,57.88,0.905,142,130,Low
39,179,320,3.01,50.82,12.95,1451.09,58.84,0.905,141,130,Low
39,180,320,2.99,51.67,13.36,1466.71,58.97,0.905,140,130,Low
39,181,320,2.82,51.26,12.83,1464.46,58.53,0.905,139,130,Low
39,182,320,3.02,52.84,13.27,1448.84,58.82,0.905,138,130,Low
39,183,320,3.12,52.09,13.36,1452.95,58.65,0.905,137,130,Low
39,184,320,2.89,52.4,13.33,1463.4,58.88,0.905,136,130,Low
39,185,320,3.11,50.39,13.21,1460.14,58.46,0.905,135,130,Low
39,186,320,2.8,52.52,12.83,1454.72,58.76,0.905,134,130,Low
39,187,320,2.99,51.85,13.06,1452.03,59.68,0.905,133,130,Low
39,188,320,3.01,51.51,13.3,1441.49,59.79,0.905,132,130,Low
39,189,320,2.82,51.39,13.61,1446.85,59.13,0.905,131,130,Low
39,190,320,3.05,51.83,13.35,1446.38,60.07,0.905,130,130,Low
39,191,320,3.09,53.63,13.47,1452.37,59.17,0.905,129,129,Low
39,192,320,3.23,51.08,13.33,1454.6,59.78,0.905,128,128,Low
39,193,320,3.12,52.47,13.09,1453.6,59.92,0.905,127,127,Low
39,194,320,3.16,53.53,13.37,1454.83,60.08,0.905,126,126,Low
39,195,320,3.27,53.89,13.46,1448.99,60.93,0.905,125,125,Low
39,196,320,3.41,53.72,13.0,1448.15,59.22,0.905,124,124,Low
39,197,320,3.34,53.27,13.44,1443.22,59.47,0.905,123,123,Low
39,198,320,3.22,53.16,13.18,1436.7,60.12,0.905,122,122,Low
39,199,320,3.28,53.9,13.57,1443.09,59.72,0.905,121,121,Low
39,200,320,3.24,53.29,13.42,1443.92,59.97,0.905,120,120,Low
39,201,320,3.53,52.75,13.27,1439.7,59.71,0.905,119,119,Low
39,202,320,3.31,53.24,13.78,1442.17,60.23,0.905,118,118,Low
39,203,320,3.26,53.8,13.07,1452.39,60.31,0.905,117,117,Low
39,204,320,3.65,55.3,13.93,1452.7,60.13,0.905,116,116,Low
39,205,320,3.53,53.14,13.53,1435.3,60.61,0.905,115,115,Low
39,206,320,3.33,53.59,13.68,1450.28,60.8,0.905,114,114,Low
39,207,320,3.43,53.66,13.87,1447.29,60.13,0.905,113,113,Low
39,208,320,3.51,55.35,13.84,1452.52,60.83,0.905,112,112,Low
39,209,320,3.66,55.52,13.8,1443.58,61.67,0.905,111,111,Low
39,210,320,3.65,53.32,14.03,1450.34,60.94,0.905,110,110,Low
39,211,320,3.65,55.41,13.56,1444.11,60.42,0.905,109,109,Low
39,212,320,3.53,53.39,13.9,1444.96,60.5,0.905,108,108,Low
39,213,320,3.51,54.94,13.72,1432.36,60.75,0.905,107,107,Low
39,214,320,3.75,54.02,14.11,1440.52,62.09,0.905,106,106,Low
39,215,320,3.88,56.18,13.99,1451.83,60.89,0.905,105,105,Low
39,216,320,3.65,56.19,13.88,1444.03,60.69,0.905,104,104,Low
39,217,320,3.58,55.31,13.86,1439.94,61.45,0.905,103,103,Low
39,218,320,3.82,54.4,13.62,1443.79,61.26,0.905,102,102,Low
39,219,320,3.92,56.09,14.14,1438.34,61.08,0.905,101,101,Low
39,220,320,3.83,54.46,13.9,1443.7,61.53,0.905,100,100,Low
39,221,320,4.03,56.07,14.24,1436.28,61.29,0.905,99,99,Low
39,222,320,3.64,55.97,14.16,1431.85,61.34,0.905,98,98,Low
39,223,320,3.84,56.26,14.46,1432.23,62.13,0.905,97,97,Low
39,224,320,4.02,56.72,14.12,1430.23,62.31,0.905,96,96,Low
39,225,320,3.93,57.35,14.05,1438.55,61.87,0.905,95,95,Low
39,226,320,3.73,56.46,13.93,1432.48,62.29,0.905,94,94,Low
39,227,320,3.95,57.11,13.44,1435.24,61.58,0.905,93,93,Low
39,228,320,4.21,56.64,14.23,1431.41,62.43,0.905,92,92,Low
39,229,320,4.21,56.85,14.48,1433.92,61.89,0.905,91,91,Low
39,230,320,3.95,56.02,14.33,1437.41,62.9,0.905,90,90,Low
39,231,320,4.07,55.68,14.14,1431.66,62.51,0.905,89,89,Low
39,232,320,4.24,57.63,14.27,1435.79,62.8,0.905,88,88,Low
39,233,320,4.0,56.79,14.26,1430.06,64.06,0.905,87,87,Low
39,234,320,4.27,57.36,14.18,1444.08,62.5,0.905,86,86,Low
39,235,320,4.07,58.24,14.7,1424.62,61.9,0.905,85,85,Low
39,236,320,4.31,58.74,14.37,1433.14,63.04,0.905,84,84,Low
39,237,320,4.17,58.22,14.27,1427.47,64.01,0.905,83,83,Low
39,238,320,4.37,57.34,14.32,1428.67,62.74,0.905,82,82,Low
39,239,320,4.32,58.96,14.14,1423.13,62.87,0.905,81,81,Low
39,240,320,4.48,57.09,14.81,1425.34,64.63,0.905,80,80,Low
39,241,320,4.39,58.42,14.55,1419.59,63.27,0.905,79,79,Low
39,242,320,4.23,60.12,14.3,1422.51,62.48,0.905,78,78,Low
39,243,320,4.63,59.22,14.37,1431.0,62.2,0.905,77,77,Low
39,244,320,4.36,58.87,14.07,1430.79,63.76,0.905,76,76,Low
39,245,320,4.5,58.33,14.42,1426.69,63.44,0.905,75,75,Low
39,246,320,4.58,59.68,14.96,1420.68,63.42,0.905,74,74,Low
39,247,320,4.72,59.36,14.57,1433.18,63.4,0.905,73,73,Low
39,248,320,4.72,59.6,14.69,1423.13,63.27,0.905,72,72,Low
39,249,320,4.61,60.56,14.48,1428.41,63.89,0.905,71,71,Low
39,250,320,4.53,59.02,14.55,1420.95,62.48,0.905,70,70,Low
39,251,320,4.89,59.87,14.88,1411.16,63.66,0.905,69,69,Low
39,252,320,4.73,60.12,14.9,1419.21,63.32,0.905,68,68,Low
39,253,320,4.99,59.05,14.75,1426.55,63.98,0.905,67,67,Low
39,254,320,4.9,60.37,14.28,1410.88,63.42,0.905,66,66,Low
39,255,320,4.94,59.77,14.98,1424.42,64.62,0.905,65,65,Low
39,256,320,4.91,60.64,14.68,1417.2,63.95,0.905,64,64,Low
39,257,320,5.09,60.26,15.04,1417.36,64.6,0.905,63,63,Low
39,258,320,4.95,62.17,14.54,1417.49,64.6,0.905,62,62,Low
39,259,320,4.94,60.85,14.65,1405.58,64.51,0.905,61,61,Low
39,260,320,4.99,61.38,15.27,1408.41,64.79,0.905,60,60,Low
39,261,320,4.92,60.15,14.88,1416.82,64.4,0.905,59,59,Low
39,262,320,4.9,61.43,14.74,1423.11,65.37,0.905,58,58,Low
39,263,320,5.13,62.44,15.29,1420.64,64.43,0.905,57,57,Low
39,264,320,4.93,61.57,14.82,1422.48,64.91,0.905,56,56,Low
39,265,320,5.15,61.88,15.2,1412.75,65.29,0.905,55,55,Low
39,266,320,5.38,62.13,15.26,1411.11,65.47,0.905,54,54,Low
39,267,320,5.02,61.82,15.39,1413.18,65.86,0.905,53,53,Low
39,268,320,5.46,61.11,15.71,1403.05,65.54,0.905,52,52,Low
39,269,320,5.34,64.76,15.18,1403.58,65.93,0.905,51,51,Low
39,270,320,5.3,62.74,14.94,1423.16,65.3,0.905,50,50,Low
39,271,320,5.28,64.16,15.57,1412.81,65.93,0.905,49,49,Low
39,272,320,5.39,63.4,15.27,1398.94,65.65,0.905,48,48,Low
39,273,320,5.44,62.6,15.35,1405.89,66.6,0.905,47,47,Low
39,274,320,5.54,64.23,15.59,1410.26,66.88,0.905,46,46,Low
39,275,320,5.53,63.27,15.13,1397.64,67.16,0.905,45,45,Low
39,276,320,5.49,63.91,15.69,1389.72,66.4,0.905,44,44,Low
39,277,320,5.62,64.05,15.66,1397.13,67.06,0.905,43,43,Low
39,278,320,5.69,64.18,15.48,1406.19,66.53,0.905,42,42,Low
39,279,320,5.66,62.8,15.22,1406.18,66.93,0.905,41,41,Low
39,280,320,5.69,64.55,15.85,1394.05,68.19,0.905,40,40,Medium
39,281,320,5.73,63.25,15.3,1407.86,66.96,0.905,39,39,Medium
39,282,320,5.63,64.61,15.77,1399.92,66.22,0.905,38,38,Medium
39,283,320,5.73,64.56,15.74,1404.67,67.64,0.905,37,37,Medium
39,284,320,5.87,65.27,15.01,1394.93,67.56,0.905,36,36,Medium
39,285,320,5.86,66.07,15.92,1408.9,66.49,0.905,35,35,Medium
39,286,320,6.09,65.55,16.08,1400.47,67.85,0.905,34,34,Medium
39,287,320,6.04,65.39,15.73,1399.21,67.57,0.905,33,33,Medium
39,288,320,6.14,65.56,15.84,1395.6,67.87,0.905,32,32,Medium
39,289,320,5.88,64.82,16.02,1396.49,68.22,0.905,31,31,Medium
39,290,320,6.06,65.72,15.96,1396.9,67.32,0.905,30,30,Medium
39,291,320,6.23,67.28,16.24,1394.79,67.29,0.905,29,29,Medium
39,292,320,6.15,66.8,15.62,1398.49,68.47,0.905,28,28,Medium
39,293,320,6.39,65.54,16.55,1389.3,68.63,0.905,27,27,Medium
39,294,320,6.23,66.15,15.83,1387.91,68.15,0.905,26,26,Medium
39,295,320,6.4,68.02,15.93,1387.77,68.03,0.905,25,25,Medium
39,296,320,6.31,66.56,16.54,1385.97,69.32,0.905,24,24,Medium
39,297,320,6.48,68.16,16.19,1404.47,68.26,0.905,23,23,Medium
39,298,320,6.44,68.31,15.92,1390.94,68.57,0.905,22,22,Medium
39,299,320,6.5,67.83,16.11,1385.67,69.59,0.905,21,21,Medium
39,300,320,6.44,67.02,16.48,1388.67,68.82,0.905,20,20,Medium
39,301,320,6.49,68.88,15.93,1386.74,69.88,0.905,19,19,Medium
39,302,320,6.55,69.65,16.64,1391.42,69.0,0.905,18,18,Medium
39,303,320,6.86,69.54,16.56,1384.48,69.72,0.905,17,17,Medium
39,304,320,6.75,70.93,16.13,1388.4,68.99,0.905,16,16,Medium
39,305,320,6.55,69.28,16.5,1374.05,69.84,0.905,15,15,High
39,306,320,6.61,69.38,16.71,1374.66,69.63,0.905,14,14,High
39,307,320,6.95,69.12,16.24,1381.98,69.29,0.905,13,13,High
39,308,320,6.94,70.51,16.78,1381.49,70.0,0.905,12,12,High
39,309,320,6.64,70.3,16.56,1380.28,69.65,0.905,11,11,High
39,310,320,6.87,70.47,16.47,1376.71,70.68,0.905,10,10,High
39,311,320,7.1,71.23,16.79,1377.08,70.3,0.905,9,9,High
39,312,320,7.09,71.07,16.52,1381.75,69.55,0.905,8,8,High
39,313,320,7.07,69.87,16.6,1377.47,70.05,0.905,7,7,High
39,314,320,7.11,71.41,16.57,1378.16,70.38,0.905,6,6,High
39,315,320,7.13,71.13,16.55,1375.23,70.35,0.905,5,5,High
39,316,320,7.33,73.25,16.7,1373.6,70.97,0.905,4,4,High
39,317,320,7.15,71.94,16.87,1369.5,71.48,0.905,3,3,High
39,318,320,7.57,72.29,16.78,1366.86,72.02,0.905,2,2,High
39,319,320,7.39,71.22,16.95,1381.17,71.39,0.905,1,1,High
39,320,320,7.46,72.03,16.89,1376.98,70.79,0.905,0,0,High
40,1,200,1.53,46.42,11.82,1476.73,55.11,1.092,199,130,Low
40,2,200,1.4,45.56,11.81,1485.38,54.29,1.092,198,130,Low
40,3,200,1.71,45.28,11.99,1477.29,54.86,1.092,197,130,Low
40,4,200,1.71,44.77,12.08,1487.15,54.5,1.092,196,130,Low
40,5,200,1.52,44.87,12.2,1477.77,54.56,1.092,195,130,Low
40,6,200,1.57,44.9,12.11,1476.99,55.01,1.092,194,130,Low
40,7,200,1.34,45.04,11.89,1487.65,55.02,1.092,193,130,Low
40,8,200,1.42,45.78,11.74,1478.85,54.16,1.092,192,130,Low
40,9,200,1.6,44.31,11.7,1481.6,54.27,1.092,191,130,Low
40,10,200,1.55,46.65,12.32,1488.72,56.14,1.092,190,130,Low
40,11,200,1.74,44.51,12.02,1487.5,55.32,1.092,189,130,Low
40,12,200,1.58,44.49,12.05,1481.73,54.95,1.092,188,130,Low
40,13,200,1.55,46.0,12.11,1479.06,56.24,1.092,187,130,Low
40,14,200,1.57,44.46,12.49,1486.71,54.21,1.092,186,130,Low
40,15,200,1.45,46.44,11.67,1478.32,54.67,1.092,185,130,Low
40,16,200,1.58,44.79,12.15,1482.05,55.99,1.092,184,130,Low
40,17,200,1.61,45.38,11.9,1479.04,55.21,1.092,183,130,Low
40,18,200,1.58,44.83,12.03,1480.79,53.6,1.092,182,130,Low
40,19,200,1.62,46.67,11.82,1476.59,52.82,1.092,181,130,Low
40,20,200,1.54,45.02,12.1,1487.16,54.06,1.092,180,130,Low
40,21,200,1.23,45.66,12.41,1483.32,54.92,1.092,179,130,Low
40,22,200,1.7,46.43,12.07,1479.81,55.8,1.092,178,130,Low
40,23,200,1.57,44.57,12.35,1473.03,55.33,1.092,177,130,Low
40,24,200,1.43,45.54,11.9,1492.95,55.18,1.092,176,130,Low
40,25,200,1.78,45.13,11.8,1478.56,55.96,1.092,175,130,Low
40,26,200,1.6,45.6,12.15,1481.44,54.74,1.092,174,130,Low
40,27,200,1.62,44.62,12.09,1478.12,55.95,1.092,173,130,Low
40,28,200,1.52,44.39,12.07,1476.96,55.86,1.092,172,130,Low
40,29,200,1.36,45.76,11.82,1476.96,55.13,1.092,171,130,Low
40,30,200,1.46,46.74,12.29,1479.16,54.66,1.092,170,130,Low
40,31,200,1.46,44.51,12.27,1479.06,54.81,1.092,169,130,Low
40,32,200,1.67,46.35,11.98,1467.39,54.66,1.092,168,130,Low
40,33,200,1.62,44.68,12.05,1482.6,55.4,1.092,167,130,Low
40,34,200,1.68,45.43,11.9,1472.73,55.22,1.092,166,130,Low
40,35,200,1.56,46.55,12.01,1470.65,56.24,1.092,165,130,Low
40,36,200,1.49,45.92,11.98,1478.1,55.93,1.092,164,130,Low
40,37,200,1.55,46.63,12.0,1475.64,54.53,1.092,163,130,Low
40,38,200,1.6,43.85,12.02,1466.84,55.45,1.092,162,130,Low
40,39,200,1.7,47.2,11.91,1486.12,55.76,1.092,161,130,Low
40,40,200,1.77,44.78,11.9,1479.22,55.57,1.092,160,130,Low
40,41,200,1.68,47.83,11.91,1475.34,55.07,1.092,159,130,Low
40,42,200,1.51,45.27,12.31,1472.13,54.42,1.092,158,130,Low
40,43,200,1.58,45.63,12.33,1483.18,55.3,1.092,157,130,Low
40,44,200,1.73,46.46,12.41,1475.45,55.47,1.092,156,130,Low
40,45,200,1.65,45.25,12.05,1474.97,55.54,1.092,155,130,Low
40,46,200,1.82,46.2,12.91,1480.4,56.25,1.092,154,130,Low
40,47,200,1.69,44.82,12.24,1476.05,55.34,1.092,153,130,Low
40,48,200,1.72,45.58,12.06,1480.59,56.19,1.092,152,130,Low
40,49,200,1.57,46.22,12.34,1474.34,55.05,1.092,151,130,Low
40,50,200,1.65,46.47,12.04,1471.52,55.65,1.092,150,130,Low
40,51,200,1.88,46.07,11.8,1476.32,55.86,1.092,149,130,Low
40,52,200,1.68,45.61,12.05,1477.82,55.99,1.092,148,130,Low
40,53,200,1.94,45.72,12.07,1469.28,56.17,1.092,147,130,Low
40,54,200,1.82,47.38,11.94,1478.54,56.04,1.092,146,130,Low
40,55,200,1.69,45.86,12.23,1483.87,56.41,1.092,145,130,Low
40,56,200,1.77,46.75,12.45,1470.03,55.59,1.092,144,130,Low
40,57,200,1.79,47.76,11.98,1472.41,56.07,1.092,143,130,Low
40,58,200,1.85,45.91,11.94,1469.79,56.15,1.092,142,130,Low
40,59,200,1.84,46.83,12.29,1466.7,55.3,1.092,141,130,Low
40,60,200,2.09,46.48,12.32,1486.24,55.68,1.092,140,130,Low
40,61,200,1.83,47.11,12.1,1468.4,56.2,1.092,139,130,Low
40,62,200,1.79,47.4,12.08,1471.63,55.92,1.092,138,130,Low
40,63,200,2.07,47.27,12.19,1482.35,56.39,1.092,137,130,Low
40,64,200,1.8,46.85,12.29,1469.34,56.36,1.092,136,130,Low
40,65,200,2.03,46.72,12.58,1478.07,55.12,1.092,135,130,Low
40,66,200,1.77,45.73,12.39,1460.71,56.48,1.092,134,130,Low
40,67,200,1.93,47.13,12.35,1480.62,55.86,1.092,133,130,Low
40,68,200,2.06,47.67,12.16,1457.89,55.94,1.092,132,130,Low
40,69,200,2.04,46.87,12.34,1460.95,56.92,1.092,131,130,Low
40,70,200,2.08,47.01,12.62,1458.41,56.35,1.092,130,130,Low
40,71,200,1.97,47.13,12.16,1478.25,55.96,1.092,129,129,Low
40,72,200,1.93,47.27,12.05,1471.25,56.64,1.092,128,128,Low
40,73,200,2.24,47.34,12.33,1475.72,56.42,1.092,127,127,Low
40,74,200,2.24,47.31,12.54,1474.81,55.48,1.092,126,126,Low
40,75,200,2.22,47.56,12.85,1459.9,57.1,1.092,125,125,Low
40,76,200,2.09,49.35,13.08,1471.77,57.13,1.092,124,124,Low
40,77,200,2.12,47.94,12.55,1468.58,57.35,1.092,123,123,Low
40,78,200,2.18,48.45,12.38,1480.53,57.06,1.092,122,122,Low
40,79,200,2.32,49.62,12.62,1473.03,56.15,1.092,121,121,Low
40,80,200,2.3,48.47,12.64,1456.38,57.62,1.092,120,120,Low
40,81,200,2.2,48.98,12.78,1465.54,56.81,1.092,119,119,Low
40,82,200,2.28,47.33,12.98,1474.74,57.6,1.092,118,118,Low
40,83,200,2.44,48.31,12.27,1459.96,56.91,1.092,117,117,Low
40,84,200,2.32,48.23,12.77,1450.49,58.15,1.092,116,116,Low
40,85,200,2.53,47.84,12.49,1462.81,58.23,1.092,115,115,Low
40,86,200,2.39,50.68,13.13,1469.96,56.97,1.092,114,114,Low
40,87,200,2.17,48.65,12.77,1458.96,58.87,1.092,113,113,Low
40,88,200,2.28,48.41,12.68,1458.6,57.21,1.092,112,112,Low
40,89,200,2.36,49.27,13.06,1466.69,57.37,1.092,111,111,Low
40,90,200,2.46,48.94,12.94,1465.33,57.65,1.092,110,110,Low
40,91,200,2.49,50.61,12.59,1468.76,58.88,1.092,109,109,Low
40,92,200,2.32,48.38,12.67,1458.36,58.4,1.092,108,108,Low
40,93,200,2.48,49.45,12.77,1462.84,58.69,1.092,107,107,Low
40,94,200,2.47,49.29,12.74,1461.99,57.88,1.092,106,106,Low
40,95,200,2.55,51.69,13.2,1461.81,57.94,1.092,105,105,Low
40,96,200,2.68,49.57,12.96,1464.88,59.47,1.092,104,104,Low
40,97,200,2.67,52.34,12.81,1458.62,57.36,1.092,103,103,Low
40,98,200,2.65,50.62,13.29,1457.35,57.93,1.092,102,102,Low
40,99,200,2.79,50.19,12.92,1466.48,58.66,1.092,101,101,Low
40,100,200,2.67,50.69,13.1,1458.35,58.49,1.092,100,100,Low
40,101,200,2.86,51.63,12.97,1455.75,59.92,1.092,99,99,Low
40,102,200,2.83,51.86,13.16,1459.92,58.72,1.092,98,98,Low
40,103,200,2.67,50.03,13.25,1450.83,59.4,1.092,97,97,Low
40,104,200,2.82,50.35,13.47,1459.89,58.75,1.092,96,96,Low
40,105,200,3.0,53.14,13.24,1451.51,58.41,1.092,95,95,Low
40,106,200,2.98,53.08,13.29,1452.19,59.19,1.092,94,94,Low
40,107,200,3.01,51.06,13.35,1449.96,60.42,1.092,93,93,Low
40,108,200,2.91,51.41,13.27,1447.38,59.27,1.092,92,92,Low
40,109,200,2.84,51.7,13.21,1439.3,59.29,1.092,91,91,Low
40,110,200,3.11,52.19,13.67,1453.72,60.32,1.092,90,90,Low
40,111,200,3.05,52.08,13.62,1448.15,59.52,1.092,89,89,Low
40,112,200,3.17,53.71,13.46,1455.76,60.42,1.092,88,88,Low
40,113,200,3.1,53.62,13.45,1453.0,58.76,1.092,87,87,Low
40,114,200,3.26,52.93,13.34,1439.45,59.13,1.092,86,86,Low
40,115,200,3.24,52.07,13.49,1457.14,59.52,1.092,85,85,Low
40,116,200,3.36,52.43,13.58,1444.34,60.57,1.092,84,84,Low
40,117,200,3.58,54.43,13.63,1435.05,60.8,1.092,83,83,Low
40,118,200,3.48,53.79,13.69,1440.54,59.24,1.092,82,82,Low
40,119,200,3.12,56.96,13.36,1445.57,59.69,1.092,81,81,Low
40,120,200,3.49,54.61,13.75,1445.21,60.38,1.092,80,80,Low
40,121,200,3.43,54.19,13.58,1439.27,60.21,1.092,79,79,Low
40,122,200,3.47,55.93,14.37,1440.25,60.31,1.092,78,78,Low
40,123,200,3.44,55.3,14.17,1445.9,60.3,1.092,77,77,Low
40,124,200,3.78,54.98,14.1,1434.67,61.49,1.092,76,76,Low
40,125,200,3.72,54.59,13.49,1444.37,61.0,1.092,75,75,Low
40,126,200,3.77,55.31,13.86,1441.41,62.75,1.092,74,74,Low
40,127,200,3.83,54.51,13.95,1434.04,60.62,1.092,73,73,Low
40,128,200,3.95,55.81,13.29,1443.7,62.63,1.092,72,72,Low
40,129,200,3.87,56.15,14.06,1439.38,61.3,1.092,71,71,Low
40,130,200,3.76,55.63,14.28,1439.83,62.31,1.092,70,70,Low
40,131,200,3.94,56.8,13.47,1416.96,62.99,1.092,69,69,Low
40,132,200,4.03,56.65,14.25,1442.1,62.17,1.092,68,68,Low
40,133,200,4.21,58.05,14.16,1434.96,61.92,1.092,67,67,Low
40,134,200,3.93,56.73,14.37,1441.37,62.5,1.092,66,66,Low
40,135,200,4.23,57.9,13.96,1427.33,62.48,1.092,65,65,Low
40,136,200,4.12,56.9,13.98,1432.06,61.99,1.092,64,64,Low
40,137,200,4.13,57.15,14.78,1431.77,62.44,1.092,63,63,Low
40,138,200,4.07,58.15,14.56,1430.54,63.91,1.092,62,62,Low
40,139,200,4.42,58.91,14.22,1422.29,62.7,1.092,61,61,Low
40,140,200,4.54,57.7,14.42,1432.33,63.71,1.092,60,60,Low
40,141,200,4.48,59.17,14.59,1426.49,63.3,1.092,59,59,Low
40,142,200,4.64,58.88,14.5,1424.81,63.18,1.092,58,58,Low
40,143,200,4.51,59.02,14.61,1429.61,62.78,1.092,57,57,Low
40,144,200,4.7,59.45,14.58,1422.93,64.3,1.092,56,56,Low
40,145,200,4.78,58.72,14.94,1422.64,63.77,1.092,55,55,Low
40,146,200,4.66,59.52,14.73,1407.97,64.17,1.092,54,54,Low
40,147,200,4.74,60.69,15.05,1415.39,64.79,1.092,53,53,Low
40,148,200,4.95,60.49,15.25,1417.83,63.76,1.092,52,52,Low
40,149,200,4.84,59.84,15.31,1424.17,64.31,1.092,51,51,Low
40,150,200,4.91,60.49,14.99,1421.75,64.67,1.092,50,50,Low
40,151,200,4.93,61.68,14.96,1427.63,63.85,1.092,49,49,Low
40,152,200,5.09,61.57,14.76,1422.38,64.62,1.092,48,48,Low
40,153,200,4.99,62.75,15.09,1418.26,64.86,1.092,47,47,Low
40,154,200,5.34,62.76,14.87,1410.68,65.04,1.092,46,46,Low
40,155,200,5.19,62.68,15.12,1406.52,65.83,1.092,45,45,Low
40,156,200,5.06,64.06,15.27,1420.71,65.27,1.092,44,44,Low
40,157,200,5.21,63.76,15.04,1403.42,65.96,1.092,43,43,Low
40,158,200,5.65,63.68,15.45,1400.06,65.77,1.092,42,42,Low
40,159,200,5.47,62.9,15.29,1397.9,66.42,1.092,41,41,Low
40,160,200,5.56,60.55,15.62,1412.49,66.49,1.092,40,40,Medium
40,161,200,5.68,64.7,15.35,1405.99,67.09,1.092,39,39,Medium
40,162,200,5.69,64.86,15.56,1408.04,66.57,1.092,38,38,Medium
40,163,200,5.72,65.23,15.77,1404.89,65.99,1.092,37,37,Medium
40,164,200,5.93,64.63,15.54,1405.36,67.05,1.092,36,36,Medium
40,165,200,5.79,64.39,15.1,1393.35,66.81,1.092,35,35,Medium
40,166,200,6.06,65.44,16.11,1392.94,67.02,1.092,34,34,Medium
40,167,200,5.85,66.08,16.51,1387.83,67.1,1.092,33,33,Medium
40,168,200,6.13,67.91,15.76,1400.01,67.26,1.092,32,32,Medium
40,169,200,5.95,66.15,15.68,1392.78,67.62,1.092,31,31,Medium
40,170,200,6.2,66.69,16.07,1376.74,67.65,1.092,30,30,Medium
40,171,200,6.19,67.49,16.14,1395.85,68.8,1.092,29,29,Medium
40,172,200,6.31,66.5,15.91,1384.8,67.85,1.092,28,28,Medium
40,173,200,6.55,68.76,16.08,1395.46,68.17,1.092,27,27,Medium
40,174,200,6.3,66.25,16.41,1386.54,67.27,1.092,26,26,Medium
40,175,200,6.68,68.94,15.88,1392.98,69.76,1.092,25,25,Medium
40,176,200,6.79,68.46,16.24,1381.26,68.76,1.092,24,24,Medium
40,177,200,6.93,70.16,16.26,1372.69,70.54,1.092,23,23,Medium
40,178,200,6.82,69.28,16.81,1386.86,69.88,1.092,22,22,Medium
40,179,200,6.87,70.13,16.65,1385.64,71.61,1.092,21,21,Medium
40,180,200,6.92,70.04,16.6,1383.58,70.88,1.092,20,20,Medium
40,181,200,7.11,71.13,16.57,1381.56,70.95,1.092,19,19,Medium
40,182,200,6.99,70.74,16.34,1376.46,70.49,1.092,18,18,Medium
40,183,200,7.2,70.37,16.76,1364.56,71.01,1.092,17,17,Medium
40,184,200,7.29,71.7,16.43,1383.32,70.1,1.092,16,16,Medium
40,185,200,7.19,73.09,17.27,1384.35,71.49,1.092,15,15,High
40,186,200,7.64,72.82,17.39,1375.58,72.06,1.092,14,14,High
40,187,200,7.46,72.71,16.99,1374.88,72.05,1.092,13,13,High
40,188,200,7.77,72.85,16.58,1377.63,71.56,1.092,12,12,High
40,189,200,7.69,72.65,17.12,1373.8,70.92,1.092,11,11,High
40,190,200,7.62,73.8,16.94,1359.72,71.85,1.092,10,10,High
40,191,200,7.67,75.77,17.32,1358.08,73.0,1.092,9,9,High
40,192,200,7.8,74.39,17.63,1358.76,72.33,1.092,8,8,High
40,193,200,8.28,75.19,16.98,1364.27,73.55,1.092,7,7,High
40,194,200,7.88,74.85,17.57,1359.29,73.47,1.092,6,6,High
40,195,200,8.2,74.37,17.75,1347.8,74.33,1.092,5,5,High
40,196,200,8.25,75.95,17.99,1354.99,74.58,1.092,4,4,High
40,197,200,8.34,75.93,17.77,1344.98,74.99,1.092,3,3,High
40,198,200,8.23,76.78,17.7,1355.33,74.08,1.092,2,2,High
40,199,200,8.66,77.33,17.98,1347.13,74.6,1.092,1,1,High
40,200,200,8.62,76.9,18.27,1347.26,73.8,1.092,0,0,High
